--
-- PostgreSQL database dump
--

-- Dumped from database version 16.4
-- Dumped by pg_dump version 16.4

SET statement_timeout = 0;
SET lock_timeout = 0;
SET idle_in_transaction_session_timeout = 0;
SET client_encoding = 'UTF8';
SET standard_conforming_strings = on;
SELECT pg_catalog.set_config('search_path', '', false);
SET check_function_bodies = false;
SET xmloption = content;
SET client_min_messages = warning;
SET row_security = off;

SET default_tablespace = '';

SET default_table_access_method = heap;

--
-- Name: Chat_account; Type: TABLE; Schema: public; Owner: kenji
--

CREATE TABLE public."Chat_account" (
    id character varying NOT NULL,
    password character varying(128) NOT NULL,
    last_login timestamp with time zone,
    is_superuser boolean NOT NULL,
    email character varying(40) NOT NULL,
    name character varying(30) NOT NULL,
    is_active boolean NOT NULL,
    is_staff boolean NOT NULL,
    "ProfilePic" character varying(100) NOT NULL,
    about character varying(80),
    "ProfileAbout" jsonb,
    "ProfilePhotos" jsonb,
    "ProfileRepository" jsonb,
    "ProfileVideos" jsonb,
    "ProfileCoverPhoto" character varying(100) NOT NULL
);


ALTER TABLE public."Chat_account" OWNER TO kenji;

--
-- Name: Chat_account_groups; Type: TABLE; Schema: public; Owner: kenji
--

CREATE TABLE public."Chat_account_groups" (
    id bigint NOT NULL,
    account_id character varying NOT NULL,
    group_id integer NOT NULL
);


ALTER TABLE public."Chat_account_groups" OWNER TO kenji;

--
-- Name: Chat_account_groups_id_seq; Type: SEQUENCE; Schema: public; Owner: kenji
--

ALTER TABLE public."Chat_account_groups" ALTER COLUMN id ADD GENERATED BY DEFAULT AS IDENTITY (
    SEQUENCE NAME public."Chat_account_groups_id_seq"
    START WITH 1
    INCREMENT BY 1
    NO MINVALUE
    NO MAXVALUE
    CACHE 1
);


--
-- Name: Chat_account_user_permissions; Type: TABLE; Schema: public; Owner: kenji
--

CREATE TABLE public."Chat_account_user_permissions" (
    id bigint NOT NULL,
    account_id character varying NOT NULL,
    permission_id integer NOT NULL
);


ALTER TABLE public."Chat_account_user_permissions" OWNER TO kenji;

--
-- Name: Chat_account_user_permissions_id_seq; Type: SEQUENCE; Schema: public; Owner: kenji
--

ALTER TABLE public."Chat_account_user_permissions" ALTER COLUMN id ADD GENERATED BY DEFAULT AS IDENTITY (
    SEQUENCE NAME public."Chat_account_user_permissions_id_seq"
    START WITH 1
    INCREMENT BY 1
    NO MINVALUE
    NO MAXVALUE
    CACHE 1
);


--
-- Name: Chat_accountfollowers; Type: TABLE; Schema: public; Owner: kenji
--

CREATE TABLE public."Chat_accountfollowers" (
    id character varying NOT NULL,
    "followedAt" character varying(30),
    is_mutual boolean NOT NULL,
    followed_id_id character varying NOT NULL,
    follower_id_id character varying NOT NULL
);


ALTER TABLE public."Chat_accountfollowers" OWNER TO kenji;

--
-- Name: Chat_aipagecarousels; Type: TABLE; Schema: public; Owner: kenji
--

CREATE TABLE public."Chat_aipagecarousels" (
    id character varying NOT NULL,
    title character varying(100) NOT NULL,
    info character varying(1024) NOT NULL,
    img character varying(100) NOT NULL
);


ALTER TABLE public."Chat_aipagecarousels" OWNER TO kenji;

--
-- Name: Chat_blacklistabletoken; Type: TABLE; Schema: public; Owner: kenji
--

CREATE TABLE public."Chat_blacklistabletoken" (
    key character varying(40) NOT NULL,
    created timestamp with time zone NOT NULL,
    user_id character varying NOT NULL
);


ALTER TABLE public."Chat_blacklistabletoken" OWNER TO kenji;

--
-- Name: Chat_communitychat; Type: TABLE; Schema: public; Owner: kenji
--

CREATE TABLE public."Chat_communitychat" (
    "DateCreated" character varying,
    id character varying NOT NULL,
    group_name character varying(5000) NOT NULL,
    title character varying(50),
    description character varying(100),
    "ProfilePic" character varying(100) NOT NULL,
    about character varying(100),
    "ChatLogs" jsonb,
    "Creator" character varying(254),
    account_email_id character varying(40)
);


ALTER TABLE public."Chat_communitychat" OWNER TO kenji;

--
-- Name: Chat_filetable; Type: TABLE; Schema: public; Owner: kenji
--

CREATE TABLE public."Chat_filetable" (
    id character varying NOT NULL,
    name character varying(100),
    "dateCreated" character varying(60),
    size character varying(60),
    "fileUrl" text,
    account_email_id character varying(40) NOT NULL,
    folder_id_id character varying NOT NULL,
    type text
);


ALTER TABLE public."Chat_filetable" OWNER TO kenji;

--
-- Name: Chat_foldertable; Type: TABLE; Schema: public; Owner: kenji
--

CREATE TABLE public."Chat_foldertable" (
    id character varying NOT NULL,
    title character varying(100),
    "dateCreated" character varying(60),
    account_email_id character varying(40) NOT NULL
);


ALTER TABLE public."Chat_foldertable" OWNER TO kenji;

--
-- Name: Chat_groupchat; Type: TABLE; Schema: public; Owner: kenji
--

CREATE TABLE public."Chat_groupchat" (
    "DateCreated" character varying,
    id character varying NOT NULL,
    group_name character varying(5000) NOT NULL,
    title character varying(50),
    description character varying(100),
    "ProfilePic" character varying(100) NOT NULL,
    about character varying(100),
    "ChatLogs" jsonb,
    "Creator" character varying(254),
    account_email_id character varying(40)
);


ALTER TABLE public."Chat_groupchat" OWNER TO kenji;

--
-- Name: Chat_groupchatuserslist; Type: TABLE; Schema: public; Owner: kenji
--

CREATE TABLE public."Chat_groupchatuserslist" (
    id character varying NOT NULL,
    name character varying(30) NOT NULL,
    email character varying(40) NOT NULL,
    group_ref_id character varying(5000)
);


ALTER TABLE public."Chat_groupchatuserslist" OWNER TO kenji;

--
-- Name: Chat_notepad; Type: TABLE; Schema: public; Owner: kenji
--

CREATE TABLE public."Chat_notepad" (
    id character varying NOT NULL,
    email character varying(50),
    "DateCreated" character varying,
    "LastText" text,
    "NoteLog" jsonb,
    title text,
    account_email_id character varying(40)
);


ALTER TABLE public."Chat_notepad" OWNER TO kenji;

--
-- Name: Chat_onlinestatus; Type: TABLE; Schema: public; Owner: kenji
--

CREATE TABLE public."Chat_onlinestatus" (
    id bigint NOT NULL,
    online jsonb,
    "lastSeen" jsonb
);


ALTER TABLE public."Chat_onlinestatus" OWNER TO kenji;

--
-- Name: Chat_onlinestatus_id_seq; Type: SEQUENCE; Schema: public; Owner: kenji
--

ALTER TABLE public."Chat_onlinestatus" ALTER COLUMN id ADD GENERATED BY DEFAULT AS IDENTITY (
    SEQUENCE NAME public."Chat_onlinestatus_id_seq"
    START WITH 1
    INCREMENT BY 1
    NO MINVALUE
    NO MAXVALUE
    CACHE 1
);


--
-- Name: Chat_personalchats; Type: TABLE; Schema: public; Owner: kenji
--

CREATE TABLE public."Chat_personalchats" (
    "DateCreated" character varying,
    id character varying NOT NULL,
    group_name character varying(50) NOT NULL,
    "ChatLog" jsonb,
    "Details" jsonb,
    "RecieverId" character varying(50),
    "SenderId" character varying(50),
    email character varying(40),
    name character varying(30),
    "encryptionKey" character varying(5000) NOT NULL
);


ALTER TABLE public."Chat_personalchats" OWNER TO kenji;

--
-- Name: Chat_post; Type: TABLE; Schema: public; Owner: kenji
--

CREATE TABLE public."Chat_post" (
    id character varying NOT NULL,
    title character varying(100),
    content text,
    "datePosted" character varying(30) NOT NULL,
    "totalShares" text,
    "postUserDetails" jsonb,
    "postPrivacy" character varying(30),
    likes jsonb,
    account_email_id character varying(40) NOT NULL
);


ALTER TABLE public."Chat_post" OWNER TO kenji;

--
-- Name: Chat_postcomment; Type: TABLE; Schema: public; Owner: kenji
--

CREATE TABLE public."Chat_postcomment" (
    id character varying NOT NULL,
    message text,
    "CommentUserDetails" jsonb,
    "dateCommented" character varying(30),
    "replyCommentDetails" jsonb,
    account_email_id character varying(40) NOT NULL,
    post_id_id character varying NOT NULL
);


ALTER TABLE public."Chat_postcomment" OWNER TO kenji;

--
-- Name: Chat_requesttable; Type: TABLE; Schema: public; Owner: kenji
--

CREATE TABLE public."Chat_requesttable" (
    id character varying NOT NULL,
    "UserId" character varying NOT NULL,
    "RoomName" character varying NOT NULL,
    "UserDetails" jsonb NOT NULL,
    status character varying NOT NULL,
    "Creator" character varying(254) NOT NULL,
    groupname character varying,
    account_email_id character varying(40),
    "dateRequested" character varying(30)
);


ALTER TABLE public."Chat_requesttable" OWNER TO kenji;

--
-- Name: Chat_savedpost; Type: TABLE; Schema: public; Owner: kenji
--

CREATE TABLE public."Chat_savedpost" (
    id character varying NOT NULL,
    account_email_id character varying(40) NOT NULL,
    post_id character varying NOT NULL
);


ALTER TABLE public."Chat_savedpost" OWNER TO kenji;

--
-- Name: auth_group; Type: TABLE; Schema: public; Owner: kenji
--

CREATE TABLE public.auth_group (
    id integer NOT NULL,
    name character varying(150) NOT NULL
);


ALTER TABLE public.auth_group OWNER TO kenji;

--
-- Name: auth_group_id_seq; Type: SEQUENCE; Schema: public; Owner: kenji
--

ALTER TABLE public.auth_group ALTER COLUMN id ADD GENERATED BY DEFAULT AS IDENTITY (
    SEQUENCE NAME public.auth_group_id_seq
    START WITH 1
    INCREMENT BY 1
    NO MINVALUE
    NO MAXVALUE
    CACHE 1
);


--
-- Name: auth_group_permissions; Type: TABLE; Schema: public; Owner: kenji
--

CREATE TABLE public.auth_group_permissions (
    id bigint NOT NULL,
    group_id integer NOT NULL,
    permission_id integer NOT NULL
);


ALTER TABLE public.auth_group_permissions OWNER TO kenji;

--
-- Name: auth_group_permissions_id_seq; Type: SEQUENCE; Schema: public; Owner: kenji
--

ALTER TABLE public.auth_group_permissions ALTER COLUMN id ADD GENERATED BY DEFAULT AS IDENTITY (
    SEQUENCE NAME public.auth_group_permissions_id_seq
    START WITH 1
    INCREMENT BY 1
    NO MINVALUE
    NO MAXVALUE
    CACHE 1
);


--
-- Name: auth_permission; Type: TABLE; Schema: public; Owner: kenji
--

CREATE TABLE public.auth_permission (
    id integer NOT NULL,
    name character varying(255) NOT NULL,
    content_type_id integer NOT NULL,
    codename character varying(100) NOT NULL
);


ALTER TABLE public.auth_permission OWNER TO kenji;

--
-- Name: auth_permission_id_seq; Type: SEQUENCE; Schema: public; Owner: kenji
--

ALTER TABLE public.auth_permission ALTER COLUMN id ADD GENERATED BY DEFAULT AS IDENTITY (
    SEQUENCE NAME public.auth_permission_id_seq
    START WITH 1
    INCREMENT BY 1
    NO MINVALUE
    NO MAXVALUE
    CACHE 1
);


--
-- Name: django_admin_log; Type: TABLE; Schema: public; Owner: kenji
--

CREATE TABLE public.django_admin_log (
    id integer NOT NULL,
    action_time timestamp with time zone NOT NULL,
    object_id text,
    object_repr character varying(200) NOT NULL,
    action_flag smallint NOT NULL,
    change_message text NOT NULL,
    content_type_id integer,
    user_id character varying NOT NULL,
    CONSTRAINT django_admin_log_action_flag_check CHECK ((action_flag >= 0))
);


ALTER TABLE public.django_admin_log OWNER TO kenji;

--
-- Name: django_admin_log_id_seq; Type: SEQUENCE; Schema: public; Owner: kenji
--

ALTER TABLE public.django_admin_log ALTER COLUMN id ADD GENERATED BY DEFAULT AS IDENTITY (
    SEQUENCE NAME public.django_admin_log_id_seq
    START WITH 1
    INCREMENT BY 1
    NO MINVALUE
    NO MAXVALUE
    CACHE 1
);


--
-- Name: django_content_type; Type: TABLE; Schema: public; Owner: kenji
--

CREATE TABLE public.django_content_type (
    id integer NOT NULL,
    app_label character varying(100) NOT NULL,
    model character varying(100) NOT NULL
);


ALTER TABLE public.django_content_type OWNER TO kenji;

--
-- Name: django_content_type_id_seq; Type: SEQUENCE; Schema: public; Owner: kenji
--

ALTER TABLE public.django_content_type ALTER COLUMN id ADD GENERATED BY DEFAULT AS IDENTITY (
    SEQUENCE NAME public.django_content_type_id_seq
    START WITH 1
    INCREMENT BY 1
    NO MINVALUE
    NO MAXVALUE
    CACHE 1
);


--
-- Name: django_migrations; Type: TABLE; Schema: public; Owner: kenji
--

CREATE TABLE public.django_migrations (
    id bigint NOT NULL,
    app character varying(255) NOT NULL,
    name character varying(255) NOT NULL,
    applied timestamp with time zone NOT NULL
);


ALTER TABLE public.django_migrations OWNER TO kenji;

--
-- Name: django_migrations_id_seq; Type: SEQUENCE; Schema: public; Owner: kenji
--

ALTER TABLE public.django_migrations ALTER COLUMN id ADD GENERATED BY DEFAULT AS IDENTITY (
    SEQUENCE NAME public.django_migrations_id_seq
    START WITH 1
    INCREMENT BY 1
    NO MINVALUE
    NO MAXVALUE
    CACHE 1
);


--
-- Name: django_session; Type: TABLE; Schema: public; Owner: kenji
--

CREATE TABLE public.django_session (
    session_key character varying(40) NOT NULL,
    session_data text NOT NULL,
    expire_date timestamp with time zone NOT NULL
);


ALTER TABLE public.django_session OWNER TO kenji;

--
-- Name: token_blacklist_blacklistedtoken; Type: TABLE; Schema: public; Owner: kenji
--

CREATE TABLE public.token_blacklist_blacklistedtoken (
    id bigint NOT NULL,
    blacklisted_at timestamp with time zone NOT NULL,
    token_id bigint NOT NULL
);


ALTER TABLE public.token_blacklist_blacklistedtoken OWNER TO kenji;

--
-- Name: token_blacklist_blacklistedtoken_id_seq; Type: SEQUENCE; Schema: public; Owner: kenji
--

ALTER TABLE public.token_blacklist_blacklistedtoken ALTER COLUMN id ADD GENERATED BY DEFAULT AS IDENTITY (
    SEQUENCE NAME public.token_blacklist_blacklistedtoken_id_seq
    START WITH 1
    INCREMENT BY 1
    NO MINVALUE
    NO MAXVALUE
    CACHE 1
);


--
-- Name: token_blacklist_outstandingtoken; Type: TABLE; Schema: public; Owner: kenji
--

CREATE TABLE public.token_blacklist_outstandingtoken (
    id bigint NOT NULL,
    token text NOT NULL,
    created_at timestamp with time zone,
    expires_at timestamp with time zone NOT NULL,
    user_id character varying,
    jti character varying(255) NOT NULL
);


ALTER TABLE public.token_blacklist_outstandingtoken OWNER TO kenji;

--
-- Name: token_blacklist_outstandingtoken_id_seq; Type: SEQUENCE; Schema: public; Owner: kenji
--

ALTER TABLE public.token_blacklist_outstandingtoken ALTER COLUMN id ADD GENERATED BY DEFAULT AS IDENTITY (
    SEQUENCE NAME public.token_blacklist_outstandingtoken_id_seq
    START WITH 1
    INCREMENT BY 1
    NO MINVALUE
    NO MAXVALUE
    CACHE 1
);


--
-- Data for Name: Chat_account; Type: TABLE DATA; Schema: public; Owner: kenji
--

COPY public."Chat_account" (id, password, last_login, is_superuser, email, name, is_active, is_staff, "ProfilePic", about, "ProfileAbout", "ProfilePhotos", "ProfileRepository", "ProfileVideos", "ProfileCoverPhoto") FROM stdin;
2	argon2$argon2id$v=19$m=102400,t=2,p=8$VUtKOU9OR1NKU1FSM1JZRTBHQlNVVA$WOP3YHDDN65FbyeHOiWV885AwaDs3egQh2Zt4ktP7Us	\N	f	briannjuguna694@gmail.com	BRIAN	t	f	images/fallback.jpeg	\N	\N	\N	\N	\N	images/fallback.jpeg
4	argon2$argon2id$v=19$m=102400,t=2,p=8$UVBoVWRzR3JwcjdhdWE3dGdEb0RiSQ$JlJ1giegAzWLF76caz0QSMDyCh3En5RB5hM1ZQrjHhQ	\N	f	mack@gmail.com	mack	t	f	images/fallback.jpeg	\N	\N	\N	\N	\N	images/fallback.jpeg
3	argon2$argon2id$v=19$m=102400,t=2,p=8$SkUzMGhJM1NPVXhyTGJiZDVIdzRUWg$7cJRIJqKDnOmSB5pqaJSavjPxPen4RgT2IEF+f5oMhs	\N	f	mathewkwachira@gmail.com	Mathew	t	f	images/fallback.jpeg	code is the poet	\N	\N	\N	\N	images/fallback.jpeg
14	argon2$argon2id$v=19$m=102400,t=2,p=8$MDUxbVVTaE52ZE00SGphUWt5dWE4Vg$w8FqV1zkOx+/HUHTpipCyOOauRoOGIzb0Z7hCQcZfms	\N	f	kariuki12nicholas@gmail.com	Nicholas	f	f	images/fallback.jpeg	\N	\N	\N	\N	\N	images/fallback.jpeg
18	argon2$argon2id$v=19$m=102400,t=2,p=8$S0p5OHBEQzJXYnp6Y0w1eDF4RkN5dg$rjFpAjdEosOJ3b35eYl8dbTAofXOx45NwplKLdtaRHg	\N	f	johnjones@gmail.coms	john	t	f	images/fallback.jpeg	\N	\N	\N	\N	\N	images/fallback.jpeg
21	argon2$argon2id$v=19$m=102400,t=2,p=8$ZVVjZXN0aWtRZ1RYeDd3UldkaVpveQ$ywdrbkBESxBeSWfcjdKHu2IyBB9TYFuavdzaP8tC1Lk	\N	f	sc20130312023@student.mut.ac.ke	Nicholas	f	f	/images/fallback.jpeg	\N	\N	\N	\N	\N	/images/fallback.jpeg
d5802e33-d46d-4bbb-bccb-32fe4f1446bc	argon2$argon2id$v=19$m=102400,t=2,p=8$YUZiblZwVDhQVWdCbDVOWDc1UU11aA$ZORCSTeVOc0HgFrNXe3uo7H+anmO4yyq81IPuRuNqbo	\N	f	gestuser@gmail.com	Gest	t	f	/images/fallback.jpeg	\N	\N	\N	\N	\N	/images/fallback.jpeg
c4097c21-9039-425d-9345-ad538915f232	argon2$argon2id$v=19$m=102400,t=2,p=8$RDdxUmhJNVRKTFRKTlJoSjBISjYwTg$CAGBy1om2vHdPbW8bKGK8oYZOGe5DK0G2/vcjKOwoTc	\N	f	jack@gmail.com	jack	t	f	/images/fallback.jpeg	\N	\N	\N	\N	\N	/images/fallback.jpeg
7ca07d1b-d802-4675-af6a-e291b94e2ce0	argon2$argon2id$v=19$m=102400,t=2,p=8$SG80bmNZQndOQWF1cVlWNlVzRklLbQ$g1TT7QbuZ8i4WrjKl+lsaq1giILlAPB8HRayj7OA/NA	\N	f	joejones@gmail.com	john	t	f	/images/fallback.jpeg	\N	\N	\N	\N	\N	/images/fallback.jpeg
1	argon2$argon2id$v=19$m=102400,t=2,p=8$R09WaUswcUQzY2syV1gyM0d0RmVlSQ$9rD5R2LGxEkehso/7bhNo9HLpBxSxMmSRRV8QcKTSEE	2024-12-09 20:51:40.113494+03	t	kenjicladia@gmail.com	kenji	t	t	/kenjicladia@gmail.com/kenjipexels-divinetechygirl-1181675 (1).jpg	am akenji it is mea...	{"Contact": {"email": "kenjicladia@gmail.com", "scope": "Contact", "number": "070000000000000", "countryCode": "+252", "messeger-id": "3443dsf", "socialLink-0": "www.com", "socialLink-1": "", "socialLink-2": "", "socialLink-3": "", "socialLink-4": ""}, "Overview": {"scope": "Overview", "gender": "Male", "pronoun": "she/her", "language": "Kiswahili", "location": "Rather not Say"}}	\N	\N	\N	/kenjicladia@gmail.com/Kenjim3.jpg
17	argon2$argon2id$v=19$m=102400,t=2,p=8$N2d2WXAwQm5OczhVb2gwYnRNU0xQVg$xjSstftdi/TESUdor2iuo2TY3AzKDv0znsBDTc+mt6I	\N	f	ann@gmail.com	Ann	t	f	/ann@gmail.com/Annpexels-pixabay-276259.jpg	\N	{"Contact": {"email": "ann@gmail.com", "scope": "Contact", "number": "0711111111111", "countryCode": "", "messeger-id": "3443dsf", "socialLink-0": "www.com", "socialLink-1": "ann.website@gmail.com", "socialLink-2": "", "socialLink-3": "", "socialLink-4": ""}, "Overview": {"scope": "Overview", "gender": "Male", "pronoun": "she/her", "language": "kiswahili", "location": "Mombasa"}}	\N	\N	\N	/ann@gmail.com/Annpexels-fotios-photos-1036372.jpg
\.


--
-- Data for Name: Chat_account_groups; Type: TABLE DATA; Schema: public; Owner: kenji
--

COPY public."Chat_account_groups" (id, account_id, group_id) FROM stdin;
\.


--
-- Data for Name: Chat_account_user_permissions; Type: TABLE DATA; Schema: public; Owner: kenji
--

COPY public."Chat_account_user_permissions" (id, account_id, permission_id) FROM stdin;
1	1	41
2	1	42
3	1	43
4	1	44
5	1	49
6	1	50
7	1	51
8	1	52
9	1	45
10	1	46
11	1	47
12	1	48
13	1	9
14	1	10
15	1	11
16	1	12
17	1	13
18	1	14
19	1	15
20	1	16
21	1	17
22	1	18
23	1	19
24	1	20
25	1	1
26	1	2
27	1	3
28	1	4
29	1	29
30	1	30
31	1	31
32	1	32
33	1	25
34	1	26
35	1	27
36	1	28
37	1	5
38	1	6
39	1	7
40	1	8
41	1	21
42	1	22
43	1	23
44	1	24
45	1	53
46	1	54
47	1	55
48	1	56
49	1	57
50	1	58
51	1	59
52	1	60
53	1	33
54	1	34
55	1	35
56	1	36
57	1	37
58	1	38
59	1	39
60	1	40
\.


--
-- Data for Name: Chat_accountfollowers; Type: TABLE DATA; Schema: public; Owner: kenji
--

COPY public."Chat_accountfollowers" (id, "followedAt", is_mutual, followed_id_id, follower_id_id) FROM stdin;
39	2024-11-23T20:52:59	f	1	17
40	2024-11-23T20:55:55	f	1	4
41	2024-11-23T20:56:18	f	1	2
42	2024-11-23T21:13:50	f	2	1
\.


--
-- Data for Name: Chat_aipagecarousels; Type: TABLE DATA; Schema: public; Owner: kenji
--

COPY public."Chat_aipagecarousels" (id, title, info, img) FROM stdin;
1	CV Generator	What are some key things and foods I should focus on to build muscle effectively?	/AI.webp
2	Closing Deals	How to regulary close deals and improve mental health and reduce stress?	/AI.webp
3	Hydration and Performance	How does staying hydrated impact my workout performance and recovery?	ai/carousels/4_oU2b6Sr.jpg
\.


--
-- Data for Name: Chat_blacklistabletoken; Type: TABLE DATA; Schema: public; Owner: kenji
--

COPY public."Chat_blacklistabletoken" (key, created, user_id) FROM stdin;
\.


--
-- Data for Name: Chat_communitychat; Type: TABLE DATA; Schema: public; Owner: kenji
--

COPY public."Chat_communitychat" ("DateCreated", id, group_name, title, description, "ProfilePic", about, "ChatLogs", "Creator", account_email_id) FROM stdin;
2024-11-13	31	69404798-bce4-4b	community 21	it is what is it	fallback.jpeg	\N	\N	kenjicladia@gmail.com	kenjicladia@gmail.com
2024-11-12	9	857b7e27-6b25-47	Muranga	asd assa	/kenjicladia@gmail.comCommunity9/hm1 (1).jpg	am the about  2	\N	kenjicladia@gmail.com	kenjicladia@gmail.com
2024-11-13	10	0729a56e-625b-4f	community 1	it is what is it Community 2	fallback.jpeg	am the about  2	\N	kenjicladia@gmail.com	kenjicladia@gmail.com
2024-11-13	11	a4cc970a-7fec-45	community 2	am Nick	fallback.jpeg	am the about  2	\N	kenjicladia@gmail.com	kenjicladia@gmail.com
2024-11-13	12	d0095447-8375-46	community 3	it is what is it Community 2	fallback.jpeg	am the about  2	\N	kenjicladia@gmail.com	kenjicladia@gmail.com
2024-11-13	13	1d508a54-62b5-47	community 4	it is what is it Community 2	fallback.jpeg	am the about  2	\N	kenjicladia@gmail.com	kenjicladia@gmail.com
2024-11-13	14	083cf26a-5014-44	community 4	it is what is it Community 2	fallback.jpeg	\N	\N	kenjicladia@gmail.com	kenjicladia@gmail.com
2024-11-13	15	e5f6c3f5-856d-42	community 5	it is what is it Community 2	fallback.jpeg	\N	\N	kenjicladia@gmail.com	kenjicladia@gmail.com
2024-11-13	16	f02667e7-19b9-4c	community 6	it is what is it Community 2	fallback.jpeg	\N	\N	kenjicladia@gmail.com	kenjicladia@gmail.com
2024-11-13	17	b7f3992f-d999-4a	community 7	it is what is it Community 2	fallback.jpeg	\N	\N	kenjicladia@gmail.com	kenjicladia@gmail.com
2024-11-13	18	9b2be406-9fba-45	community 8	it is what is it Community 2	fallback.jpeg	\N	\N	kenjicladia@gmail.com	kenjicladia@gmail.com
2024-11-13	19	717da3d6-e04e-44	community 9	it is what is it	fallback.jpeg	\N	\N	kenjicladia@gmail.com	kenjicladia@gmail.com
2024-11-13	20	c1b2e61d-d147-4f	community 10	it is what is it Community 2	fallback.jpeg	growth	\N	kenjicladia@gmail.com	kenjicladia@gmail.com
2024-11-13	21	29a26f23-aa23-4f	community 11	it is what is it Community 2	fallback.jpeg	\N	\N	kenjicladia@gmail.com	kenjicladia@gmail.com
2024-11-13	22	b759e929-b925-42	community 12	it is what is it Community 2	fallback.jpeg	\N	\N	kenjicladia@gmail.com	kenjicladia@gmail.com
2024-11-13	23	c13f3910-9748-49	community 13	it is what is it Community 2	fallback.jpeg	\N	\N	kenjicladia@gmail.com	kenjicladia@gmail.com
2024-11-13	24	b3233512-161e-40	community 14	it is what is it Community 2	fallback.jpeg	\N	\N	kenjicladia@gmail.com	kenjicladia@gmail.com
2024-11-13	25	e1058529-54cf-43	community 15	it is what is it Community 2	fallback.jpeg	\N	\N	kenjicladia@gmail.com	kenjicladia@gmail.com
2024-11-13	26	c2f77c53-64ca-47	community 16	it is what is it Community 2	fallback.jpeg	\N	\N	kenjicladia@gmail.com	kenjicladia@gmail.com
2024-11-13	27	992b0c8e-9a58-40	community 17	it is what is it	fallback.jpeg	\N	\N	kenjicladia@gmail.com	kenjicladia@gmail.com
2024-11-13	28	7ea8f7de-47ad-48	community 18	it is what is it	fallback.jpeg	\N	\N	kenjicladia@gmail.com	kenjicladia@gmail.com
2024-11-13	29	63f382ea-60ce-47	community 19	it is what is it	fallback.jpeg	\N	\N	kenjicladia@gmail.com	kenjicladia@gmail.com
2024-11-13	30	70ef29a4-1e10-41	community 20	it is what is it	fallback.jpeg	\N	[{"id": 0, "src": "null", "name": "kenji", "text": "RequestSavedPost", "time": "2024-11-15T16:20:50", "email": "kenjicladia@gmail.com", "Status": "send", "action": "", "upload": "", "DelList": [0], "ReplyChat": "", "ReplyChatName": ""}, {"id": 2, "src": "", "name": "kenji", "text": "😄😄", "time": "2024-12-05T20:49:33", "email": "kenjicladia@gmail.com", "Status": "send", "action": "", "upload": "", "DelList": [0], "ReplyChat": "", "ReplyChatName": ""}]	kenjicladia@gmail.com	kenjicladia@gmail.com
2024-11-06	4	1	gamers	it is what is it Community 2	images/artwork.png	am the about  2	[{"id": 0, "src": "null", "name": "null", "text": "sdfs", "time": "2024-11-07T13:36:27", "email": "gestuser@gmail.com", "Status": "send", "action": "", "upload": "", "DelList": [0], "ReplyChat": "", "ReplyChatName": ""}, {"id": 2, "src": "/gestuser@gmail.com/chats/null", "name": "null", "text": "sdf", "time": "2024-11-07T13:38:04", "email": "gestuser@gmail.com", "Status": "send", "action": "", "upload": "", "DelList": [0], "ReplyChat": "", "ReplyChatName": ""}, {"id": 3, "src": "/gestuser@gmail.com/chats/null", "name": "null", "text": "sdf", "time": "2024-11-07T13:38:53", "email": "gestuser@gmail.com", "Status": "send", "action": "", "upload": "", "DelList": [0], "ReplyChat": "", "ReplyChatName": ""}, {"id": 4, "src": "/kenjicladia@gmail.comCommunity4/null", "name": "kenji", "text": "sdf", "time": "2024-11-09T20:50:08", "email": "kenjicladia@gmail.com", "Status": "send", "action": "", "upload": "", "DelList": [0], "ReplyChat": "null", "ReplyChatName": "null"}, {"id": 5, "src": "/kenjicladia@gmail.comCommunity4/ai-generated-8785464_640 (1).jpg", "name": "kenji", "text": "hi", "time": "2024-11-09T20:50:35", "email": "kenjicladia@gmail.com", "Status": "send", "action": "", "upload": "image", "DelList": [0], "ReplyChat": "", "ReplyChatName": ""}, {"id": 6, "src": "", "name": "kenji", "text": "ef", "time": "2024-11-10T16:34:14", "email": "kenjicladia@gmail.com", "Status": "send", "action": "", "upload": "", "DelList": [0], "ReplyChat": "", "ReplyChatName": ""}, {"id": 7, "src": "", "name": "kenji", "text": "sdf", "time": "2024-11-27T17:21:07", "email": "kenjicladia@gmail.com", "Status": "send", "action": "", "upload": "", "DelList": [0], "ReplyChat": "null", "ReplyChatName": "null"}, {"id": 8, "src": "", "name": "kenji", "text": "sdf", "time": "2024-12-09T16:15:36", "email": "kenjicladia@gmail.com", "Status": "send", "action": "", "upload": "", "DelList": [0], "ReplyChat": "", "ReplyChatName": ""}, {"id": 9, "src": "", "name": "kenji", "text": "asdf", "time": "2024-12-09T16:16:27", "email": "kenjicladia@gmail.com", "Status": "send", "action": "", "upload": "", "DelList": [0], "ReplyChat": "", "ReplyChatName": ""}]	\N	\N
2024-11-13	32	2689bc9b-4f21-48	community 22	it is what is it Community 2	fallback.jpeg	\N	[{"id": 0, "src": "null", "name": "mack", "text": "hey", "time": "2024-11-28T14:54:02", "email": "mack@gmail.com", "Status": "send", "action": "", "upload": "", "DelList": [0], "ReplyChat": "", "ReplyChatName": ""}, {"id": 2, "src": "mack@gmail.comCommunity32/4.jpg", "name": "mack", "text": "this is great", "time": "2024-11-28T14:55:47", "email": "mack@gmail.com", "Status": "send", "action": "", "upload": "image", "DelList": [0], "ReplyChat": "", "ReplyChatName": ""}, {"id": 3, "src": "kenjicladia@gmail.comCommunity32/4.jpg", "name": "kenji", "text": "best example", "time": "2024-11-28T15:00:06", "email": "kenjicladia@gmail.com", "Status": "send", "action": "", "upload": "image", "DelList": [0], "ReplyChat": "null", "ReplyChatName": "null"}, {"id": 4, "src": "mack@gmail.comCommunity32/pexels-jonathanborba-14037022.jpg", "name": "mack", "text": "hows it going", "time": "2024-11-28T15:02:10", "email": "mack@gmail.com", "Status": "send", "action": "", "upload": "image", "DelList": [0], "ReplyChat": "hey", "ReplyChatName": "mack"}, {"id": 5, "src": "kenjicladia@gmail.comCommunity32/7.jpg", "name": "kenji", "text": "i see, good one", "time": "2024-11-28T15:02:37", "email": "kenjicladia@gmail.com", "Status": "send", "action": "", "upload": "image", "DelList": [0], "ReplyChat": "this is great", "ReplyChatName": "mack"}, {"id": 6, "src": "", "name": "kenji", "text": "asdf", "time": "2024-12-15T19:49:34", "email": "kenjicladia@gmail.com", "Status": "send", "action": "", "upload": "", "DelList": [0], "ReplyChat": "null", "ReplyChatName": "null"}, {"id": 7, "src": "", "name": "kenji", "text": "aaaa", "time": "2024-12-15T19:49:38", "email": "kenjicladia@gmail.com", "Status": "send", "action": "", "upload": "", "DelList": [0], "ReplyChat": "", "ReplyChatName": ""}, {"id": "8", "src": "", "name": "kenji", "text": "This message was deleted!", "time": "2024-12-15T19:49:44", "email": "kenjicladia@gmail.com", "Status": "deleted", "action": "deleted from all", "upload": "", "DelList": [0], "ReplyChat": "", "ReplyChatName": ""}, {"id": 9, "src": "", "name": "kenji", "text": "as", "time": "2024-12-15T19:49:49", "email": "kenjicladia@gmail.com", "Status": "send", "action": "", "upload": "", "DelList": [0], "ReplyChat": "", "ReplyChatName": ""}, {"id": 10, "src": "", "name": "kenji", "text": "adf", "time": "2024-12-15T19:49:55", "email": "kenjicladia@gmail.com", "Status": "send", "action": "", "upload": "", "DelList": [0], "ReplyChat": "", "ReplyChatName": ""}, {"id": 11, "src": "", "name": "kenji", "text": "1", "time": "2024-12-15T19:54:25", "email": "kenjicladia@gmail.com", "Status": "send", "action": "", "upload": "", "DelList": [0], "ReplyChat": "", "ReplyChatName": ""}, {"id": 12, "src": "", "name": "kenji", "text": "2\\n", "time": "2024-12-15T19:54:29", "email": "kenjicladia@gmail.com", "Status": "send", "action": "", "upload": "", "DelList": [0], "ReplyChat": "", "ReplyChatName": ""}, {"id": 13, "src": "", "name": "kenji", "text": "3", "time": "2024-12-15T19:54:31", "email": "kenjicladia@gmail.com", "Status": "send", "action": "", "upload": "", "DelList": [0], "ReplyChat": "", "ReplyChatName": ""}, {"id": 14, "src": "", "name": "kenji", "text": "4", "time": "2024-12-15T19:54:33", "email": "kenjicladia@gmail.com", "Status": "send", "action": "", "upload": "", "DelList": [0], "ReplyChat": "", "ReplyChatName": ""}, {"id": 15, "src": "", "name": "kenji", "text": "5", "time": "2024-12-15T19:54:35", "email": "kenjicladia@gmail.com", "Status": "send", "action": "", "upload": "", "DelList": [0], "ReplyChat": "", "ReplyChatName": ""}, {"id": 16, "src": "", "name": "kenji", "text": "6", "time": "2024-12-15T19:54:37", "email": "kenjicladia@gmail.com", "Status": "send", "action": "", "upload": "", "DelList": [0], "ReplyChat": "", "ReplyChatName": ""}, {"id": 17, "src": "", "name": "kenji", "text": "7", "time": "2024-12-15T19:54:39", "email": "kenjicladia@gmail.com", "Status": "send", "action": "", "upload": "", "DelList": [0], "ReplyChat": "", "ReplyChatName": ""}, {"id": 18, "src": "", "name": "kenji", "text": "8", "time": "2024-12-15T19:54:41", "email": "kenjicladia@gmail.com", "Status": "send", "action": "", "upload": "", "DelList": [0], "ReplyChat": "", "ReplyChatName": ""}, {"id": 19, "src": "", "name": "kenji", "text": "9", "time": "2024-12-15T19:54:44", "email": "kenjicladia@gmail.com", "Status": "send", "action": "", "upload": "", "DelList": [0], "ReplyChat": "", "ReplyChatName": ""}, {"id": 20, "src": "", "name": "kenji", "text": "10", "time": "2024-12-15T19:54:49", "email": "kenjicladia@gmail.com", "Status": "send", "action": "", "upload": "", "DelList": [0], "ReplyChat": "", "ReplyChatName": ""}, {"id": 21, "src": "", "name": "kenji", "text": "11", "time": "2024-12-15T19:54:52", "email": "kenjicladia@gmail.com", "Status": "send", "action": "", "upload": "", "DelList": [0], "ReplyChat": "", "ReplyChatName": ""}, {"id": 22, "src": "", "name": "kenji", "text": "12", "time": "2024-12-15T19:54:55", "email": "kenjicladia@gmail.com", "Status": "send", "action": "", "upload": "", "DelList": [0], "ReplyChat": "", "ReplyChatName": ""}, {"id": 23, "src": "", "name": "kenji", "text": "13", "time": "2024-12-15T19:54:57", "email": "kenjicladia@gmail.com", "Status": "send", "action": "", "upload": "", "DelList": [0], "ReplyChat": "", "ReplyChatName": ""}, {"id": 24, "src": "", "name": "kenji", "text": "14", "time": "2024-12-15T19:54:59", "email": "kenjicladia@gmail.com", "Status": "send", "action": "", "upload": "", "DelList": [0], "ReplyChat": "", "ReplyChatName": ""}, {"id": 25, "src": "", "name": "kenji", "text": "15", "time": "2024-12-15T19:55:03", "email": "kenjicladia@gmail.com", "Status": "send", "action": "", "upload": "", "DelList": [0], "ReplyChat": "", "ReplyChatName": ""}, {"id": 26, "src": "", "name": "kenji", "text": "16", "time": "2024-12-15T20:01:29", "email": "kenjicladia@gmail.com", "Status": "send", "action": "", "upload": "", "DelList": [0], "ReplyChat": "", "ReplyChatName": ""}, {"id": 27, "src": "", "name": "kenji", "text": "17", "time": "2024-12-15T20:01:32", "email": "kenjicladia@gmail.com", "Status": "send", "action": "", "upload": "", "DelList": [0], "ReplyChat": "", "ReplyChatName": ""}, {"id": 28, "src": "", "name": "kenji", "text": "18", "time": "2024-12-15T20:01:35", "email": "kenjicladia@gmail.com", "Status": "send", "action": "", "upload": "", "DelList": [0], "ReplyChat": "", "ReplyChatName": ""}, {"id": 29, "src": "", "name": "kenji", "text": "19", "time": "2024-12-15T20:01:38", "email": "kenjicladia@gmail.com", "Status": "send", "action": "", "upload": "", "DelList": [0], "ReplyChat": "", "ReplyChatName": ""}, {"id": 30, "src": "", "name": "kenji", "text": "20", "time": "2024-12-15T20:01:41", "email": "kenjicladia@gmail.com", "Status": "send", "action": "", "upload": "", "DelList": [0], "ReplyChat": "", "ReplyChatName": ""}, {"id": 31, "src": "", "name": "kenji", "text": "21", "time": "2024-12-15T20:01:43", "email": "kenjicladia@gmail.com", "Status": "send", "action": "", "upload": "", "DelList": [0], "ReplyChat": "", "ReplyChatName": ""}, {"id": 32, "src": "", "name": "kenji", "text": "22", "time": "2024-12-15T20:01:46", "email": "kenjicladia@gmail.com", "Status": "send", "action": "", "upload": "", "DelList": [0], "ReplyChat": "", "ReplyChatName": ""}, {"id": 33, "src": "", "name": "kenji", "text": "23", "time": "2024-12-15T20:01:48", "email": "kenjicladia@gmail.com", "Status": "send", "action": "", "upload": "", "DelList": [0], "ReplyChat": "", "ReplyChatName": ""}, {"id": 34, "src": "", "name": "kenji", "text": "24", "time": "2024-12-15T20:01:50", "email": "kenjicladia@gmail.com", "Status": "send", "action": "", "upload": "", "DelList": [0], "ReplyChat": "", "ReplyChatName": ""}, {"id": 35, "src": "", "name": "kenji", "text": "25", "time": "2024-12-15T20:01:52", "email": "kenjicladia@gmail.com", "Status": "send", "action": "", "upload": "", "DelList": [0], "ReplyChat": "", "ReplyChatName": ""}, {"id": 36, "src": "", "name": "kenji", "text": "26", "time": "2024-12-15T20:03:37", "email": "kenjicladia@gmail.com", "Status": "send", "action": "", "upload": "", "DelList": [0], "ReplyChat": "", "ReplyChatName": ""}, {"id": 37, "src": "", "name": "kenji", "text": "AllChatLog", "time": "2024-12-15T20:03:42", "email": "kenjicladia@gmail.com", "Status": "send", "action": "", "upload": "", "DelList": [0], "ReplyChat": "", "ReplyChatName": ""}, {"id": 38, "src": "", "name": "kenji", "text": "AllChatLog", "time": "2024-12-15T20:03:45", "email": "kenjicladia@gmail.com", "Status": "send", "action": "", "upload": "", "DelList": [0], "ReplyChat": "", "ReplyChatName": ""}, {"id": 39, "src": "", "name": "kenji", "text": "AllChatLog", "time": "2024-12-15T20:03:46", "email": "kenjicladia@gmail.com", "Status": "send", "action": "", "upload": "", "DelList": [0], "ReplyChat": "", "ReplyChatName": ""}, {"id": 40, "src": "", "name": "kenji", "text": "AllChatLog", "time": "2024-12-15T20:03:47", "email": "kenjicladia@gmail.com", "Status": "send", "action": "", "upload": "", "DelList": [0], "ReplyChat": "", "ReplyChatName": ""}, {"id": 41, "src": "", "name": "kenji", "text": "AllChatLog", "time": "2024-12-15T20:03:49", "email": "kenjicladia@gmail.com", "Status": "send", "action": "", "upload": "", "DelList": [0], "ReplyChat": "", "ReplyChatName": ""}, {"id": 42, "src": "", "name": "kenji", "text": "AllChatLog", "time": "2024-12-15T20:03:50", "email": "kenjicladia@gmail.com", "Status": "send", "action": "", "upload": "", "DelList": [0], "ReplyChat": "", "ReplyChatName": ""}, {"id": 43, "src": "", "name": "kenji", "text": "AllChatLog", "time": "2024-12-15T20:03:51", "email": "kenjicladia@gmail.com", "Status": "send", "action": "", "upload": "", "DelList": [0], "ReplyChat": "", "ReplyChatName": ""}, {"id": 44, "src": "", "name": "kenji", "text": "AllChatLog", "time": "2024-12-15T20:03:52", "email": "kenjicladia@gmail.com", "Status": "send", "action": "", "upload": "", "DelList": [0], "ReplyChat": "", "ReplyChatName": ""}, {"id": 45, "src": "", "name": "kenji", "text": "AllChatLog", "time": "2024-12-15T20:03:53", "email": "kenjicladia@gmail.com", "Status": "send", "action": "", "upload": "", "DelList": [0], "ReplyChat": "", "ReplyChatName": ""}, {"id": 46, "src": "", "name": "kenji", "text": "AllChatLog", "time": "2024-12-15T20:03:54", "email": "kenjicladia@gmail.com", "Status": "send", "action": "", "upload": "", "DelList": [0], "ReplyChat": "", "ReplyChatName": ""}, {"id": 47, "src": "", "name": "kenji", "text": "AllChatLog", "time": "2024-12-15T20:03:55", "email": "kenjicladia@gmail.com", "Status": "send", "action": "", "upload": "", "DelList": [0], "ReplyChat": "", "ReplyChatName": ""}, {"id": 48, "src": "", "name": "kenji", "text": "AllChatLog", "time": "2024-12-15T20:03:57", "email": "kenjicladia@gmail.com", "Status": "send", "action": "", "upload": "", "DelList": [0], "ReplyChat": "", "ReplyChatName": ""}, {"id": 49, "src": "", "name": "kenji", "text": "AllChatLog", "time": "2024-12-15T20:03:58", "email": "kenjicladia@gmail.com", "Status": "send", "action": "", "upload": "", "DelList": [0], "ReplyChat": "", "ReplyChatName": ""}, {"id": 50, "src": "", "name": "kenji", "text": "AllChatLog", "time": "2024-12-15T20:03:59", "email": "kenjicladia@gmail.com", "Status": "send", "action": "", "upload": "", "DelList": [0], "ReplyChat": "", "ReplyChatName": ""}, {"id": 51, "src": "", "name": "kenji", "text": "AllChatLog", "time": "2024-12-15T20:04:00", "email": "kenjicladia@gmail.com", "Status": "send", "action": "", "upload": "", "DelList": [0], "ReplyChat": "", "ReplyChatName": ""}, {"id": 52, "src": "", "name": "kenji", "text": "AllChatLog", "time": "2024-12-15T20:04:04", "email": "kenjicladia@gmail.com", "Status": "send", "action": "", "upload": "", "DelList": [0], "ReplyChat": "", "ReplyChatName": ""}, {"id": 53, "src": "", "name": "kenji", "text": "AllChatLog", "time": "2024-12-15T20:04:05", "email": "kenjicladia@gmail.com", "Status": "send", "action": "", "upload": "", "DelList": [0], "ReplyChat": "", "ReplyChatName": ""}]	kenjicladia@gmail.com	kenjicladia@gmail.com
\.


--
-- Data for Name: Chat_filetable; Type: TABLE DATA; Schema: public; Owner: kenji
--

COPY public."Chat_filetable" (id, name, "dateCreated", size, "fileUrl", account_email_id, folder_id_id, type) FROM stdin;
1	paradise.mp4	31-10-2024	8.27 MB	/kenjicladia@gmail.com/repository/paradise.mp4	kenjicladia@gmail.com	4	\N
2	pexels-divinetechygirl-1181675.jpg	31-10-2024	1.76 MB	/kenjicladia@gmail.com/repository/pexels-divinetechygirl-1181675.jpg	kenjicladia@gmail.com	4	\N
4	pexels-pixabay-159844.jpg	01-11-2024	1.07 MB	/kenjicladia@gmail.com/repository/pexels-pixabay-159844.jpg	kenjicladia@gmail.com	4	image
5	editIcondark.json	01-11-2024	9.07 KB	/kenjicladia@gmail.com/repository/editIcondark.json	kenjicladia@gmail.com	4	application
11	pexels-divinetechygirl-1181675 (1).jpg	02-11-2024	1.76 MB	/kenjicladia@gmail.com/repository/pexels-divinetechygirl-1181675 (1).jpg	kenjicladia@gmail.com	9	image
\.


--
-- Data for Name: Chat_foldertable; Type: TABLE DATA; Schema: public; Owner: kenji
--

COPY public."Chat_foldertable" (id, title, "dateCreated", account_email_id) FROM stdin;
7	Sales	01-11-2024	kenjicladia@gmail.com
5	Private.	01-11-2024	kenjicladia@gmail.com
4	Videos.	2024-10-31	kenjicladia@gmail.com
9	kali blue	02-11-2024	kenjicladia@gmail.com
8d0b7cfc-4dda-4a35-bd5a-3e2ba967a80c	Joe life	17-12-2024	jack@gmail.com
\.


--
-- Data for Name: Chat_groupchat; Type: TABLE DATA; Schema: public; Owner: kenji
--

COPY public."Chat_groupchat" ("DateCreated", id, group_name, title, description, "ProfilePic", about, "ChatLogs", "Creator", account_email_id) FROM stdin;
2024-11-28	29	19e7d193-512a-44	MUT	it is what is it Community 2	fallback.jpeg	am the about  2	\N	kenjicladia@gmail.com	kenjicladia@gmail.com
2024-11-28	30	8e1af459-0861-4b	TED	it is what is it	fallback.jpeg	am the about  2	\N	kenjicladia@gmail.com	kenjicladia@gmail.com
\N	dc77b762-be2d-4d97-9f67-0b8ab06e7258	dc18db51-89e3-46	Tech	it is what is it Community 2	fallback.jpeg	am the about  2	\N	\N	\N
\.


--
-- Data for Name: Chat_groupchatuserslist; Type: TABLE DATA; Schema: public; Owner: kenji
--

COPY public."Chat_groupchatuserslist" (id, name, email, group_ref_id) FROM stdin;
22	kenji	kenjicladia@gmail.com	19e7d193-512a-44
23	kenji	kenjicladia@gmail.com	8e1af459-0861-4b
5eb85806-562d-4354-87a4-7b8261cc9e67	kenji	kenjicladia@gmail.com	dc18db51-89e3-46
955e7e4c-ebc1-4b24-85da-614accd7d433	kenji	jack@gmail.com	19e7d193-512a-44
\.


--
-- Data for Name: Chat_notepad; Type: TABLE DATA; Schema: public; Owner: kenji
--

COPY public."Chat_notepad" (id, email, "DateCreated", "LastText", "NoteLog", title, account_email_id) FROM stdin;
7	kenjicladia@gmail.com	2024-11-14T19:44:54	last text	\N	My Projects	\N
13	kenjicladia@gmail.com	2024-11-14T19:47:42	last text	\N	am 1asdf	\N
14	kenjicladia@gmail.com	2024-11-14T19:47:51	last text	\N	Sec Test	\N
3	kenjicladia@gmail.com	2024-09-19	last text	\N	JavaScript Notes	\N
6	kenjicladia@gmail.com	2024-09-21		[{"text": "hey i am note pad", "time": "2024-09-21"}, {"text": "it is good", "time": "2024-09-21"}, {"text": "&lt;small className=&quot; overflow-hidden text-ellipsis text-sm my-auto ml-auto font-mono italic&quot;&gt;{items.DateCreated}&lt;/small&gt;&lt;small className=&quot; overflow-hidden text-ellipsis text-sm my-auto ml-auto font-mono italic&quot;&gt;{items.DateCreated}&lt;/small&gt;", "time": "2024-11-14T20:10:24"}, {"text": "&lt;small className=&quot; overflow-hidden text-ellipsis text-sm my-auto ml-auto font-mono italic&quot;&gt;{items.DateCreated}&lt;/small&gt;&lt;small className=&quot; overflow-hidden text-ellipsis text-sm my-auto ml-auto font-mono italic&quot;&gt;{items.DateCreated}&lt;/small&gt;&lt;small className=&quot; overflow-hidden text-ellipsis text-sm my-auto ml-auto font-mono italic&quot;&gt;{items.DateCreated}&lt;/small&gt;&lt;small className=&quot; overflow-hidden text-ellipsis text-sm my-auto ml-auto font-mono italic&quot;&gt;{items.DateCreated}&lt;/small&gt;", "time": "2024-11-14T20:10:28"}, {"text": "&lt;small className=&quot; overflow-hidden text-ellipsis text-sm my-auto ml-auto font-mono italic&quot;&gt;{items.DateCreated}&lt;/small&gt;&lt;small className=&quot; overflow-hidden text-ellipsis text-sm my-auto ml-auto font-mono italic&quot;&gt;{items.DateCreated}&lt;/small&gt;", "time": "2024-11-14T20:10:37"}, {"text": "", "time": "2024-11-14T20:31:45"}, {"text": "", "time": "2024-11-14T20:31:50"}]	Adding another notes	\N
\.


--
-- Data for Name: Chat_onlinestatus; Type: TABLE DATA; Schema: public; Owner: kenji
--

COPY public."Chat_onlinestatus" (id, online, "lastSeen") FROM stdin;
1	[]	[{"time": "2024-11-28T12:23:19", "email": "gestuser@gmail.com"}, {"time": "2024-11-29T22:50:23", "email": "joejones@gmail.com"}, {"time": "2024-12-06T16:18:46", "email": "jack@gmail.com"}, {"time": "2024-12-09T20:56:19", "email": "mack@gmail.com"}, {"time": "2024-12-09T20:57:04", "email": "ann@gmail.com"}, {"time": "2024-12-15T22:33:32", "email": "kenjicladia@gmail.com"}]
\.


--
-- Data for Name: Chat_personalchats; Type: TABLE DATA; Schema: public; Owner: kenji
--

COPY public."Chat_personalchats" ("DateCreated", id, group_name, "ChatLog", "Details", "RecieverId", "SenderId", email, name, "encryptionKey") FROM stdin;
2024-12-06	3daae445-2a9c-4e60-860e-d527eab01210	c4097c21-9039-425d-9345-ad538915f232	\N	{"jack@gmail.com": {"id": "c4097c21-9039-425d-9345-ad538915f232", "name": "jack", "about": null, "ProfilePic": "http://127.0.0.1:8000/media/images/fallback.jpeg"}}		c4097c21-9039-425d-9345-ad538915f232	jack@gmail.com	jack	e3c793af-c3ef-46cf-b130-9076b4c2
2024-12-06	67dcde39-6b14-43ec-8db7-d4b6ac90df7e	7ca07d1b-d802-4675-af6a-e291b94e2ce0	\N	{"joejones@gmail.com": {"id": "7ca07d1b-d802-4675-af6a-e291b94e2ce0", "name": "john", "about": null, "ProfilePic": "http://127.0.0.1:8000/media/images/fallback.jpeg"}}		7ca07d1b-d802-4675-af6a-e291b94e2ce0	joejones@gmail.com	john	d3f72923-d71a-4d75-9914-1f941e39
2024-12-06T15:55:29	c771fb65-42a1-471a-bd81-5249da7e1834	c4097c21-9039-425d-9345-ad538915f2321	[{"id": 1, "src": "", "name": "kenji", "text": "U2FsdGVkX18RR1M0lKL5Q4RUiFNp2pTQyeDPkvvvBdc=", "time": "2024-12-06T15:56:44", "email": "kenjicladia@gmail.com", "Status": "send", "action": "", "upload": "", "DelList": [0], "ReplyChat": "null", "ReplyChatName": "null"}, {"id": 2, "src": "", "name": "kenji", "text": "U2FsdGVkX1/KEUoULe6lDaoQLps2DRsBmL2Js8c3fDU=", "time": "2024-12-06T15:58:30", "email": "kenjicladia@gmail.com", "Status": "send", "action": "", "upload": "", "DelList": [0], "ReplyChat": "sdf", "ReplyChatName": "kenji"}, {"id": 3, "src": "", "name": "jack", "text": "U2FsdGVkX1+T/MuAPRFmBp3sgqTePAgWfOxetX1x7X8=", "time": "2024-12-06T16:05:17", "email": "jack@gmail.com", "Status": "send", "action": "", "upload": "", "DelList": [0], "ReplyChat": "sdf", "ReplyChatName": "kenji"}, {"id": 4, "src": "", "name": "kenji", "text": "U2FsdGVkX1+1sa8jmfdXxodjdtMsvq/7rsF0LAAdmkA=", "time": "2024-12-09T16:16:54", "email": "kenjicladia@gmail.com", "Status": "send", "action": "", "upload": "", "DelList": [0], "ReplyChat": "", "ReplyChatName": ""}, {"id": 5, "src": "", "name": "kenji", "text": "U2FsdGVkX19PbpcqTCGP4d1NjGLcp4adyrzlZ2Befj4=", "time": "2024-12-09T16:24:59", "email": "kenjicladia@gmail.com", "Status": "send", "action": "", "upload": "", "DelList": [0], "ReplyChat": "null", "ReplyChatName": "null"}, {"id": 6, "src": "", "name": "kenji", "text": "U2FsdGVkX1+mv9CPlpsAzCNndLN6gLftsVRMhyG1v5I=", "time": "2024-12-09T16:28:09", "email": "kenjicladia@gmail.com", "Status": "send", "action": "", "upload": "", "DelList": [0], "ReplyChat": "null", "ReplyChatName": "null"}, {"id": 7, "src": "", "name": "kenji", "text": "U2FsdGVkX18CvLqraac6GTztooDGsVvCejU+mfClBVc=", "time": "2024-12-09T16:28:14", "email": "kenjicladia@gmail.com", "Status": "send", "action": "", "upload": "", "DelList": [0], "ReplyChat": "", "ReplyChatName": ""}, {"id": 8, "src": "", "name": "kenji", "text": "U2FsdGVkX1/lWcFnc0OrzCfVeSovw/whSvXIVbqK+SE=", "time": "2024-12-09T16:31:17", "email": "kenjicladia@gmail.com", "Status": "send", "action": "", "upload": "", "DelList": [0], "ReplyChat": "", "ReplyChatName": ""}, {"id": 9, "src": "", "name": "kenji", "text": "U2FsdGVkX1+NDgp/Qi0wSkKgqnmVRP6M05dGI0iVs7U=", "time": "2024-12-09T16:33:03", "email": "kenjicladia@gmail.com", "Status": "send", "action": "", "upload": "", "DelList": [0], "ReplyChat": "", "ReplyChatName": ""}, {"id": 10, "src": "", "name": "kenji", "text": "U2FsdGVkX1/wJUjr/HfmSreVzCrctnQQyJPw4ci5DLA=", "time": "2024-12-09T16:33:41", "email": "kenjicladia@gmail.com", "Status": "send", "action": "", "upload": "", "DelList": [0], "ReplyChat": "", "ReplyChatName": ""}, {"id": 11, "src": "", "name": "kenji", "text": "U2FsdGVkX1+nvp96BiSZAcmRgBQC4VH1p8KrldVU0HY=", "time": "2024-12-09T16:35:25", "email": "kenjicladia@gmail.com", "Status": "send", "action": "", "upload": "", "DelList": [0], "ReplyChat": "", "ReplyChatName": ""}, {"id": 12, "src": "", "name": "kenji", "text": "U2FsdGVkX1/tWbXTSXMG46DkaDqN+hw0euZjtRK73AE=", "time": "2024-12-09T16:36:21", "email": "kenjicladia@gmail.com", "Status": "send", "action": "", "upload": "", "DelList": [0], "ReplyChat": "", "ReplyChatName": ""}, {"id": 13, "src": "", "name": "kenji", "text": "U2FsdGVkX18+iK8wjXzXMNVuURq5gJoinc/8opelnkk=", "time": "2024-12-09T16:36:40", "email": "kenjicladia@gmail.com", "Status": "send", "action": "", "upload": "", "DelList": [0], "ReplyChat": "", "ReplyChatName": ""}]	{"jack@gmail.com": {"id": "c4097c21-9039-425d-9345-ad538915f232", "name": "jack", "about": null, "ProfilePic": "http://127.0.0.1:8000/media/images/fallback.jpeg"}, "kenjicladia@gmail.com": {"id": "1", "name": "kenji", "about": "am akenji it is mea...", "ProfilePic": "http://127.0.0.1:8000/media/kenjicladia%40gmail.com/kenjipexels-divinetechygirl-1181675%20(1).jpg"}}	1	c4097c21-9039-425d-9345-ad538915f232	\N	\N	c84ba54e-f463-42d5-8f9b-c893d60a
\.


--
-- Data for Name: Chat_post; Type: TABLE DATA; Schema: public; Owner: kenji
--

COPY public."Chat_post" (id, title, content, "datePosted", "totalShares", "postUserDetails", "postPrivacy", likes, account_email_id) FROM stdin;
28	Dedicated to Liam	<p>My Dearest Liam,</p><p>Words seem to fail me, to crumble and fall short of the vastness of my feelings for you. It’s a peculiar thing, love; a force that defies logic, renders eloquence useless, and yet, simultaneously, makes me want to write you a thousand letters, each one overflowing with the quiet moments and the roaring passions that define our life together.</p><p>I remember the first time I saw you. The way the sunlight caught the gold in your hair, the hesitant smile that played on your lips – it was a scene etched into my memory, a perfect beginning to a story that continues to unfold with breathtaking beauty. It wasn't a grand, dramatic entrance, but a quiet, unassuming moment that held the weight of a lifetime. And in that moment, something shifted within me, a gentle earthquake that rearranged my world, leaving you at its epicenter.</p><p>We’ve shared laughter that shakes our very souls, tears that have washed away anxieties, and silences that speak volumes of unspoken understanding. We’ve navigated storms that threatened to tear us apart, and emerged stronger, our bond forged in the fires of adversity. Those challenges haven't defined us, Liam; they’ve merely refined the already exquisite masterpiece that is our love.</p><p>I love the way you make me laugh until my sides ache, the goofy grin that spreads across your face when you’re truly happy, the comforting weight of your arm around me when the world feels too heavy to bear. I love the way you listen, truly listen, not just hearing the words but understanding the unspoken emotions that lie beneath. I love your fierce protectiveness, the unwavering support you offer, the quiet strength that anchors me.</p><p>But it's not just the grand gestures, the sweeping romantic ideals, that define my love for you. It's in the smaller moments, the everyday miracles, that I find the deepest expression of our connection. It’s in the shared cup of coffee in the morning, the lazy Sunday afternoons spent curled up on the couch, the quiet comfort of your presence beside me as I fall asleep. It's in the way you anticipate my needs before I even voice them, the way you know how to soothe my worries with a simple touch, a knowing glance.</p><p>You are my confidante, my best friend, my lover, my rock, my home. You are the sun that warms my soul, the rain that nourishes my spirit, the gentle breeze that whispers hope into my heart. With you, I feel safe, I feel seen, I feel truly alive. You bring out the best in me, you challenge me to grow, you inspire me to be a better version of myself.</p><p>And that, Liam, more than anything, is what I cherish most. It's not just the love I feel for you, but the person you inspire me to be. You are the missing piece I never knew I was searching for, the melody that completes my song, the answer to a prayer I never knew I’d whispered. My love for you is boundless, eternal, and utterly, completely mine.</p><p>Forever yours,</p><p>(Your Name)</p>	2024-11-27T16:38:05	\N	{"name": "kenji", "userID": "1", "profilePic": "http://127.0.0.1:8000/media/kenjicladia%40gmail.com/kenjipexels-divinetechygirl-1181675%20(1).jpg", "PostFileUrl": "/kenjicladia@gmail.com/Post/null", "PostFileType": null}	public	\N	kenjicladia@gmail.com
29	Faith	<p>My Dearest Beloved,</p><p>This letter isn't addressed to a specific person, yet it is written to everyone who feels the weight of doubt or the yearning for deeper connection with something greater than themselves. It is a letter borne from faith, a faith that whispers in the quiet moments and shouts in the face of adversity.</p><p>For years, the path hasn't always been clear. There have been storms that raged, tearing at the very fabric of my understanding. Moments of darkness have threatened to swallow the faintest glimmers of hope. I have stumbled, I have fallen, I have questioned. But through it all, a persistent ember has glowed – a belief in something unseen, something powerful, something profoundly loving.</p><p>This isn't a faith defined by rigid doctrines or unwavering certainty. It's a faith forged in the crucible of experience, shaped by the lessons learned in both joy and sorrow. It's a faith that embraces the mystery, that acknowledges the unanswered questions, that finds solace in the inexplicable beauty of the world around us.</p><p>It's a faith that whispers, "You are loved," even when the world screams otherwise. It's a faith that encourages me to keep searching, to keep striving, to keep believing in the inherent goodness that exists within myself and others. It's a faith that reminds me that even in the deepest valleys, there is always a sun waiting to rise.</p><p>My faith is not blind; it is a faith that sees. It sees the small acts of kindness, the unexpected miracles, the unwavering resilience of the human spirit. It sees the beauty in imperfection, the strength in vulnerability, and the hope in despair.</p><p>This letter is a testament to that faith – a sharing of the journey, a reminder that we are not alone in our struggles, and that even in the absence of definitive answers, the possibility of something greater remains a powerful and sustaining force.</p><p>May this letter find you, wherever you are on your journey, and may it offer a spark of comfort, a flicker of hope, and a renewed sense of faith in the goodness that surrounds us.</p><p>With love and unwavering belief,</p><p>A Fellow Traveler on the Path.</p>	2024-11-28T20:07:16	\N	{"name": "kenji", "userID": "1", "profilePic": "http://127.0.0.1:8000/media/kenjicladia%40gmail.com/kenjipexels-divinetechygirl-1181675%20(1).jpg", "PostFileUrl": "/kenjicladia@gmail.com/Post/null", "PostFileType": null}	public	\N	kenjicladia@gmail.com
30	Codes	<p><span style="color: rgb(128, 128, 128);">&lt;</span><span style="color: rgb(86, 156, 214);">div</span> <span style="color: rgb(156, 220, 254);">className</span><span style="color: rgb(212, 212, 212);">=</span><span style="color: rgb(206, 145, 120);">" px-4 pb-2 w-full border-b-[1px] border-slate-600 dark:border-slate-400 h-fit min-h-[60px] flex flex-row justify-around "</span> <span style="color: rgb(128, 128, 128);">&gt;</span></p><p>&nbsp; &nbsp; &nbsp; &nbsp; &nbsp; &nbsp; &nbsp; &nbsp; &nbsp; &nbsp; <span style="color: rgb(128, 128, 128);">&lt;</span><span style="color: rgb(86, 156, 214);">div</span> <span style="color: rgb(156, 220, 254);">className</span><span style="color: rgb(212, 212, 212);">=</span><span style="color: rgb(206, 145, 120);">"avatar my-auto"</span><span style="color: rgb(128, 128, 128);">&gt;</span></p><p>&nbsp; &nbsp; &nbsp; &nbsp; &nbsp; &nbsp; &nbsp; &nbsp; &nbsp; &nbsp; &nbsp; &nbsp; <span style="color: rgb(128, 128, 128);">&lt;</span><span style="color: rgb(86, 156, 214);">div</span> <span style="color: rgb(156, 220, 254);">className</span><span style="color: rgb(212, 212, 212);">=</span><span style="color: rgb(206, 145, 120);">"w-14 h-14 rounded-full"</span><span style="color: rgb(128, 128, 128);">&gt;</span></p><p>&nbsp; &nbsp; &nbsp; &nbsp; &nbsp; &nbsp; &nbsp; &nbsp; &nbsp; &nbsp; &nbsp; &nbsp; &nbsp; &nbsp; <span style="color: rgb(128, 128, 128);">&lt;</span><span style="color: rgb(86, 156, 214);">img</span> <span style="color: rgb(156, 220, 254);">loading</span><span style="color: rgb(212, 212, 212);">=</span><span style="color: rgb(206, 145, 120);">"lazy"</span> <span style="color: rgb(156, 220, 254);">src</span><span style="color: rgb(212, 212, 212);">=</span><span style="color: rgb(86, 156, 214);">{</span><span style="color: rgb(156, 220, 254);">items</span>.<span style="color: rgb(156, 220, 254);">postUserDetails</span>.<span style="color: rgb(156, 220, 254);">profilePic</span><span style="color: rgb(86, 156, 214);">}</span> <span style="color: rgb(128, 128, 128);">/&gt;</span></p><p>&nbsp; &nbsp; &nbsp; &nbsp; &nbsp; &nbsp; &nbsp; &nbsp; &nbsp; &nbsp; &nbsp; &nbsp; <span style="color: rgb(128, 128, 128);">&lt;/</span><span style="color: rgb(86, 156, 214);">div</span><span style="color: rgb(128, 128, 128);">&gt;</span></p><p>&nbsp; &nbsp; &nbsp; &nbsp; &nbsp; &nbsp; &nbsp; &nbsp; &nbsp; &nbsp; <span style="color: rgb(128, 128, 128);">&lt;/</span><span style="color: rgb(86, 156, 214);">div</span><span style="color: rgb(128, 128, 128);">&gt;</span></p><p>&nbsp; &nbsp; &nbsp; &nbsp; &nbsp; &nbsp; &nbsp; &nbsp; &nbsp; &nbsp; <span style="color: rgb(128, 128, 128);">&lt;</span><span style="color: rgb(86, 156, 214);">div</span> <span style="color: rgb(156, 220, 254);">className</span><span style="color: rgb(212, 212, 212);">=</span><span style="color: rgb(206, 145, 120);">" relative flex my-auto flex-col text-left w-full ml-4 mr-auto h-fit"</span> <span style="color: rgb(128, 128, 128);">&gt;</span></p><p>&nbsp; &nbsp; &nbsp; &nbsp; &nbsp; &nbsp; &nbsp; &nbsp; &nbsp; &nbsp; &nbsp; &nbsp; <span style="color: rgb(128, 128, 128);">&lt;</span><span style="color: rgb(86, 156, 214);">span</span> <span style="color: rgb(156, 220, 254);">data-tip</span><span style="color: rgb(212, 212, 212);">=</span><span style="color: rgb(206, 145, 120);">'Open Profile'</span> <span style="color: rgb(156, 220, 254);">onClick</span><span style="color: rgb(212, 212, 212);">=</span><span style="color: rgb(86, 156, 214);">{</span>() <span style="color: rgb(86, 156, 214);">=&gt;</span> <span style="color: rgb(220, 220, 170);">OpenUserProfile</span>(<span style="color: rgb(156, 220, 254);">profileid</span>)<span style="color: rgb(86, 156, 214);">}</span> <span style="color: rgb(156, 220, 254);">className</span><span style="color: rgb(212, 212, 212);">=</span><span style="color: rgb(206, 145, 120);">" tooltip tooltip-bottom text-left w-fit mr-auto font-semibold hover:underline hover:underline-offset-2 cursor-pointer text-lg "</span> <span style="color: rgb(128, 128, 128);">&gt;</span></p><p>&nbsp; &nbsp; &nbsp; &nbsp; &nbsp; &nbsp; &nbsp; &nbsp; &nbsp; &nbsp; &nbsp; &nbsp; &nbsp; &nbsp; <span style="color: rgb(86, 156, 214);">{</span><span style="color: rgb(156, 220, 254);">items</span>.<span style="color: rgb(156, 220, 254);">postUserDetails</span>.<span style="color: rgb(156, 220, 254);">name</span><span style="color: rgb(86, 156, 214);">}</span> </p><p>&nbsp; &nbsp; &nbsp; &nbsp; &nbsp; &nbsp; &nbsp; &nbsp; &nbsp; &nbsp; &nbsp; &nbsp; &nbsp; &nbsp; </p><p>&nbsp; &nbsp; &nbsp; &nbsp; &nbsp; &nbsp; &nbsp; &nbsp; &nbsp; &nbsp; &nbsp; &nbsp; <span style="color: rgb(128, 128, 128);">&lt;/</span><span style="color: rgb(86, 156, 214);">span</span><span style="color: rgb(128, 128, 128);">&gt;</span></p><p>&nbsp; &nbsp; &nbsp; &nbsp; &nbsp; &nbsp; &nbsp; &nbsp; &nbsp; &nbsp; &nbsp; &nbsp; <span style="color: rgb(128, 128, 128);">&lt;</span><span style="color: rgb(86, 156, 214);">p</span> <span style="color: rgb(156, 220, 254);">className</span><span style="color: rgb(212, 212, 212);">=</span> <span style="color: rgb(86, 156, 214);">{</span><span style="color: rgb(206, 145, 120);">` </span><span style="color: rgb(86, 156, 214);">${</span><span style="color: rgb(156, 220, 254);">IsPrivate</span> <span style="color: rgb(212, 212, 212);">&amp;&amp;</span> <span style="color: rgb(156, 220, 254);">IsUserPost</span> <span style="color: rgb(212, 212, 212);">?</span> <span style="color: rgb(206, 145, 120);">'flex'</span> <span style="color: rgb(212, 212, 212);">:</span> <span style="color: rgb(206, 145, 120);">'hidden'</span><span style="color: rgb(86, 156, 214);">}</span><span style="color: rgb(206, 145, 120);"> badge badge-neutral absolute inline &nbsp;left-[95%] bg-opacity-60 &nbsp;bg-slate-950 text-sm text-amber-400 `</span><span style="color: rgb(86, 156, 214);">}</span> <span style="color: rgb(128, 128, 128);">&gt;</span>private<span style="color: rgb(128, 128, 128);">&lt;/</span><span style="color: rgb(86, 156, 214);">p</span><span style="color: rgb(128, 128, 128);">&gt;</span></p><p>&nbsp; &nbsp; &nbsp; &nbsp; &nbsp; &nbsp; &nbsp; &nbsp; &nbsp; &nbsp; &nbsp; &nbsp; </p><p>&nbsp; &nbsp; &nbsp; &nbsp; &nbsp; &nbsp; &nbsp; &nbsp; &nbsp; &nbsp; &nbsp; &nbsp; <span style="color: rgb(128, 128, 128);">&lt;</span><span style="color: rgb(78, 201, 176);">TimePostUpdater</span> <span style="color: rgb(156, 220, 254);">dateString</span><span style="color: rgb(212, 212, 212);">=</span><span style="color: rgb(86, 156, 214);">{</span><span style="color: rgb(156, 220, 254);">items</span>.<span style="color: rgb(156, 220, 254);">datePosted</span><span style="color: rgb(86, 156, 214);">}</span> <span style="color: rgb(128, 128, 128);">/&gt;</span></p><p>&nbsp; &nbsp; &nbsp; &nbsp; &nbsp; &nbsp; &nbsp; &nbsp; &nbsp; &nbsp; &nbsp; &nbsp; <span style="color: rgb(86, 156, 214);">{</span><span style="color: rgb(124, 166, 104);">/* &lt;small className="" &gt;{items.datePosted}&lt;/small&gt; */</span><span style="color: rgb(86, 156, 214);">}</span></p><p>&nbsp; &nbsp; &nbsp; &nbsp; &nbsp; &nbsp; &nbsp; &nbsp; &nbsp; &nbsp; &nbsp; &nbsp; <span style="color: rgb(128, 128, 128);">&lt;</span><span style="color: rgb(86, 156, 214);">span</span> <span style="color: rgb(156, 220, 254);">className</span><span style="color: rgb(212, 212, 212);">=</span><span style="color: rgb(206, 145, 120);">" font-semibold "</span> <span style="color: rgb(128, 128, 128);">&gt;</span><span style="color: rgb(86, 156, 214);">{</span><span style="color: rgb(156, 220, 254);">items</span>.<span style="color: rgb(156, 220, 254);">title</span><span style="color: rgb(86, 156, 214);">}</span><span style="color: rgb(128, 128, 128);">&lt;/</span><span style="color: rgb(86, 156, 214);">span</span><span style="color: rgb(128, 128, 128);">&gt;</span></p><p>&nbsp; &nbsp; &nbsp; &nbsp; &nbsp; &nbsp; &nbsp; &nbsp; &nbsp; &nbsp; <span style="color: rgb(128, 128, 128);">&lt;/</span><span style="color: rgb(86, 156, 214);">div</span><span style="color: rgb(128, 128, 128);">&gt;</span></p><p>&nbsp; &nbsp; &nbsp; &nbsp; &nbsp; &nbsp; &nbsp; &nbsp; &nbsp; &nbsp; <span style="color: rgb(128, 128, 128);">&lt;</span><span style="color: rgb(86, 156, 214);">div</span> <span style="color: rgb(156, 220, 254);">className</span><span style="color: rgb(212, 212, 212);">=</span><span style="color: rgb(206, 145, 120);">"dropdown min-w-[40px] my-auto dropdown-end"</span><span style="color: rgb(128, 128, 128);">&gt;</span></p><p>&nbsp; &nbsp; &nbsp; &nbsp; &nbsp; &nbsp; &nbsp; &nbsp; &nbsp; &nbsp; &nbsp; &nbsp; <span style="color: rgb(128, 128, 128);">&lt;</span><span style="color: rgb(78, 201, 176);">CiCircleMore</span> <span style="color: rgb(156, 220, 254);">className</span><span style="color: rgb(212, 212, 212);">=</span><span style="color: rgb(206, 145, 120);">" my-auto text-3xl hover:text-slate-100 dark:hover:text-slate-300 text-slate-800 transition-all duration-300 dark:text-slate-800 "</span> <span style="color: rgb(156, 220, 254);">tabIndex</span><span style="color: rgb(212, 212, 212);">=</span><span style="color: rgb(86, 156, 214);">{</span><span style="color: rgb(181, 206, 168);">0</span><span style="color: rgb(86, 156, 214);">}</span> <span style="color: rgb(156, 220, 254);">role</span><span style="color: rgb(212, 212, 212);">=</span><span style="color: rgb(206, 145, 120);">"button"</span> <span style="color: rgb(128, 128, 128);">/&gt;</span></p><p>&nbsp; &nbsp; &nbsp; &nbsp; &nbsp; &nbsp; &nbsp; &nbsp; &nbsp; &nbsp; &nbsp; &nbsp; <span style="color: rgb(128, 128, 128);">&lt;</span><span style="color: rgb(86, 156, 214);">ul</span> <span style="color: rgb(156, 220, 254);">tabIndex</span><span style="color: rgb(212, 212, 212);">=</span><span style="color: rgb(86, 156, 214);">{</span><span style="color: rgb(181, 206, 168);">0</span><span style="color: rgb(86, 156, 214);">}</span> <span style="color: rgb(156, 220, 254);">className</span><span style="color: rgb(212, 212, 212);">=</span><span style="color: rgb(206, 145, 120);">"dropdown-content menu bg-slate-300 dark:bg-base-100 rounded-box z-[1] w-52 p-2 shadow"</span><span style="color: rgb(128, 128, 128);">&gt;</span></p><p>&nbsp; &nbsp; &nbsp; &nbsp; &nbsp; &nbsp; &nbsp; &nbsp; &nbsp; &nbsp; &nbsp; &nbsp; &nbsp; &nbsp; <span style="color: rgb(128, 128, 128);">&lt;</span><span style="color: rgb(86, 156, 214);">li</span> <span style="color: rgb(156, 220, 254);">onClick</span><span style="color: rgb(212, 212, 212);">=</span><span style="color: rgb(86, 156, 214);">{</span>() <span style="color: rgb(86, 156, 214);">=&gt;</span> <span style="color: rgb(220, 220, 170);">SavePost</span>(<span style="color: rgb(156, 220, 254);">items</span>.<span style="color: rgb(156, 220, 254);">id</span>,<span style="color: rgb(156, 220, 254);">profileid</span>)<span style="color: rgb(86, 156, 214);">}</span> <span style="color: rgb(156, 220, 254);">className</span><span style="color: rgb(212, 212, 212);">=</span><span style="color: rgb(206, 145, 120);">" hover:bg-slate-100 dark:hover:bg-slate-700 rounded-md"</span> <span style="color: rgb(128, 128, 128);">&gt;&lt;</span><span style="color: rgb(86, 156, 214);">a</span><span style="color: rgb(128, 128, 128);">&gt;</span>Save<span style="color: rgb(128, 128, 128);">&lt;/</span><span style="color: rgb(86, 156, 214);">a</span><span style="color: rgb(128, 128, 128);">&gt;&lt;/</span><span style="color: rgb(86, 156, 214);">li</span><span style="color: rgb(128, 128, 128);">&gt;</span></p><p>&nbsp; &nbsp; &nbsp; &nbsp; &nbsp; &nbsp; &nbsp; &nbsp; &nbsp; &nbsp; &nbsp; &nbsp; &nbsp; &nbsp; <span style="color: rgb(128, 128, 128);">&lt;</span><span style="color: rgb(86, 156, 214);">li</span> <span style="color: rgb(156, 220, 254);">onClick</span><span style="color: rgb(212, 212, 212);">=</span><span style="color: rgb(86, 156, 214);">{</span>() <span style="color: rgb(86, 156, 214);">=&gt;</span> <span style="color: rgb(220, 220, 170);">DeletePost</span>(<span style="color: rgb(156, 220, 254);">items</span>.<span style="color: rgb(156, 220, 254);">id</span>,<span style="color: rgb(156, 220, 254);">i</span>)<span style="color: rgb(86, 156, 214);">}</span> <span style="color: rgb(156, 220, 254);">className</span><span style="color: rgb(212, 212, 212);">=</span> <span style="color: rgb(86, 156, 214);">{</span><span style="color: rgb(206, 145, 120);">` </span><span style="color: rgb(86, 156, 214);">${</span><span style="color: rgb(156, 220, 254);">IsUserPost</span> <span style="color: rgb(212, 212, 212);">?</span> <span style="color: rgb(206, 145, 120);">'flex'</span> <span style="color: rgb(212, 212, 212);">:</span> <span style="color: rgb(206, 145, 120);">'hidden'</span><span style="color: rgb(86, 156, 214);">}</span><span style="color: rgb(206, 145, 120);"> hover:bg-slate-100 dark:hover:bg-slate-700 rounded-md `</span><span style="color: rgb(86, 156, 214);">}</span> <span style="color: rgb(128, 128, 128);">&gt;&lt;</span><span style="color: rgb(86, 156, 214);">a</span><span style="color: rgb(128, 128, 128);">&gt;</span>Delete Post<span style="color: rgb(128, 128, 128);">&lt;/</span><span style="color: rgb(86, 156, 214);">a</span><span style="color: rgb(128, 128, 128);">&gt;&lt;/</span><span style="color: rgb(86, 156, 214);">li</span><span style="color: rgb(128, 128, 128);">&gt;</span></p><p>&nbsp; &nbsp; &nbsp; &nbsp; &nbsp; &nbsp; &nbsp; &nbsp; &nbsp; &nbsp; &nbsp; &nbsp; &nbsp; &nbsp; <span style="color: rgb(128, 128, 128);">&lt;</span><span style="color: rgb(86, 156, 214);">li</span> <span style="color: rgb(156, 220, 254);">onClick</span><span style="color: rgb(212, 212, 212);">=</span><span style="color: rgb(86, 156, 214);">{</span>() <span style="color: rgb(86, 156, 214);">=&gt;</span> <span style="color: rgb(220, 220, 170);">MakePublic</span>(<span style="color: rgb(156, 220, 254);">items</span>.<span style="color: rgb(156, 220, 254);">id</span>,<span style="color: rgb(206, 145, 120);">'MakePostPublic'</span>,)<span style="color: rgb(86, 156, 214);">}</span> <span style="color: rgb(156, 220, 254);">className</span><span style="color: rgb(212, 212, 212);">=</span> <span style="color: rgb(86, 156, 214);">{</span><span style="color: rgb(206, 145, 120);">` </span><span style="color: rgb(86, 156, 214);">${</span><span style="color: rgb(156, 220, 254);">IsUserPost</span> <span style="color: rgb(212, 212, 212);">&amp;&amp;</span> <span style="color: rgb(156, 220, 254);">IsPrivate</span> <span style="color: rgb(212, 212, 212);">?</span> <span style="color: rgb(206, 145, 120);">'flex'</span> <span style="color: rgb(212, 212, 212);">:</span> <span style="color: rgb(206, 145, 120);">'hidden'</span><span style="color: rgb(86, 156, 214);">}</span><span style="color: rgb(206, 145, 120);"> hover:bg-slate-100 dark:hover:bg-slate-700 rounded-md `</span><span style="color: rgb(86, 156, 214);">}</span> <span style="color: rgb(128, 128, 128);">&gt;&lt;</span><span style="color: rgb(86, 156, 214);">a</span><span style="color: rgb(128, 128, 128);">&gt;</span>Make Pulic<span style="color: rgb(128, 128, 128);">&lt;/</span><span style="color: rgb(86, 156, 214);">a</span><span style="color: rgb(128, 128, 128);">&gt;&lt;/</span><span style="color: rgb(86, 156, 214);">li</span><span style="color: rgb(128, 128, 128);">&gt;</span></p><p>&nbsp; &nbsp; &nbsp; &nbsp; &nbsp; &nbsp; &nbsp; &nbsp; &nbsp; &nbsp; &nbsp; &nbsp; &nbsp; &nbsp; <span style="color: rgb(128, 128, 128);">&lt;</span><span style="color: rgb(86, 156, 214);">li</span> <span style="color: rgb(156, 220, 254);">onClick</span><span style="color: rgb(212, 212, 212);">=</span><span style="color: rgb(86, 156, 214);">{</span>() <span style="color: rgb(86, 156, 214);">=&gt;</span> <span style="color: rgb(220, 220, 170);">MakePublic</span>(<span style="color: rgb(156, 220, 254);">items</span>.<span style="color: rgb(156, 220, 254);">id</span>,<span style="color: rgb(206, 145, 120);">'MakePostPrivate'</span>,)<span style="color: rgb(86, 156, 214);">}</span> <span style="color: rgb(156, 220, 254);">className</span><span style="color: rgb(212, 212, 212);">=</span> <span style="color: rgb(86, 156, 214);">{</span><span style="color: rgb(206, 145, 120);">` </span><span style="color: rgb(86, 156, 214);">${</span><span style="color: rgb(156, 220, 254);">IsUserPost</span> <span style="color: rgb(212, 212, 212);">&amp;&amp;</span> <span style="color: rgb(212, 212, 212);">!</span><span style="color: rgb(156, 220, 254);">IsPrivate</span> <span style="color: rgb(212, 212, 212);">?</span> <span style="color: rgb(206, 145, 120);">'flex'</span> <span style="color: rgb(212, 212, 212);">:</span> <span style="color: rgb(206, 145, 120);">'hidden'</span><span style="color: rgb(86, 156, 214);">}</span><span style="color: rgb(206, 145, 120);"> hover:bg-slate-100 dark:hover:bg-slate-700 rounded-md `</span><span style="color: rgb(86, 156, 214);">}</span> <span style="color: rgb(128, 128, 128);">&gt;&lt;</span><span style="color: rgb(86, 156, 214);">a</span><span style="color: rgb(128, 128, 128);">&gt;</span>Make Private<span style="color: rgb(128, 128, 128);">&lt;/</span><span style="color: rgb(86, 156, 214);">a</span><span style="color: rgb(128, 128, 128);">&gt;&lt;/</span><span style="color: rgb(86, 156, 214);">li</span><span style="color: rgb(128, 128, 128);">&gt;</span></p><p>&nbsp; &nbsp; &nbsp; &nbsp; &nbsp; &nbsp; &nbsp; &nbsp; &nbsp; &nbsp; &nbsp; &nbsp; &nbsp; &nbsp; <span style="color: rgb(128, 128, 128);">&lt;</span><span style="color: rgb(86, 156, 214);">li</span> <span style="color: rgb(156, 220, 254);">title</span><span style="color: rgb(212, 212, 212);">=</span><span style="color: rgb(206, 145, 120);">"report this post"</span> <span style="color: rgb(156, 220, 254);">className</span><span style="color: rgb(212, 212, 212);">=</span> <span style="color: rgb(86, 156, 214);">{</span><span style="color: rgb(206, 145, 120);">` </span><span style="color: rgb(86, 156, 214);">${</span><span style="color: rgb(156, 220, 254);">IsUserPost</span> <span style="color: rgb(212, 212, 212);">?</span> <span style="color: rgb(206, 145, 120);">'hidden'</span> <span style="color: rgb(212, 212, 212);">:</span> <span style="color: rgb(206, 145, 120);">'fl</span></p>	2024-11-29T21:37:35	\N	{"name": "kenji", "userID": "1", "profilePic": "http://127.0.0.1:8000/media/kenjicladia@gmail.com/kenjipexels-divinetechygirl-1181675 (1).jpg", "PostFileUrl": "/kenjicladia@gmail.com/Post/pexels-divinetechygirl-1181675.jpg", "PostFileType": "image"}	public	\N	kenjicladia@gmail.com
31	Cyber Security	<p>import socket</p><p>from datetime import datetime</p><p><br></p><p># Function to scan a single port</p><p>def scan_port(ip, port):</p><p>&nbsp;&nbsp;try:</p><p>&nbsp;&nbsp;&nbsp;&nbsp;# Create a socket and attempt to connect</p><p>&nbsp;&nbsp;&nbsp;&nbsp;with socket.socket(socket.AF_INET, socket.SOCK_STREAM) as s:</p><p>&nbsp;&nbsp;&nbsp;&nbsp;&nbsp;&nbsp;s.settimeout(1)&nbsp;# Set timeout for the connection</p><p>&nbsp;&nbsp;&nbsp;&nbsp;&nbsp;&nbsp;if s.connect_ex((ip, port)) == 0:</p><p>&nbsp;&nbsp;&nbsp;&nbsp;&nbsp;&nbsp;&nbsp;&nbsp;return True</p><p>&nbsp;&nbsp;except Exception as e:</p><p>&nbsp;&nbsp;&nbsp;&nbsp;pass</p><p>&nbsp;&nbsp;return False</p><p><br></p><p># Function to perform a port scan</p><p>def port_scanner(ip, start_port, end_port):</p><p>&nbsp;&nbsp;print(f"Starting scan on {ip}...")</p><p>&nbsp;&nbsp;print(f"Scanning ports {start_port} to {end_port}\\n")</p><p>&nbsp;&nbsp;&nbsp;</p><p>&nbsp;&nbsp;open_ports = []</p><p>&nbsp;&nbsp;start_time = datetime.now()</p><p><br></p><p>&nbsp;&nbsp;for port in range(start_port, end_port + 1):</p><p>&nbsp;&nbsp;&nbsp;&nbsp;if scan_port(ip, port):</p><p>&nbsp;&nbsp;&nbsp;&nbsp;&nbsp;&nbsp;print(f"[+] Port {port} is open.")</p><p>&nbsp;&nbsp;&nbsp;&nbsp;&nbsp;&nbsp;open_ports.append(port)</p><p>&nbsp;&nbsp;&nbsp;&nbsp;else:</p><p>&nbsp;&nbsp;&nbsp;&nbsp;&nbsp;&nbsp;print(f"[-] Port {port} is closed.")</p><p><br></p><p>&nbsp;&nbsp;end_time = datetime.now()</p><p>&nbsp;&nbsp;duration = end_time - start_time</p><p><br></p><p>&nbsp;&nbsp;print("\\nScan completed!")</p><p>&nbsp;&nbsp;print(f"Open ports: {open_ports}")</p><p>&nbsp;&nbsp;print(f"Scan duration: {duration}")</p><p><br></p><p>if __name__ == "__main__":</p><p>&nbsp;&nbsp;target_ip = input("Enter the target IP address: ").strip()</p><p>&nbsp;&nbsp;start_port = int(input("Enter the start port: "))</p><p>&nbsp;&nbsp;end_port = int(input("Enter the end port: "))</p><p><br></p><p>&nbsp;&nbsp;if start_port &lt; 1 or end_port &gt; 65535 or start_port &gt; end_port:</p><p>&nbsp;&nbsp;&nbsp;&nbsp;print("Invalid port range. Ports must be between 1 and 65535.")</p><p>&nbsp;&nbsp;else:</p><p>&nbsp;&nbsp;&nbsp;&nbsp;port_scanner(target_ip, start_port, end_port)</p><p><br></p>	2024-11-29T22:33:10	\N	{"name": "kenji", "userID": "1", "profilePic": "http://127.0.0.1:8000/media/kenjicladia@gmail.com/kenjipexels-divinetechygirl-1181675 (1).jpg", "PostFileUrl": "/kenjicladia@gmail.com/Post/pexels-brett-sayles-5203849.jpg", "PostFileType": "image"}	public	\N	kenjicladia@gmail.com
22	Jobs		2024-11-19T21:29:16	\N	{"name": "kenji", "profilePic": "http://127.0.0.1:8000/media/kenjicladia@gmail.com/kenjipexels-divinetechygirl-1181675 (1).jpg", "PostFileUrl": "/kenjicladia@gmail.com/Post/hm1.jpg", "PostFileType": "image"}	private	\N	kenjicladia@gmail.com
25	Letter	<p>My Dearest Love,</p><p>Words seem to fail me, to crumble and fall short of expressing the depth of feeling that swells within me whenever I think of you. It's a feeling as vast as the ocean, as warm as the summer sun, as comforting as a familiar melody.</p><p>I love your laughter, the way it bubbles up like a spring, chasing away shadows and filling the air with light. I love the way your eyes crinkle at the corners when you smile, a testament to the joy you bring into my life. I love the quiet moments we share, the unspoken understanding that passes between us, a language only our hearts can speak.</p><p>I love your strength, your resilience, the unwavering spirit that shines even in the face of adversity. I love your kindness, your compassion, the way you see the best in others and in me, even when I struggle to see it myself. I love your imperfections, the little quirks and flaws that make you uniquely and wonderfully you.</p><p>Being with you feels like coming home, a place of comfort, safety, and boundless love. You are my best friend, my confidante, my lover, my rock. You are the missing piece I never knew I was searching for, the sun that warms my soul.</p><p>Thank you for being you. Thank you for loving me, for choosing me, for sharing your life with me. Every day with you is a gift, a precious moment I cherish and hold dear.</p><p>Forever yours,</p><p>(Your Name)</p>	2024-11-27T15:46:19	\N	{"name": "kenji", "userID": "1", "profilePic": "/src/assets/images/fallback.jpeg", "PostFileUrl": "/kenjicladia@gmail.com/Post/null", "PostFileType": null}	public	\N	kenjicladia@gmail.com
21	Man of the galaxy	this i sadfsf as	2024-11-03T17:35:41	\N	{"name": "kenji", "profilePic": "http://127.0.0.1:8000/media/kenjicladia%40gmail.com/kenjipexels-divinetechygirl-1181675%20(1).jpg", "PostFileUrl": "/kenjicladia@gmail.com/Post/bgimage.jpg", "PostFileType": "image"}	public	["mack@gmail.com", "kenjicladia@gmail.com", "ann@gmail.com"]	kenjicladia@gmail.com
27	Letter	<h3>Key Points:</h3><ol><li><code><strong>setValue</strong></code>:</li></ol><ul><li class="ql-indent-1">Used to update the form's state with the content of <code>ReactQuill</code>.</li><li class="ql-indent-1">The <code>shouldValidate: true</code> option ensures validation runs when the value is set.</li></ul><ol><li><code><strong>register</strong></code><strong> for Hidden Input</strong>:</li></ol><ul><li class="ql-indent-1">Since <code>ReactQuill</code> doesn’t use a native <code>&lt;textarea&gt;</code>, you add a hidden input bound to the same field (<code>postContent</code>) to include it in the form submission.</li></ul><ol><li><code><strong>onChange</strong></code><strong> for ReactQuill</strong>:</li></ol><ul><li class="ql-indent-1">Captures content changes and updates the form state via <code>setValue</code>.</li></ul><p><br></p>	2024-11-27T16:26:32	\N	{"name": "kenji", "userID": "1", "profilePic": "http://127.0.0.1:8000/media/kenjicladia@gmail.com/kenjipexels-divinetechygirl-1181675 (1).jpg", "PostFileUrl": "/kenjicladia@gmail.com/Post/462539050_540295792227171_402438918306264927_n.jpg", "PostFileType": "image"}	public	["ann@gmail.com"]	kenjicladia@gmail.com
\.


--
-- Data for Name: Chat_postcomment; Type: TABLE DATA; Schema: public; Owner: kenji
--

COPY public."Chat_postcomment" (id, message, "CommentUserDetails", "dateCommented", "replyCommentDetails", account_email_id, post_id_id) FROM stdin;
117	adf	{"name": "kenji", "profilePic": "http://127.0.0.1:8000/media/kenjicladia%40gmail.com/kenjipexels-divinetechygirl-1181675%20(1).jpg"}	2024-11-03T17:36:21	""	kenjicladia@gmail.com	21
118	dfddf	{"name": "kenji", "profilePic": "http://127.0.0.1:8000/media/kenjicladia%40gmail.com/kenjipexels-divinetechygirl-1181675%20(1).jpg"}	2024-11-03T17:36:26	""	kenjicladia@gmail.com	21
119	hi	{"name": "kenji", "profilePic": "http://127.0.0.1:8000/media/kenjicladia%40gmail.com/kenjipexels-divinetechygirl-1181675%20(1).jpg"}	2024-11-03T17:44:48	""	kenjicladia@gmail.com	21
120	ok	{"name": "kenji", "profilePic": "http://127.0.0.1:8000/media/kenjicladia%40gmail.com/kenjipexels-divinetechygirl-1181675%20(1).jpg"}	2024-11-03T21:17:22	{"IsReply": true, "messege": "dfddf", "username": "kenji"}	kenjicladia@gmail.com	21
121	aaaaaaaaaaaaaaaaaaaaaaaaaaaaaaaaaaaaaaaaaaaaaaaaaaaaaaaaaaaaaaaaaaaaaaaaaaaaaaaaaaaaaaaaaaaaaaaaaaaaaaaaaaaaaaaaaaaaaaaaaaaaaaaaaaaaaaa	{"name": "kenji", "profilePic": "http://127.0.0.1:8000/media/kenjicladia%40gmail.com/kenjipexels-divinetechygirl-1181675%20(1).jpg"}	2024-11-03T21:31:51	{"IsReply": false, "messege": "", "username": ""}	kenjicladia@gmail.com	21
122	thi is my response to you	{"name": "kenji", "profilePic": "http://127.0.0.1:8000/media/kenjicladia%40gmail.com/kenjipexels-divinetechygirl-1181675%20(1).jpg"}	2024-11-03T21:40:36	{"IsReply": true, "messege": "aaaaaaaaaaaaaaaaaaaaaaaaaaaaaaaaaaaaaaaaaaaaaaaaaaaaaaaaaaaaaaaaaaaaaaaaaaaaaaaaaaaaaaaaaaaaaaaaaaaaaaaaaaaaaaaaaaaaaaaaaaaaaaaaaaaaaaa", "username": "kenji"}	kenjicladia@gmail.com	21
125	hi gga	{"name": "null", "profilePic": "http://127.0.0.1:8000/media/kenjicladia%40gmail.com/kenjipexels-divinetechygirl-1181675%20(1).jpg"}	2024-11-03T22:07:26	{"IsReply": false, "messege": "", "username": ""}	kenjicladia@gmail.com	21
128	asdf	{"name": "kenji", "profilePic": "http://127.0.0.1:8000/media/kenjicladia%40gmail.com/kenjipexels-divinetechygirl-1181675%20(1).jpg"}	2024-11-06T21:30:56	{"IsReply": false, "messege": "", "username": ""}	kenjicladia@gmail.com	21
129	sdfaa	{"name": "kenji", "profilePic": "http://127.0.0.1:8000/media/kenjicladia%40gmail.com/kenjipexels-divinetechygirl-1181675%20(1).jpg"}	2024-11-06T21:31:02	{"IsReply": false, "messege": "", "username": ""}	kenjicladia@gmail.com	21
131	aa	{"name": "kenji", "profilePic": "http://127.0.0.1:8000/media/kenjicladia%40gmail.com/kenjipexels-divinetechygirl-1181675%20(1).jpg"}	2024-11-06T21:32:33	{"IsReply": false, "messege": "", "username": ""}	kenjicladia@gmail.com	21
132	sdf	{"name": "kenji", "profilePic": "http://127.0.0.1:8000/media/kenjicladia%40gmail.com/kenjipexels-divinetechygirl-1181675%20(1).jpg"}	2024-11-06T21:32:38	{"IsReply": false, "messege": "", "username": ""}	kenjicladia@gmail.com	21
133	jjjjjjjjjjjjjjjjjjjjjjjjjjjjjjjjjjjj	{"name": "null", "profilePic": "http://127.0.0.1:8000/media/kenjicladia%40gmail.com/kenjipexels-divinetechygirl-1181675%20(1).jpg"}	2024-11-16T01:41:40	{"IsReply": true, "messege": "hey guys", "username": "kenji"}	kenjicladia@gmail.com	21
134	sd	{"name": "kenji", "profilePic": "http://127.0.0.1:8000/media/kenjicladia%40gmail.com/kenjipexels-divinetechygirl-1181675%20(1).jpg"}	2024-11-24T21:27:32	{"IsReply": false, "messege": "", "username": ""}	kenjicladia@gmail.com	22
135	er	{"name": "kenji", "userID": 1, "profilePic": "http://127.0.0.1:8000/media/kenjicladia%40gmail.com/kenjipexels-divinetechygirl-1181675%20(1).jpg"}	2024-11-24T21:33:32	{"IsReply": false, "messege": "", "username": ""}	kenjicladia@gmail.com	22
8455a387-c30a-4eb0-b3e2-57678a1ef11c	sdf	{"name": "kenji", "userID": "1", "profilePic": "http://127.0.0.1:8000/media/kenjicladia%40gmail.com/kenjipexels-divinetechygirl-1181675%20(1).jpg"}	2024-12-06T17:27:33	{"IsReply": false, "messege": "", "username": ""}	kenjicladia@gmail.com	27
0dd4326f-e1e3-437c-97fa-26496127033f	sss	{"name": "kenji", "userID": "1", "profilePic": "http://127.0.0.1:8000/media/kenjicladia%40gmail.com/kenjipexels-divinetechygirl-1181675%20(1).jpg"}	2024-12-06T17:28:03	{"IsReply": false, "messege": "", "username": ""}	kenjicladia@gmail.com	27
24a4e7b1-9b8f-4fff-82ae-06cf27034f25	asd	{"name": "kenji", "userID": "1", "profilePic": "http://127.0.0.1:8000/media/kenjicladia%40gmail.com/kenjipexels-divinetechygirl-1181675%20(1).jpg"}	2024-12-06T17:28:39	{"IsReply": false, "messege": "", "username": ""}	kenjicladia@gmail.com	27
45fd286e-d52f-43fc-b439-4a7312ff8694	sdaaaaaa	{"name": "kenji", "userID": "1", "profilePic": "http://127.0.0.1:8000/media/kenjicladia%40gmail.com/kenjipexels-divinetechygirl-1181675%20(1).jpg"}	2024-12-06T17:29:01	{"IsReply": false, "messege": "", "username": ""}	kenjicladia@gmail.com	27
071da751-5fea-46ca-bd0a-1ad5ee512d47	q	{"name": "kenji", "userID": "1", "profilePic": "http://127.0.0.1:8000/media/kenjicladia%40gmail.com/kenjipexels-divinetechygirl-1181675%20(1).jpg"}	2024-12-06T17:29:50	{"IsReply": false, "messege": "", "username": ""}	kenjicladia@gmail.com	27
0b99cca4-cbf2-4132-a278-2e839f566817		{"name": "kenji", "userID": "1", "profilePic": "http://127.0.0.1:8000/media/kenjicladia%40gmail.com/kenjipexels-divinetechygirl-1181675%20(1).jpg"}	2024-12-06T17:29:58	{"IsReply": false, "messege": "", "username": ""}	kenjicladia@gmail.com	27
cba63348-a55c-46ce-9130-00b3f98efc6d		{"name": "kenji", "userID": "1", "profilePic": "http://127.0.0.1:8000/media/kenjicladia%40gmail.com/kenjipexels-divinetechygirl-1181675%20(1).jpg"}	2024-12-06T17:31:57	{"IsReply": false, "messege": "", "username": ""}	kenjicladia@gmail.com	28
49453ac9-9108-46f1-b772-65c66134f55b	hey	{"name": "kenji", "userID": "1", "profilePic": "http://127.0.0.1:8000/media/kenjicladia%40gmail.com/kenjipexels-divinetechygirl-1181675%20(1).jpg"}	2024-12-06T17:37:26	{"IsReply": false, "messege": "", "username": ""}	kenjicladia@gmail.com	28
53d52223-5f4b-4f22-9439-e0448bc15068	craq	{"name": "kenji", "userID": "1", "profilePic": "http://127.0.0.1:8000/media/kenjicladia%40gmail.com/kenjipexels-divinetechygirl-1181675%20(1).jpg"}	2024-12-06T17:48:49	{"IsReply": false, "messege": "", "username": ""}	kenjicladia@gmail.com	28
678fd6ff-05db-4ef2-866f-86ecf67058ca	pen	{"name": "kenji", "userID": "1", "profilePic": "http://127.0.0.1:8000/media/kenjicladia%40gmail.com/kenjipexels-divinetechygirl-1181675%20(1).jpg"}	2024-12-06T17:49:39	{"IsReply": false, "messege": "", "username": ""}	kenjicladia@gmail.com	28
4896cd20-ddbc-4b1a-888c-d02b54758fbe	bad	{"name": "kenji", "userID": "1", "profilePic": "http://127.0.0.1:8000/media/kenjicladia%40gmail.com/kenjipexels-divinetechygirl-1181675%20(1).jpg"}	2024-12-06T17:51:17	{"IsReply": false, "messege": "", "username": ""}	kenjicladia@gmail.com	28
1fcaf4b8-261b-4def-8b82-9b95076769c1	aa	{"name": "kenji", "userID": "1", "profilePic": "http://127.0.0.1:8000/media/kenjicladia%40gmail.com/kenjipexels-divinetechygirl-1181675%20(1).jpg"}	2024-12-06T19:15:09	{"IsReply": false, "messege": "", "username": ""}	kenjicladia@gmail.com	21
281356e6-405d-4112-8297-ad82bb1c55a6	212	{"name": "kenji", "userID": "1", "profilePic": "http://127.0.0.1:8000/media/kenjicladia%40gmail.com/kenjipexels-divinetechygirl-1181675%20(1).jpg"}	2024-12-06T19:20:06	{"IsReply": false, "messege": "", "username": ""}	kenjicladia@gmail.com	21
235ed0d0-4f5f-4073-a080-4d1530252536	asdf	{"name": "kenji", "userID": "1", "profilePic": "http://127.0.0.1:8000/media/kenjicladia%40gmail.com/kenjipexels-divinetechygirl-1181675%20(1).jpg"}	2024-12-06T19:21:50	{"IsReply": false, "messege": "", "username": ""}	kenjicladia@gmail.com	21
72adc309-820b-420f-b470-cd26e0ac0341	sdf	{"name": "kenji", "userID": "1", "profilePic": "http://127.0.0.1:8000/media/kenjicladia%40gmail.com/kenjipexels-divinetechygirl-1181675%20(1).jpg"}	2024-12-06T19:25:41	{"IsReply": false, "messege": "", "username": ""}	kenjicladia@gmail.com	27
5fdf60e4-cc37-4b44-a59e-7469bfba65ea	asdf	{"name": "kenji", "userID": "1", "profilePic": "http://127.0.0.1:8000/media/kenjicladia%40gmail.com/kenjipexels-divinetechygirl-1181675%20(1).jpg"}	2024-12-06T19:31:43	{"IsReply": false, "messege": "", "username": ""}	kenjicladia@gmail.com	27
37c9eb2f-92e4-4a4d-971c-075a71743128	23	{"name": "kenji", "userID": "1", "profilePic": "http://127.0.0.1:8000/media/kenjicladia%40gmail.com/kenjipexels-divinetechygirl-1181675%20(1).jpg"}	2024-12-06T19:42:52	{"IsReply": false, "messege": "", "username": ""}	kenjicladia@gmail.com	21
6b6de3f9-6939-4332-a1db-116288f97ba9	ty	{"name": "kenji", "userID": "1", "profilePic": "http://127.0.0.1:8000/media/kenjicladia%40gmail.com/kenjipexels-divinetechygirl-1181675%20(1).jpg"}	2024-12-06T19:43:43	{"IsReply": true, "messege": "23", "username": "kenji"}	kenjicladia@gmail.com	21
2ff0e7b0-72e1-4a6f-8abf-fe4b5783a2be	1111	{"name": "kenji", "userID": "1", "profilePic": "http://127.0.0.1:8000/media/kenjicladia%40gmail.com/kenjipexels-divinetechygirl-1181675%20(1).jpg"}	2024-12-06T19:47:29	{"IsReply": false, "messege": "", "username": ""}	kenjicladia@gmail.com	21
713b7890-09a9-4280-b3b5-e6b780335268	test	{"name": "kenji", "userID": "1", "profilePic": "http://127.0.0.1:8000/media/kenjicladia%40gmail.com/kenjipexels-divinetechygirl-1181675%20(1).jpg"}	2024-12-11T14:46:45	{"IsReply": false, "messege": "", "username": ""}	kenjicladia@gmail.com	21
71ea99a3-8753-4d28-b4f5-a4ba073fe6a2	am ann	{"name": "Ann", "userID": "17", "profilePic": "http://127.0.0.1:8000/media/ann%40gmail.com/Annpexels-pixabay-276259.jpg"}	2024-12-11T14:52:26	{"IsReply": false, "messege": "", "username": ""}	ann@gmail.com	21
\.


--
-- Data for Name: Chat_requesttable; Type: TABLE DATA; Schema: public; Owner: kenji
--

COPY public."Chat_requesttable" (id, "UserId", "RoomName", "UserDetails", status, "Creator", groupname, account_email_id, "dateRequested") FROM stdin;
\.


--
-- Data for Name: Chat_savedpost; Type: TABLE DATA; Schema: public; Owner: kenji
--

COPY public."Chat_savedpost" (id, account_email_id, post_id) FROM stdin;
21	kenjicladia@gmail.com	21
24	kenjicladia@gmail.com	25
27	kenjicladia@gmail.com	22
30	kenjicladia@gmail.com	27
31	kenjicladia@gmail.com	28
755b2f22-36e7-4b15-84af-aa0f6d95856a	ann@gmail.com	27
8ccc3482-ae47-47fb-b1da-44236dcd3d74	ann@gmail.com	21
\.


--
-- Data for Name: auth_group; Type: TABLE DATA; Schema: public; Owner: kenji
--

COPY public.auth_group (id, name) FROM stdin;
\.


--
-- Data for Name: auth_group_permissions; Type: TABLE DATA; Schema: public; Owner: kenji
--

COPY public.auth_group_permissions (id, group_id, permission_id) FROM stdin;
\.


--
-- Data for Name: auth_permission; Type: TABLE DATA; Schema: public; Owner: kenji
--

COPY public.auth_permission (id, name, content_type_id, codename) FROM stdin;
1	Can add group chat	1	add_groupchat
2	Can change group chat	1	change_groupchat
3	Can delete group chat	1	delete_groupchat
4	Can view group chat	1	view_groupchat
5	Can add personal chats	2	add_personalchats
6	Can change personal chats	2	change_personalchats
7	Can delete personal chats	2	delete_personalchats
8	Can view personal chats	2	view_personalchats
9	Can add account	3	add_account
10	Can change account	3	change_account
11	Can delete account	3	delete_account
12	Can view account	3	view_account
13	Can add Token	4	add_blacklistabletoken
14	Can change Token	4	change_blacklistabletoken
15	Can delete Token	4	delete_blacklistabletoken
16	Can view Token	4	view_blacklistabletoken
17	Can add community chat	5	add_communitychat
18	Can change community chat	5	change_communitychat
19	Can delete community chat	5	delete_communitychat
20	Can view community chat	5	view_communitychat
21	Can add request table	6	add_requesttable
22	Can change request table	6	change_requesttable
23	Can delete request table	6	delete_requesttable
24	Can view request table	6	view_requesttable
25	Can add note pad	7	add_notepad
26	Can change note pad	7	change_notepad
27	Can delete note pad	7	delete_notepad
28	Can view note pad	7	view_notepad
29	Can add jobs table	8	add_jobstable
30	Can change jobs table	8	change_jobstable
31	Can delete jobs table	8	delete_jobstable
32	Can view jobs table	8	view_jobstable
33	Can add blacklisted token	9	add_blacklistedtoken
34	Can change blacklisted token	9	change_blacklistedtoken
35	Can delete blacklisted token	9	delete_blacklistedtoken
36	Can view blacklisted token	9	view_blacklistedtoken
37	Can add outstanding token	10	add_outstandingtoken
38	Can change outstanding token	10	change_outstandingtoken
39	Can delete outstanding token	10	delete_outstandingtoken
40	Can view outstanding token	10	view_outstandingtoken
41	Can add log entry	11	add_logentry
42	Can change log entry	11	change_logentry
43	Can delete log entry	11	delete_logentry
44	Can view log entry	11	view_logentry
45	Can add permission	12	add_permission
46	Can change permission	12	change_permission
47	Can delete permission	12	delete_permission
48	Can view permission	12	view_permission
49	Can add group	13	add_group
50	Can change group	13	change_group
51	Can delete group	13	delete_group
52	Can view group	13	view_group
53	Can add content type	14	add_contenttype
54	Can change content type	14	change_contenttype
55	Can delete content type	14	delete_contenttype
56	Can view content type	14	view_contenttype
57	Can add session	15	add_session
58	Can change session	15	change_session
59	Can delete session	15	delete_session
60	Can view session	15	view_session
61	Can add online status	16	add_onlinestatus
62	Can change online status	16	change_onlinestatus
63	Can delete online status	16	delete_onlinestatus
64	Can view online status	16	view_onlinestatus
65	Can add request job table	17	add_requestjobtable
66	Can change request job table	17	change_requestjobtable
67	Can delete request job table	17	delete_requestjobtable
68	Can view request job table	17	view_requestjobtable
69	Can add post	18	add_post
70	Can change post	18	change_post
71	Can delete post	18	delete_post
72	Can view post	18	view_post
73	Can add post comment	19	add_postcomment
74	Can change post comment	19	change_postcomment
75	Can delete post comment	19	delete_postcomment
76	Can view post comment	19	view_postcomment
77	Can add saved post	20	add_savedpost
78	Can change saved post	20	change_savedpost
79	Can delete saved post	20	delete_savedpost
80	Can view saved post	20	view_savedpost
81	Can add folder table	21	add_foldertable
82	Can change folder table	21	change_foldertable
83	Can delete folder table	21	delete_foldertable
84	Can view folder table	21	view_foldertable
85	Can add file table	22	add_filetable
86	Can change file table	22	change_filetable
87	Can delete file table	22	delete_filetable
88	Can view file table	22	view_filetable
89	Can add group chat users list	23	add_groupchatuserslist
90	Can change group chat users list	23	change_groupchatuserslist
91	Can delete group chat users list	23	delete_groupchatuserslist
92	Can view group chat users list	23	view_groupchatuserslist
93	Can add account followers	24	add_accountfollowers
94	Can change account followers	24	change_accountfollowers
95	Can delete account followers	24	delete_accountfollowers
96	Can view account followers	24	view_accountfollowers
97	Can add ai page carousels	25	add_aipagecarousels
98	Can change ai page carousels	25	change_aipagecarousels
99	Can delete ai page carousels	25	delete_aipagecarousels
100	Can view ai page carousels	25	view_aipagecarousels
\.


--
-- Data for Name: django_admin_log; Type: TABLE DATA; Schema: public; Owner: kenji
--

COPY public.django_admin_log (id, action_time, object_id, object_repr, action_flag, change_message, content_type_id, user_id) FROM stdin;
1	2024-09-16 11:00:03.583296+03	2	BRIAN ※ briannjuguna694@gmail.com	1	[{"added": {}}]	3	1
2	2024-09-16 11:00:26.732014+03	3	Mathew ※ mathewkwachira@gmail.com	1	[{"added": {}}]	3	1
3	2024-09-16 11:00:39.420544+03	4	mack ※ mack@gmail.com	1	[{"added": {}}]	3	1
4	2024-09-16 11:00:58.542879+03	5	kent ※ kent@gmail.com	1	[{"added": {}}]	3	1
5	2024-09-16 11:01:17.763336+03	6	john ※ johnjones@gmail.com	1	[{"added": {}}]	3	1
6	2024-09-16 11:01:48.527761+03	7	Ann ※ ann@gmail.com	1	[{"added": {}}]	3	1
7	2024-09-16 11:02:22.832608+03	1	1, P.A units	1	[{"added": {}}]	5	1
8	2024-09-16 11:03:18.66901+03	2	2, Gamers	1	[{"added": {}}]	5	1
9	2024-09-16 11:04:16.08663+03	3	3, E.Commerce	1	[{"added": {}}]	5	1
10	2024-09-16 11:04:48.281661+03	1	1, Group 1	1	[{"added": {}}]	1	1
11	2024-09-20 10:38:15.979301+03	2	3, Teachers	1	[{"added": {}}]	1	1
12	2024-09-20 10:47:36.629911+03	2	3, Teachers	2	[]	1	1
13	2024-09-20 10:48:12.754119+03	3	5, Agri.AI	1	[{"added": {}}]	1	1
14	2024-09-20 10:48:33.10626+03	4	6, Tech.Movers	1	[{"added": {}}]	1	1
15	2024-09-20 11:32:32.507916+03	3	3, E.Commerce	2	[{"changed": {"fields": ["Description"]}}]	5	1
16	2024-09-20 11:33:09.432559+03	3	3, E.Commerce	2	[{"changed": {"fields": ["Description"]}}]	5	1
17	2024-09-20 11:33:43.041308+03	3	3, E.Commerce	2	[{"changed": {"fields": ["About"]}}]	5	1
18	2024-09-21 09:02:02.912656+03	3	Mathew ※ mathewkwachira@gmail.com	2	[{"changed": {"fields": ["About"]}}]	3	1
19	2024-09-21 09:02:28.842994+03	7	Ann ※ ann@gmail.com	2	[{"changed": {"fields": ["About"]}}]	3	1
20	2024-09-21 09:02:53.536543+03	4	mack ※ mack@gmail.com	2	[{"changed": {"fields": ["About"]}}]	3	1
21	2024-09-21 09:08:26.078938+03	8	Joe ※ joejones@gmail.com	1	[{"added": {}}]	3	1
22	2024-09-21 10:08:05.289665+03	3	5, Agri.AI	2	[]	1	1
23	2024-09-21 10:08:27.047198+03	5	11, Testing Group	1	[{"added": {}}]	1	1
24	2024-10-16 21:37:36.181322+03	9	tester ※ tester@gmail.com	1	[{"added": {}}]	3	1
25	2024-10-16 21:39:18.642399+03	9	tester ※ tester@gmail.com	3		3	1
26	2024-10-16 21:43:11.107286+03	10	kent ※ tester@gmail.com	1	[{"added": {}}]	3	1
27	2024-10-16 21:43:24.384439+03	10	kent ※ tester@gmail.com	3		3	1
28	2024-10-16 22:13:55.500944+03	11	sdf ※ keasdf1254123frsdfSAF@gmail.com	3		3	1
29	2024-10-16 22:15:28.127638+03	12	sdf ※ keasdf1254123frsdfSAF@gmail.com	3		3	1
30	2024-10-26 20:55:48.37191+03	13	gest ※ gestuser@gmail.com	1	[{"added": {}}]	3	1
31	2024-11-06 14:42:15.147886+03	8	Joe ※ joejones@gmail.com	3		3	1
32	2024-11-06 14:42:36.192563+03	15	joe ※ joejones@gmail.com	1	[{"added": {}}]	3	1
33	2024-11-06 15:18:11.820152+03	6	3, Math	1	[{"added": {}}]	1	1
34	2024-11-06 20:47:30.991379+03	4	1, gamers	1	[{"added": {}}]	5	1
35	2024-11-06 20:58:17.120233+03	4	1, gamers	2	[{"changed": {"fields": ["Profile Picture"]}}]	5	1
36	2024-11-07 17:39:10.752691+03	10	RequestTable object (10)	3		6	1
37	2024-11-07 21:55:42.979127+03	15	joe ※ joejones@gmail.com	3		3	1
38	2024-11-07 21:56:06.905376+03	16	joe ※ joejones@gmail.com	1	[{"added": {}}]	3	1
39	2024-11-07 22:09:07.617353+03	7	Ann ※ ann@gmail.com	3		3	1
40	2024-11-07 22:09:28.523275+03	5	kent ※ kent@gmail.com	3		3	1
41	2024-11-07 22:09:45.446879+03	6	john ※ johnjones@gmail.com	3		3	1
42	2024-11-07 22:10:05.835568+03	17	Ann ※ ann@gmail.com	1	[{"added": {}}]	3	1
43	2024-11-07 22:10:26.205438+03	18	john ※ johnjones@gmail.coms	1	[{"added": {}}]	3	1
44	2024-11-07 22:17:40.885481+03	19	jack ※ jack@gmail.com	1	[{"added": {}}]	3	1
45	2024-11-07 22:27:25.761217+03	35	[,16 - 1 	3		2	1
46	2024-11-08 21:57:30.244876+03	4	1, gamers	2	[{"changed": {"fields": ["Description"]}}]	5	1
47	2024-11-08 21:57:52.757108+03	4	1, gamers	2	[{"changed": {"fields": ["Description"]}}]	5	1
48	2024-11-08 21:58:22.201663+03	4	1, gamers	2	[{"changed": {"fields": ["Description"]}}]	5	1
49	2024-11-08 21:59:01.088786+03	5	5, Teachers	1	[{"added": {}}]	5	1
50	2024-11-08 22:11:50.542043+03	6	3, Math	2	[{"changed": {"fields": ["About"]}}]	1	1
51	2024-11-08 23:54:48.061478+03	5	5, Teachers	2	[]	5	1
52	2024-11-08 23:54:57.878406+03	6	4e, sdfsf	1	[{"added": {}}]	5	1
53	2024-11-09 21:01:55.576552+03	7	sdf, sdaf	1	[{"added": {}}]	5	1
54	2024-11-09 21:02:01.742024+03	7	sdf, sdaf	3		5	1
55	2024-11-09 21:02:07.773943+03	5	5, Teachers	3		5	1
56	2024-11-09 21:02:27.720333+03	8	31, Teachers	1	[{"added": {}}]	5	1
57	2024-11-09 21:37:19.205948+03	7	12, test	1	[{"added": {}}]	1	1
58	2024-11-09 21:40:17.213536+03	8	3, sdf	1	[{"added": {}}]	1	1
59	2024-11-09 22:01:48.023907+03	9	3, test	1	[{"added": {}}]	1	1
60	2024-11-10 19:41:44.279771+03	10	3, test	1	[{"added": {}}]	1	1
61	2024-11-10 19:42:18.738962+03	10	3, test	2	[]	1	1
62	2024-11-10 19:42:34.268321+03	11	3232, test 2	1	[{"added": {}}]	1	1
63	2024-11-10 19:59:00.491229+03	11	3232, test 2	2	[]	1	1
64	2024-11-10 20:00:10.420244+03	12	e122e6d8, tech stars	1	[{"added": {}}]	1	1
65	2024-11-10 20:00:33.732144+03	12	e122e6d8, tech stars	2	[]	1	1
66	2024-11-10 20:00:36.596128+03	12	e122e6d8, tech stars	2	[]	1	1
67	2024-11-10 20:09:46.451162+03	13	4cd50d4e-6d9a-44, a	1	[{"added": {}}]	1	1
68	2024-11-12 20:52:39.704342+03	16	Comrades	3		1	1
69	2024-11-12 20:52:39.704342+03	15	Comrades	3		1	1
70	2024-11-12 20:52:39.704342+03	14	Comrades	3		1	1
71	2024-11-12 20:59:09.183288+03	17	Comrades	2	[{"changed": {"fields": ["Profile Picture"]}}]	1	1
72	2024-11-12 21:01:09.416652+03	17	Comrades	3		1	1
73	2024-11-12 21:11:32.919333+03	21	joe	3		1	1
74	2024-11-12 21:11:32.919333+03	20	sdfsdfs	3		1	1
75	2024-11-12 21:11:32.919333+03	19	joesdf	3		1	1
76	2024-11-12 21:13:35.473187+03	22	Brian Njugunaasd	3		1	1
77	2024-11-12 21:20:41.355722+03	23	Whats app	3		1	1
78	2024-11-12 21:21:26.278637+03	18	Comrades	3		1	1
79	2024-11-12 21:23:41.263249+03	24	test ba	1	[{"added": {}}]	1	1
80	2024-11-12 21:23:50.360737+03	24	test ba	3		1	1
81	2024-11-12 21:24:31.716803+03	24	test ba	3		1	1
82	2024-11-12 21:25:51.615763+03	12	tech stars	3		1	1
83	2024-11-12 21:26:08.528479+03	25	asdfsdfaaaaaaaaaaaa	1	[{"added": {}}]	1	1
84	2024-11-12 21:26:24.807757+03	25	asdfsdfaaaaaaaaaaaa	3		1	1
85	2024-11-12 21:27:03.815098+03	25	asdfsdfaaaaaaaaaaaa	3		1	1
86	2024-11-12 21:27:36.741557+03	26	aaaaaaaaaaaaaaaaaaaaaaaaa	1	[{"added": {}}]	1	1
87	2024-11-12 21:27:44.738912+03	26	aaaaaaaaaaaaaaaaaaaaaaaaa	3		1	1
88	2024-11-12 21:27:59.202499+03	26	aaaaaaaaaaaaaaaaaaaaaaaaa	3		1	1
89	2024-11-13 17:56:53.956539+03	13	a	2	[]	1	1
90	2024-11-13 17:56:58.355452+03	11	test 2	2	[]	1	1
91	2024-11-13 17:57:05.439249+03	27	asdf	1	[{"added": {}}]	1	1
92	2024-11-13 21:00:11.370271+03	10	0729a56e-625b-4f, community 1	1	[{"added": {}}]	5	1
93	2024-11-13 21:00:22.31773+03	11	a4cc970a-7fec-45, community 2	1	[{"added": {}}]	5	1
94	2024-11-13 21:00:31.415632+03	12	d0095447-8375-46, community 3	1	[{"added": {}}]	5	1
95	2024-11-13 21:00:39.013998+03	13	1d508a54-62b5-47, community 4	1	[{"added": {}}]	5	1
96	2024-11-13 21:00:47.378727+03	14	083cf26a-5014-44, community 4	1	[{"added": {}}]	5	1
97	2024-11-13 21:00:56.776338+03	15	e5f6c3f5-856d-42, community 5	1	[{"added": {}}]	5	1
98	2024-11-13 21:01:02.757463+03	16	f02667e7-19b9-4c, community 6	1	[{"added": {}}]	5	1
99	2024-11-13 21:01:09.422964+03	17	b7f3992f-d999-4a, community 7	1	[{"added": {}}]	5	1
100	2024-11-13 21:01:16.021867+03	18	9b2be406-9fba-45, community 8	1	[{"added": {}}]	5	1
101	2024-11-13 21:01:22.937582+03	19	717da3d6-e04e-44, community 9	1	[{"added": {}}]	5	1
102	2024-11-13 21:01:32.401176+03	20	c1b2e61d-d147-4f, community 10	1	[{"added": {}}]	5	1
103	2024-11-13 21:01:37.849709+03	21	29a26f23-aa23-4f, community 11	1	[{"added": {}}]	5	1
104	2024-11-13 21:01:44.482515+03	22	b759e929-b925-42, community 12	1	[{"added": {}}]	5	1
105	2024-11-13 21:01:52.412971+03	23	c13f3910-9748-49, community 13	1	[{"added": {}}]	5	1
106	2024-11-13 21:01:58.97691+03	24	b3233512-161e-40, community 14	1	[{"added": {}}]	5	1
107	2024-11-13 21:02:08.40896+03	25	e1058529-54cf-43, community 15	1	[{"added": {}}]	5	1
108	2024-11-13 21:02:19.640606+03	26	c2f77c53-64ca-47, community 16	1	[{"added": {}}]	5	1
109	2024-11-13 21:02:27.072877+03	27	992b0c8e-9a58-40, community 17	1	[{"added": {}}]	5	1
110	2024-11-13 21:02:34.48647+03	28	7ea8f7de-47ad-48, community 18	1	[{"added": {}}]	5	1
111	2024-11-13 21:02:40.801488+03	29	63f382ea-60ce-47, community 19	1	[{"added": {}}]	5	1
112	2024-11-13 21:02:49.299666+03	30	70ef29a4-1e10-41, community 20	1	[{"added": {}}]	5	1
113	2024-11-13 21:02:58.700342+03	31	69404798-bce4-4b, community 21	1	[{"added": {}}]	5	1
114	2024-11-13 21:03:08.045178+03	32	2689bc9b-4f21-48, community 22	1	[{"added": {}}]	5	1
115	2024-11-17 21:27:06.584827+03	13	Gest ※ gestuser@gmail.com	2	[{"changed": {"fields": ["Name", "About"]}}]	3	1
116	2024-11-17 21:32:22.556886+03	13	Gest ※ gestuser@gmail.com	2	[{"changed": {"fields": ["Name", "About"]}}]	3	1
118	2024-11-18 23:14:45.085576+03	16	joe ※ joejones@gmail.com	2	[{"changed": {"fields": ["Profile Picture"]}}]	3	1
117	2024-11-18 23:14:45.070013+03	16	joe ※ joejones@gmail.com	2	[{"changed": {"fields": ["Profile Picture"]}}]	3	1
119	2024-11-18 23:14:52.421345+03	16	joe ※ joejones@gmail.com	2	[]	3	1
120	2024-11-18 23:15:26.784495+03	20	asdfasdf ※ ann121212@gmail.com	1	[{"added": {}}]	3	1
121	2024-11-18 23:15:53.154038+03	20	asdfasdf ※ ann121212@gmail.com	3		3	1
122	2024-11-23 21:40:39.669018+03	2	BRIAN ※ briannjuguna694@gmail.com	2	[{"changed": {"fields": ["Profile Picture"]}}]	3	1
123	2024-11-28 11:27:29.336232+03	1	CV Generator	1	[{"added": {}}]	25	1
124	2024-11-28 11:41:21.944713+03	2	Closing Deals	1	[{"added": {}}]	25	1
125	2024-11-28 11:41:46.704917+03	2	Closing Deals	2	[{"changed": {"fields": ["Info"]}}]	25	1
126	2024-11-28 11:43:05.292447+03	3	Hydration and Performance	1	[{"added": {}}]	25	1
127	2024-11-28 14:25:06.987201+03	29	MUT	1	[{"added": {}}]	1	1
128	2024-11-28 14:25:18.400914+03	30	TED	1	[{"added": {}}]	1	1
129	2024-11-28 14:31:49.69669+03	1	OnlineStatus object (1)	2	[{"changed": {"fields": ["LastSeen"]}}]	16	1
130	2024-11-28 14:43:03.831881+03	1	OnlineStatus object (1)	2	[{"changed": {"fields": ["LastSeen"]}}]	16	1
131	2024-12-02 22:17:32.035544+03	13	gest ※ gestuser@gmail.com	3		3	1
135	2024-12-02 22:27:42.338842+03	522caf7e-236f-4c24-8775-48228a85033b	Gest ※ gestuser@gmail.com	1	[{"added": {}}]	3	1
136	2024-12-02 22:28:21.321721+03	87c8cd06-43af-443d-98d9-d9bed221f69e	Gest ※ gestuser@gmail.com	1	[{"added": {}}]	3	1
137	2024-12-02 22:29:31.166868+03	1ce2ffbe-27c0-4f7f-a390-9d25a5b67a2b	Gest ※ gestuser@gmail.com	1	[{"added": {}}]	3	1
138	2024-12-02 22:33:03.532888+03	dc77b762-be2d-4d97-9f67-0b8ab06e7258	gea	1	[{"added": {}}]	1	1
139	2024-12-02 22:33:24.994841+03	dc77b762-be2d-4d97-9f67-0b8ab06e7258	Tech	2	[{"changed": {"fields": ["Name"]}}]	1	1
140	2024-12-02 22:33:58.215405+03	19	Jack ※ jack@gmail.com	2	[{"changed": {"fields": ["Name"]}}]	3	1
141	2024-12-02 22:34:28.624613+03	357ed2d7-a2cd-4dbc-ba5d-7236017420b0	sdf ※ dfg@gmail.com	1	[{"added": {}}]	3	1
142	2024-12-02 22:36:54.850573+03	6888618e-0c06-4105-a7a2-b08bed89b38b	asdfasdf ※ asdfasdf@gmail.com	1	[{"added": {}}]	3	1
143	2024-12-02 22:37:24.407146+03	f46d6761-eacb-4d94-9c0f-fc1339eb28cf	asdfasdf ※ asdfasdf@gmail.com	1	[{"added": {}}]	3	1
144	2024-12-02 22:37:47.921315+03	98872492-39f1-44c9-9f69-b92debbe39ac	asdfasdf ※ asdfasdf@gmail.com	1	[{"added": {}}]	3	1
145	2024-12-02 22:39:45.459509+03	7c2bd5f8-24a0-4c83-8fd8-1ac5f7f90908	asdfasdf ※ asdfasdf@gmail.com	1	[{"added": {}}]	3	1
146	2024-12-02 22:39:59.923807+03	1a799caf-d6b7-4117-b245-2f537c8dc7fa	asdfasdf ※ asdfasdf@gmail.com	1	[{"added": {}}]	3	1
147	2024-12-02 22:40:17.584117+03	702a2e8b-e0b4-4204-9ff7-d8b9b8274a0e	asdfasdf ※ asdfasdf@gmail.com	1	[{"added": {}}]	3	1
148	2024-12-02 22:40:38.818063+03	9e28547f-66ef-4ece-94e2-8d901edbe1ff	asdfasdf ※ asdfasdf@gmail.com	1	[{"added": {}}]	3	1
149	2024-12-02 22:43:07.645046+03	4	mack ※ mack@gmail.com	2	[]	3	1
150	2024-12-02 22:43:16.98473+03	04daa57c-3bff-4bcf-89cf-856602834db6	asdfasdf ※ asdfasdf@gmail.com	1	[{"added": {}}]	3	1
151	2024-12-02 22:43:23.747123+03	04daa57c-3bff-4bcf-89cf-856602834db6	asdfasdf ※ asdfasdf@gmail.com	3		3	1
152	2024-12-02 22:43:36.931883+03	d5802e33-d46d-4bbb-bccb-32fe4f1446bc	Gest ※ gestuser@gmail.com	1	[{"added": {}}]	3	1
153	2024-12-02 22:45:50.641864+03	80fc1faf-3d27-4f4f-b64a-cf08226478cb	Test ※ testone@gmail.com	1	[{"added": {}}]	3	1
154	2024-12-02 22:46:07.944844+03	80fc1faf-3d27-4f4f-b64a-cf08226478cb	Test ※ testone@gmail.com	3		3	1
155	2024-12-06 15:27:02.702727+03	16	joe ※ joejones@gmail.com	3		3	1
156	2024-12-06 15:27:10.74314+03	19	jack ※ jack@gmail.com	3		3	1
157	2024-12-06 15:27:27.302809+03	c4097c21-9039-425d-9345-ad538915f232	jack ※ jack@gmail.com	1	[{"added": {}}]	3	1
158	2024-12-06 15:27:38.231463+03	7ca07d1b-d802-4675-af6a-e291b94e2ce0	john ※ joejones@gmail.com	1	[{"added": {}}]	3	1
\.


--
-- Data for Name: django_content_type; Type: TABLE DATA; Schema: public; Owner: kenji
--

COPY public.django_content_type (id, app_label, model) FROM stdin;
1	Chat	groupchat
2	Chat	personalchats
3	Chat	account
4	Chat	blacklistabletoken
5	Chat	communitychat
6	Chat	requesttable
7	Chat	notepad
8	Chat	jobstable
9	token_blacklist	blacklistedtoken
10	token_blacklist	outstandingtoken
11	admin	logentry
12	auth	permission
13	auth	group
14	contenttypes	contenttype
15	sessions	session
16	Chat	onlinestatus
17	Chat	requestjobtable
18	Chat	post
19	Chat	postcomment
20	Chat	savedpost
21	Chat	foldertable
22	Chat	filetable
23	Chat	groupchatuserslist
24	Chat	accountfollowers
25	Chat	aipagecarousels
\.


--
-- Data for Name: django_migrations; Type: TABLE DATA; Schema: public; Owner: kenji
--

COPY public.django_migrations (id, app, name, applied) FROM stdin;
1	contenttypes	0001_initial	2024-09-16 10:57:51.375493+03
2	contenttypes	0002_remove_content_type_name	2024-09-16 10:57:51.38363+03
3	auth	0001_initial	2024-09-16 10:57:51.424417+03
4	auth	0002_alter_permission_name_max_length	2024-09-16 10:57:51.434805+03
5	auth	0003_alter_user_email_max_length	2024-09-16 10:57:51.440426+03
6	auth	0004_alter_user_username_opts	2024-09-16 10:57:51.444669+03
7	auth	0005_alter_user_last_login_null	2024-09-16 10:57:51.451988+03
8	auth	0006_require_contenttypes_0002	2024-09-16 10:57:51.452657+03
9	auth	0007_alter_validators_add_error_messages	2024-09-16 10:57:51.45553+03
10	auth	0008_alter_user_username_max_length	2024-09-16 10:57:51.46325+03
11	auth	0009_alter_user_last_name_max_length	2024-09-16 10:57:51.467792+03
12	auth	0010_alter_group_name_max_length	2024-09-16 10:57:51.475567+03
13	auth	0011_update_proxy_permissions	2024-09-16 10:57:51.477636+03
14	auth	0012_alter_user_first_name_max_length	2024-09-16 10:57:51.485468+03
15	Chat	0001_initial	2024-09-16 10:57:51.550439+03
16	Chat	0002_alter_groupchat_chatlogs	2024-09-16 10:57:51.550439+03
17	Chat	0003_delete_someinfo	2024-09-16 10:57:51.550439+03
18	Chat	0004_alter_groupchat_profilepic	2024-09-16 10:57:51.573887+03
19	Chat	0005_communitychat_account_profilepic_and_more	2024-09-16 10:57:51.584888+03
20	Chat	0006_groupchat_userslist_alter_account_profilepic	2024-09-16 10:57:51.601323+03
21	Chat	0007_account_about_groupchat_joinrequest	2024-09-16 10:57:51.654075+03
22	Chat	0008_requesttable_remove_groupchat_joinrequest	2024-09-16 10:57:51.674302+03
23	Chat	0009_groupchat_creator_requesttable_creator	2024-09-16 10:57:51.687583+03
24	Chat	0010_groupchat_date_field_alter_groupchat_datecreated	2024-09-16 10:57:51.701155+03
25	Chat	0011_remove_groupchat_date_field_and_more	2024-09-16 10:57:51.717685+03
26	Chat	0012_alter_groupchat_creator	2024-09-16 10:57:51.725318+03
27	Chat	0013_remove_personalchats_about_and_more	2024-09-16 10:57:51.74957+03
28	Chat	0014_alter_communitychat_datecreated_and_more	2024-09-16 10:57:51.776836+03
29	Chat	0015_notepad	2024-09-16 10:57:51.787693+03
30	Chat	0016_alter_notepad_title	2024-09-16 10:57:51.801203+03
31	Chat	0017_alter_notepad_lasttext	2024-09-16 10:57:51.801203+03
32	Chat	0018_alter_notepad_lasttext	2024-09-16 10:57:51.81812+03
33	Chat	0019_alter_account_about	2024-09-16 10:57:51.826737+03
34	Chat	0020_jobstable_account_jobshistory_account_rattings	2024-09-16 10:57:51.850538+03
35	Chat	0021_account_requestedjobs_jobstable_request_and_more	2024-09-16 10:57:51.857225+03
36	Chat	0022_jobstable_requestids	2024-09-16 10:57:51.870355+03
37	admin	0001_initial	2024-09-16 10:57:51.891645+03
38	admin	0002_logentry_remove_auto_add	2024-09-16 10:57:51.89835+03
39	admin	0003_logentry_add_action_flag_choices	2024-09-16 10:57:51.903854+03
40	sessions	0001_initial	2024-09-16 10:57:51.91789+03
41	token_blacklist	0001_initial	2024-09-16 10:57:51.951811+03
42	token_blacklist	0002_outstandingtoken_jti_hex	2024-09-16 10:57:51.956892+03
43	token_blacklist	0003_auto_20171017_2007	2024-09-16 10:57:51.968439+03
44	token_blacklist	0004_auto_20171017_2013	2024-09-16 10:57:51.984724+03
45	token_blacklist	0005_remove_outstandingtoken_jti	2024-09-16 10:57:51.99516+03
46	token_blacklist	0006_auto_20171017_2113	2024-09-16 10:57:52.001386+03
47	token_blacklist	0007_auto_20171017_2214	2024-09-16 10:57:52.018003+03
48	token_blacklist	0008_migrate_to_bigautofield	2024-09-16 10:57:52.069983+03
49	token_blacklist	0010_fix_migrate_to_bigautofield	2024-09-16 10:57:52.083805+03
50	token_blacklist	0011_linearizes_history	2024-09-16 10:57:52.083805+03
51	token_blacklist	0012_alter_outstandingtoken_user	2024-09-16 10:57:52.106327+03
52	Chat	0023_onlinestatus	2024-09-16 15:57:34.190939+03
53	Chat	0024_requestjobtable_jobstable_acceptedids_and_more	2024-09-19 12:41:27.065969+03
54	Chat	0025_requesttable_groupname	2024-09-20 11:19:06.000491+03
55	Chat	0026_account_profileabout_account_profilephotos_and_more	2024-10-12 23:57:11.321823+03
56	Chat	0027_account_profilecoverphoto	2024-10-15 14:51:47.194472+03
57	Chat	0028_remove_account_profilepost_and_more	2024-10-22 00:10:10.120414+03
58	Chat	0029_alter_postcomment_post_id	2024-10-23 23:17:25.707035+03
59	Chat	0030_savedpost	2024-10-27 19:25:12.324769+03
60	Chat	0031_rename_post_id_savedpost_post	2024-10-27 22:03:16.921457+03
61	Chat	0032_alter_post_content_alter_post_postprivacy_and_more	2024-10-30 23:32:46.124332+03
62	Chat	0033_filetable_type	2024-11-01 12:23:05.676307+03
63	Chat	0034_alter_savedpost_unique_together	2024-11-02 23:25:58.726381+03
64	Chat	0035_personalchats_email_personalchats_name	2024-11-07 21:53:35.037299+03
65	Chat	0036_requesttable_account_email_and_more	2024-11-08 11:39:28.917052+03
66	Chat	0037_communitychat_creator	2024-11-08 22:35:46.155068+03
67	Chat	0038_alter_communitychat_creator_alter_groupchat_creator	2024-11-08 23:52:08.05573+03
68	Chat	0039_delete_jobstable_delete_requestjobtable_and_more	2024-11-10 19:40:40.742324+03
69	Chat	0040_remove_groupchat_userslist_and_more	2024-11-10 19:58:52.702674+03
70	Chat	0041_alter_groupchatuserslist_group_ref	2024-11-10 20:06:21.973797+03
71	Chat	0042_alter_groupchatuserslist_email	2024-11-10 20:51:33.835782+03
72	Chat	0043_alter_groupchat_title	2024-11-10 21:22:39.040097+03
73	Chat	0044_alter_communitychat_group_name_and_more	2024-11-13 17:55:36.39022+03
74	Chat	0045_remove_account_jobshistory_remove_account_rattings_and_more	2024-11-18 22:36:30.172174+03
75	Chat	0046_accountfollowers	2024-11-20 19:52:56.546046+03
76	Chat	0047_rename_followdat_accountfollowers_followedat	2024-11-20 19:56:42.157157+03
77	Chat	0048_remove_accountfollowers_status	2024-11-20 20:35:25.473711+03
78	Chat	0049_aipagecarousels	2024-11-28 11:26:32.596109+03
79	Chat	0050_alter_account_id_alter_accountfollowers_id_and_more	2024-12-02 22:17:01.610228+03
80	Chat	0051_personalchats_encryptionkey	2024-12-06 15:03:24.896935+03
81	Chat	0052_alter_personalchats_encryptionkey	2024-12-06 15:23:35.793006+03
\.


--
-- Data for Name: django_session; Type: TABLE DATA; Schema: public; Owner: kenji
--

COPY public.django_session (session_key, session_data, expire_date) FROM stdin;
g3z8983mtl7e9z8g56l7jvcmgs0yf2k2	.eJxVjDkOwjAUBe_iGll2HPNjSvqcIfqbSQDZUpYKcXeIlALaNzPvZQbc1nHYFp2HSczFeHP63Qj5oWUHcsdyq5ZrWeeJ7K7Ygy62r6LP6-H-HYy4jN86aIJOlKNz3FAE76kNXZMlkk_gWhA8J8CgjlghRYkZUmjUZ8oBuTXvD9t9OAk:1srvR2:1L2Q2G0aaaLwlRFXk4My1oeYsbOhz4vH3Z8lfmxM7Gg	2024-10-05 11:25:44.578606+03
8bok5d6gzjibu5jizqs7z6vaw40th9sa	.eJxVjDkOwjAUBe_iGll2HPNjSvqcIfqbSQDZUpYKcXeIlALaNzPvZQbc1nHYFp2HSczFeHP63Qj5oWUHcsdyq5ZrWeeJ7K7Ygy62r6LP6-H-HYy4jN86aIJOlKNz3FAE76kNXZMlkk_gWhA8J8CgjlghRYkZUmjUZ8oBuTXvD9t9OAk:1t18kt:gZTbRGoIfWWD_iDBd-IqieEb7v8iPtfrdQKtPJ67YHA	2024-10-30 21:28:19.298431+03
n4bxep8wvmgl9olx0vdz96gxd1iff4q1	.eJxVjDkOwjAUBe_iGll2HPNjSvqcIfqbSQDZUpYKcXeIlALaNzPvZQbc1nHYFp2HSczFeHP63Qj5oWUHcsdyq5ZrWeeJ7K7Ygy62r6LP6-H-HYy4jN86aIJOlKNz3FAE76kNXZMlkk_gWhA8J8CgjlghRYkZUmjUZ8oBuTXvD9t9OAk:1t8ePv:CzPfTpZmrs0NxDVTHMprQLu3K9EVt3KjjYSw1NohHI0	2024-11-20 14:41:43.889326+03
7156xj7yaec69gw2lvjuhs6ywaajojc8	.eJxVjDkOwjAUBe_iGll2HPNjSvqcIfqbSQDZUpYKcXeIlALaNzPvZQbc1nHYFp2HSczFeHP63Qj5oWUHcsdyq5ZrWeeJ7K7Ygy62r6LP6-H-HYy4jN86aIJOlKNz3FAE76kNXZMlkk_gWhA8J8CgjlghRYkZUmjUZ8oBuTXvD9t9OAk:1tDrDK:FlF8_Yt-aCJzLbxFTffCl8yI556v-QlOramWA0_CBJE	2024-12-04 23:22:14.508797+03
l7dblq6ukhh9i7rohjkrac2ks0na8g91	.eJxVjDkOwjAUBe_iGll2HPNjSvqcIfqbSQDZUpYKcXeIlALaNzPvZQbc1nHYFp2HSczFeHP63Qj5oWUHcsdyq5ZrWeeJ7K7Ygy62r6LP6-H-HYy4jN86aIJOlKNz3FAE76kNXZMlkk_gWhA8J8CgjlghRYkZUmjUZ8oBuTXvD9t9OAk:1tJXPm:umIpIR63C1u9RlrBCYkk7H9WOxbvPfSbA9CkCvaszo4	2024-12-20 15:26:34.366083+03
wojy2wu3a6104conivy0iw2h3u2sil3n	.eJxVjDkOwjAUBe_iGll2HPNjSvqcIfqbSQDZUpYKcXeIlALaNzPvZQbc1nHYFp2HSczFeHP63Qj5oWUHcsdyq5ZrWeeJ7K7Ygy62r6LP6-H-HYy4jN86aIJOlKNz3FAE76kNXZMlkk_gWhA8J8CgjlghRYkZUmjUZ8oBuTXvD9t9OAk:1tKhv2:liTEa5--i-j17k0MbQMXJP9145MYok5G7jN9du0UZMI	2024-12-23 20:51:40.116492+03
\.


--
-- Data for Name: token_blacklist_blacklistedtoken; Type: TABLE DATA; Schema: public; Owner: kenji
--

COPY public.token_blacklist_blacklistedtoken (id, blacklisted_at, token_id) FROM stdin;
1	2024-10-09 08:55:34.875972+03	84
2	2024-10-09 08:56:41.857016+03	85
34	2024-10-20 17:03:50.612794+03	186
35	2024-10-29 22:40:58.004076+03	331
36	2024-10-29 22:42:55.027308+03	332
37	2024-11-02 16:14:27.478706+03	372
38	2024-11-05 17:26:20.790229+03	389
39	2024-11-06 23:04:39.565424+03	407
40	2024-11-08 11:46:57.022849+03	413
41	2024-11-10 21:08:36.167695+03	425
42	2024-11-19 22:18:28.230751+03	469
43	2024-11-19 22:18:45.828045+03	470
44	2024-11-27 21:37:32.258887+03	519
45	2024-11-29 22:38:12.659194+03	538
46	2024-12-02 22:51:50.608582+03	545
47	2024-12-02 22:52:54.473444+03	546
48	2024-12-05 20:09:29.711102+03	547
49	2024-12-09 20:56:19.852295+03	573
50	2024-12-09 20:57:38.236917+03	574
51	2024-12-11 14:47:35.947505+03	577
52	2024-12-11 14:48:27.939392+03	578
53	2024-12-11 14:59:11.867922+03	579
54	2024-12-15 20:21:22.010307+03	582
55	2024-12-15 20:24:35.636472+03	583
56	2024-12-15 20:24:43.796663+03	584
57	2024-12-15 20:24:49.970595+03	585
58	2024-12-15 20:25:00.250373+03	586
59	2024-12-15 20:25:13.256662+03	587
60	2024-12-15 20:25:59.276627+03	588
61	2024-12-15 20:44:54.786782+03	589
\.


--
-- Data for Name: token_blacklist_outstandingtoken; Type: TABLE DATA; Schema: public; Owner: kenji
--

COPY public.token_blacklist_outstandingtoken (id, token, created_at, expires_at, user_id, jti) FROM stdin;
1	eyJhbGciOiJIUzI1NiIsInR5cCI6IkpXVCJ9.eyJ0b2tlbl90eXBlIjoicmVmcmVzaCIsImV4cCI6MTcyNjU2MDM0NywiaWF0IjoxNzI2NDczOTQ3LCJqdGkiOiIzYjk5OGU4YTgzNzI0YjY2ODgzM2M3MzUxZDU1NTU3NyIsInVzZXJfaWQiOjF9.AB9ePKvv5MNas-GoI1-VnvHNrlyhIj9aoiAryCkg2LU	2024-09-16 11:05:47.98427+03	2024-09-17 11:05:47+03	1	3b998e8a83724b668833c7351d555577
2	eyJhbGciOiJIUzI1NiIsInR5cCI6IkpXVCJ9.eyJ0b2tlbl90eXBlIjoicmVmcmVzaCIsImV4cCI6MTcyNjU2MDM2MSwiaWF0IjoxNzI2NDczOTYxLCJqdGkiOiI4NjI3NmQ2NTViYWE0ZjgwODk5NzhmNDIxOTMzY2VkYyIsInVzZXJfaWQiOjF9.0jqY_rcuIxFgoOxV9a5PZR2aLgq4xhneGXofDIMsXbU	2024-09-16 11:06:01.058295+03	2024-09-17 11:06:01+03	1	86276d655baa4f8089978f421933cedc
3	eyJhbGciOiJIUzI1NiIsInR5cCI6IkpXVCJ9.eyJ0b2tlbl90eXBlIjoicmVmcmVzaCIsImV4cCI6MTcyNjU2MDUyOCwiaWF0IjoxNzI2NDc0MTI4LCJqdGkiOiJkZjQ2MGY1MDM1NGQ0OGU5YjQ0MjgyYWRlZTYzYzA5MSIsInVzZXJfaWQiOjJ9.7tYEPvssCzCRMMfMS9KRptqtPepjsd0-otDDdsPJWfM	2024-09-16 11:08:48.254235+03	2024-09-17 11:08:48+03	2	df460f50354d48e9b44282adee63c091
4	eyJhbGciOiJIUzI1NiIsInR5cCI6IkpXVCJ9.eyJ0b2tlbl90eXBlIjoicmVmcmVzaCIsImV4cCI6MTcyNjU2MTc1NiwiaWF0IjoxNzI2NDc1MzU2LCJqdGkiOiJiZjVjYTRiNjAzYTM0MzljYTAwODZlYzc5NjhiYTgyZSIsInVzZXJfaWQiOjF9.8TIhKZ9QOKKePJ65EVZFN2Awnms1BRHJPmZeV--LsPM	2024-09-16 11:29:16.952204+03	2024-09-17 11:29:16+03	1	bf5ca4b603a3439ca0086ec7968ba82e
5	eyJhbGciOiJIUzI1NiIsInR5cCI6IkpXVCJ9.eyJ0b2tlbl90eXBlIjoicmVmcmVzaCIsImV4cCI6MTcyNjU2MTk4NiwiaWF0IjoxNzI2NDc1NTg2LCJqdGkiOiJiZDk2MWQ1NWE0YTI0YWEyODRlZmNkOTg5Nzg5ZjZkNSIsInVzZXJfaWQiOjJ9.yXw0mYrMyWBhqZtW0wZ2SpfA9m-E7K1JhWXe_TAk4aQ	2024-09-16 11:33:06.523526+03	2024-09-17 11:33:06+03	2	bd961d55a4a24aa284efcd989789f6d5
6	eyJhbGciOiJIUzI1NiIsInR5cCI6IkpXVCJ9.eyJ0b2tlbl90eXBlIjoicmVmcmVzaCIsImV4cCI6MTcyNjU3NzkzMiwiaWF0IjoxNzI2NDkxNTMyLCJqdGkiOiJmZTk2N2EwYzdhZTg0MjRmODY2NzNkYmY4MTdiNjVmZSIsInVzZXJfaWQiOjJ9.X1LhCClDeO_JibOcNjmi5kkLQB_dTe3WBVOcI2fzPQQ	2024-09-16 15:58:52.958466+03	2024-09-17 15:58:52+03	2	fe967a0c7ae8424f86673dbf817b65fe
7	eyJhbGciOiJIUzI1NiIsInR5cCI6IkpXVCJ9.eyJ0b2tlbl90eXBlIjoicmVmcmVzaCIsImV4cCI6MTcyNjU3OTM0OCwiaWF0IjoxNzI2NDkyOTQ4LCJqdGkiOiI4NjcwNWFkOTJjMjA0YzVlYTlhYjBiMDkzMmIyODg0MSIsInVzZXJfaWQiOjF9.PIu6-jltSztgUFbKiCucaz4_pvHy9gFvtQhnQW126Yw	2024-09-16 16:22:28.557376+03	2024-09-17 16:22:28+03	1	86705ad92c204c5ea9ab0b0932b28841
8	eyJhbGciOiJIUzI1NiIsInR5cCI6IkpXVCJ9.eyJ0b2tlbl90eXBlIjoicmVmcmVzaCIsImV4cCI6MTcyNjU4MDA5NiwiaWF0IjoxNzI2NDkzNjk2LCJqdGkiOiI0ZWE0Yzk0Zjc0MTc0ZmViYmQ2ZTNlYjllMmI0ZDgwZiIsInVzZXJfaWQiOjR9.qTdzUSPtZNT0cq4-gHi8b2FtIczi-Z9slXWm_E-KRm0	2024-09-16 16:34:56.714744+03	2024-09-17 16:34:56+03	4	4ea4c94f74174febbd6e3eb9e2b4d80f
9	eyJhbGciOiJIUzI1NiIsInR5cCI6IkpXVCJ9.eyJ0b2tlbl90eXBlIjoicmVmcmVzaCIsImV4cCI6MTcyNjU4MTQ5NCwiaWF0IjoxNzI2NDk1MDk0LCJqdGkiOiIyZDZkMjBjZDM5YjQ0ODZjOTFhYjViYjQ2ZTBmNGQ4NCIsInVzZXJfaWQiOjF9.mCaLpj6AI8ixcYN0Sen87B2R5eqSI9THVDfMYdiP2lo	2024-09-16 16:58:14.680072+03	2024-09-17 16:58:14+03	1	2d6d20cd39b4486c91ab5bb46e0f4d84
10	eyJhbGciOiJIUzI1NiIsInR5cCI6IkpXVCJ9.eyJ0b2tlbl90eXBlIjoicmVmcmVzaCIsImV4cCI6MTcyNjU4MzI0MCwiaWF0IjoxNzI2NDk2ODQwLCJqdGkiOiJkZmQxN2M5MWQyNDU0ZjdhYmFjYjcyZDc3ZTYwMGZjNiIsInVzZXJfaWQiOjR9.LJ8NkunCeD-w_ymb3COqa0pq1iHjRF1hkN6GUzPWHdw	2024-09-16 17:27:20.643273+03	2024-09-17 17:27:20+03	4	dfd17c91d2454f7abacb72d77e600fc6
11	eyJhbGciOiJIUzI1NiIsInR5cCI6IkpXVCJ9.eyJ0b2tlbl90eXBlIjoicmVmcmVzaCIsImV4cCI6MTcyNjU4MzQyMSwiaWF0IjoxNzI2NDk3MDIxLCJqdGkiOiJmMTkyZTA2MzI3NGI0M2QyYjcwMDNlMGMyZDExNDlkMiIsInVzZXJfaWQiOjF9.STAnH0EwnWAf2X3ecNkCmo_xKTLIwSif50cgUzVkacw	2024-09-16 17:30:21.799818+03	2024-09-17 17:30:21+03	1	f192e063274b43d2b7003e0c2d1149d2
12	eyJhbGciOiJIUzI1NiIsInR5cCI6IkpXVCJ9.eyJ0b2tlbl90eXBlIjoicmVmcmVzaCIsImV4cCI6MTcyNjU5OTA5OSwiaWF0IjoxNzI2NTEyNjk5LCJqdGkiOiI5MjViOGJkN2NmYzM0Mzk2OGUxMzRmYzk1NmIxYzEyOCIsInVzZXJfaWQiOjF9.cvLUwnP42bh6Ru4W6jNCAwgnutQrMga7szgGie-BzvI	2024-09-16 21:51:39.675196+03	2024-09-17 21:51:39+03	1	925b8bd7cfc343968e134fc956b1c128
14	eyJhbGciOiJIUzI1NiIsInR5cCI6IkpXVCJ9.eyJ0b2tlbl90eXBlIjoicmVmcmVzaCIsImV4cCI6MTcyNjYwMTA3NSwiaWF0IjoxNzI2NTE0Njc1LCJqdGkiOiJkZDE1ZDY2YjBjOTI0Y2FhOThiYjhkNjA2MTQ1OTUwYyIsInVzZXJfaWQiOjR9.KpSS_6UKp33H0OJYKXzzf69sY-iNGVO7Nklx4B-Rjag	2024-09-16 22:24:35.607476+03	2024-09-17 22:24:35+03	4	dd15d66b0c924caa98bb8d606145950c
15	eyJhbGciOiJIUzI1NiIsInR5cCI6IkpXVCJ9.eyJ0b2tlbl90eXBlIjoicmVmcmVzaCIsImV4cCI6MTcyNjYwMTM4NCwiaWF0IjoxNzI2NTE0OTg0LCJqdGkiOiJhODc4MDFkN2QxYmM0ZTc0ODZiMDM2ZGQxMmI3ZGJlZiIsInVzZXJfaWQiOjJ9.XlDXZgJXn8pV32l0Cxw6ecb5O27jwCdfPqEd10R5wHM	2024-09-16 22:29:44.907945+03	2024-09-17 22:29:44+03	2	a87801d7d1bc4e7486b036dd12b7dbef
17	eyJhbGciOiJIUzI1NiIsInR5cCI6IkpXVCJ9.eyJ0b2tlbl90eXBlIjoicmVmcmVzaCIsImV4cCI6MTcyNjYwMjQyMCwiaWF0IjoxNzI2NTE2MDIwLCJqdGkiOiJkZDRkOTBmYzY2NzU0NjY1ODQ0ZWRiZTYxMGNmMjFkNiIsInVzZXJfaWQiOjF9.QldjmTT5dhcMztStJO_i2bKBzI-npM0bW2zouPFVHK4	2024-09-16 22:47:00.279939+03	2024-09-17 22:47:00+03	1	dd4d90fc66754665844edbe610cf21d6
18	eyJhbGciOiJIUzI1NiIsInR5cCI6IkpXVCJ9.eyJ0b2tlbl90eXBlIjoicmVmcmVzaCIsImV4cCI6MTcyNjYwMjU3MywiaWF0IjoxNzI2NTE2MTczLCJqdGkiOiIyN2U1YmYyN2Q5ZDk0ODVlOTI4OWM2OWE5YzM3NGIzZiIsInVzZXJfaWQiOjF9.BMX2p9j63gLYqXPn4nrMjWKTSzfvT4H0cJJFytEMYMc	2024-09-16 22:49:33.07739+03	2024-09-17 22:49:33+03	1	27e5bf27d9d9485e9289c69a9c374b3f
19	eyJhbGciOiJIUzI1NiIsInR5cCI6IkpXVCJ9.eyJ0b2tlbl90eXBlIjoicmVmcmVzaCIsImV4cCI6MTcyNjYwMjg0NiwiaWF0IjoxNzI2NTE2NDQ2LCJqdGkiOiIyODY0YjEyZmFiYTI0MDVlYTRhZTM2NTMyMTljZmZlMyIsInVzZXJfaWQiOjJ9.DiASXIK5hyfJA2lK0lGb0NaDyYoVpL8lcJj5uYEfNXk	2024-09-16 22:54:06.778267+03	2024-09-17 22:54:06+03	2	2864b12faba2405ea4ae3653219cffe3
20	eyJhbGciOiJIUzI1NiIsInR5cCI6IkpXVCJ9.eyJ0b2tlbl90eXBlIjoicmVmcmVzaCIsImV4cCI6MTcyNjYwMjg3OCwiaWF0IjoxNzI2NTE2NDc4LCJqdGkiOiJlYzQ1ZWQyMTljMWY0M2ZjYWJiNGRjMTE3YTk2YjE0OCIsInVzZXJfaWQiOjF9.kgzmcREtI6Zdj8iw1Iu-g1SEdT_s3M7bBDf3RI2V2h0	2024-09-16 22:54:38.490826+03	2024-09-17 22:54:38+03	1	ec45ed219c1f43fcabb4dc117a96b148
22	eyJhbGciOiJIUzI1NiIsInR5cCI6IkpXVCJ9.eyJ0b2tlbl90eXBlIjoicmVmcmVzaCIsImV4cCI6MTcyNjYwNDQ1MywiaWF0IjoxNzI2NTE4MDUzLCJqdGkiOiIwYmY1Y2MzNzRlZGM0NDY4YTI2NDRiODQ0YTY0M2Q0YyIsInVzZXJfaWQiOjJ9.OPzFy_7anDVRrljth1jjf8PVVV5aBKDHwkwcvcJsnjQ	2024-09-16 23:20:53.996416+03	2024-09-17 23:20:53+03	2	0bf5cc374edc4468a2644b844a643d4c
23	eyJhbGciOiJIUzI1NiIsInR5cCI6IkpXVCJ9.eyJ0b2tlbl90eXBlIjoicmVmcmVzaCIsImV4cCI6MTcyNjYwNDQ1NiwiaWF0IjoxNzI2NTE4MDU2LCJqdGkiOiI0MGJmMTRlYmIwYzI0YmRkODlhMmNhZjBkMzg0OTg2MSIsInVzZXJfaWQiOjF9.uNusAChkYQV0V1Eb-EkxGq8VVVzGUkuoCJjlNrVfp9Q	2024-09-16 23:20:56.716812+03	2024-09-17 23:20:56+03	1	40bf14ebb0c24bdd89a2caf0d3849861
24	eyJhbGciOiJIUzI1NiIsInR5cCI6IkpXVCJ9.eyJ0b2tlbl90eXBlIjoicmVmcmVzaCIsImV4cCI6MTcyNjYwNTE4MiwiaWF0IjoxNzI2NTE4NzgyLCJqdGkiOiI3MDIxN2I2MTI5ZjU0ZWNhYjMwMWU4MzMyMTc2NWM4NiIsInVzZXJfaWQiOjF9.jo8W_K5VWqp5yHxyx3fofJxOhPPQzlLTx8AwONg6Nw4	2024-09-16 23:33:02.606158+03	2024-09-17 23:33:02+03	1	70217b6129f54ecab301e83321765c86
25	eyJhbGciOiJIUzI1NiIsInR5cCI6IkpXVCJ9.eyJ0b2tlbl90eXBlIjoicmVmcmVzaCIsImV4cCI6MTcyNjYwNTMyMywiaWF0IjoxNzI2NTE4OTIzLCJqdGkiOiI0OTI0MmMwYjkwM2Y0ZTQ0OGJmMDA5NjA1ZTg5N2VlNiIsInVzZXJfaWQiOjF9.ccy5U_bePro247-yzk8ZdZLTdeIgZFv3W8ugX4SX5HY	2024-09-16 23:35:23.265703+03	2024-09-17 23:35:23+03	1	49242c0b903f4e448bf009605e897ee6
26	eyJhbGciOiJIUzI1NiIsInR5cCI6IkpXVCJ9.eyJ0b2tlbl90eXBlIjoicmVmcmVzaCIsImV4cCI6MTcyNjYwNTQwOCwiaWF0IjoxNzI2NTE5MDA4LCJqdGkiOiI1YjEyZGE3MjViN2E0MDYwYmU0N2Q5NWU3ZDRjMzg3ZSIsInVzZXJfaWQiOjF9.-31ztJPXz-UtQk_r5iCBmS3O1a3K9qBSsZV--Y8bA9o	2024-09-16 23:36:48.565907+03	2024-09-17 23:36:48+03	1	5b12da725b7a4060be47d95e7d4c387e
27	eyJhbGciOiJIUzI1NiIsInR5cCI6IkpXVCJ9.eyJ0b2tlbl90eXBlIjoicmVmcmVzaCIsImV4cCI6MTcyNjYwNTUwOSwiaWF0IjoxNzI2NTE5MTA5LCJqdGkiOiJiMzNmOWFkMjM3ZmI0NGQzOTI5ZmIxNDE4OGYyZmNlNyIsInVzZXJfaWQiOjF9.f8AeEkNwzsQ6x9xhuEZV2UsNQtDvQBW33eThzM-c6yE	2024-09-16 23:38:29.417283+03	2024-09-17 23:38:29+03	1	b33f9ad237fb44d3929fb14188f2fce7
28	eyJhbGciOiJIUzI1NiIsInR5cCI6IkpXVCJ9.eyJ0b2tlbl90eXBlIjoicmVmcmVzaCIsImV4cCI6MTcyNjYwNTYyOCwiaWF0IjoxNzI2NTE5MjI4LCJqdGkiOiJkNzVhYzI4NGRmOTQ0ZDVkODJiNGM3OWM0NGVjZGQxOCIsInVzZXJfaWQiOjJ9.3lynFm95L-g-y7Ctv9zBSn3CHlJwbtGdA1XaJnkCUYc	2024-09-16 23:40:28.830308+03	2024-09-17 23:40:28+03	2	d75ac284df944d5d82b4c79c44ecdd18
32	eyJhbGciOiJIUzI1NiIsInR5cCI6IkpXVCJ9.eyJ0b2tlbl90eXBlIjoicmVmcmVzaCIsImV4cCI6MTcyNjc3MTYxMCwiaWF0IjoxNzI2Njg1MjEwLCJqdGkiOiI4ZmVhNGVjMWViYWE0YjA3YmY5OTQ0MzM0MGNiMzkzNyIsInVzZXJfaWQiOjF9.H4I81W-w49Vu0HqdXvfcE0-cTL1nq7wmG6hDPH0LqGI	2024-09-18 21:46:50.268077+03	2024-09-19 21:46:50+03	1	8fea4ec1ebaa4b07bf99443340cb3937
33	eyJhbGciOiJIUzI1NiIsInR5cCI6IkpXVCJ9.eyJ0b2tlbl90eXBlIjoicmVmcmVzaCIsImV4cCI6MTcyNjgyMTQwMSwiaWF0IjoxNzI2NzM1MDAxLCJqdGkiOiI5YjdjMzQ2NmExOGM0ZTg5YjlmMGRlZTQ3MWJjZTQyZiIsInVzZXJfaWQiOjF9.n8Bd7S1E0oZQ_pnRsYVPMLZKNJCR6ikwmMQNRHP3wh0	2024-09-19 11:36:41.767614+03	2024-09-20 11:36:41+03	1	9b7c3466a18c4e89b9f0dee471bce42f
34	eyJhbGciOiJIUzI1NiIsInR5cCI6IkpXVCJ9.eyJ0b2tlbl90eXBlIjoicmVmcmVzaCIsImV4cCI6MTcyNjgyNDA2OCwiaWF0IjoxNzI2NzM3NjY4LCJqdGkiOiIzYzA1OGI0OTZlYTk0YjY4ODRmYWE5MGJmNWI4ZDA5MCIsInVzZXJfaWQiOjR9.ToRKYEn2Q3OhZhq0-ONm7NNLhohb_LsRbarZfYE1Jg4	2024-09-19 12:21:08.476449+03	2024-09-20 12:21:08+03	4	3c058b496ea94b6884faa90bf5b8d090
35	eyJhbGciOiJIUzI1NiIsInR5cCI6IkpXVCJ9.eyJ0b2tlbl90eXBlIjoicmVmcmVzaCIsImV4cCI6MTcyNjgzMTU2MCwiaWF0IjoxNzI2NzQ1MTYwLCJqdGkiOiIzYzMxZjhjOTk2Y2E0ZjZmOWZmOTc4ODQ1MWY2NmEyYyIsInVzZXJfaWQiOjF9.wArVLTHoCrwE5IteXFZs0Zo74KG-dZ_nO703ATtSh2M	2024-09-19 14:26:00.011694+03	2024-09-20 14:26:00+03	1	3c31f8c996ca4f6f9ff9788451f66a2c
36	eyJhbGciOiJIUzI1NiIsInR5cCI6IkpXVCJ9.eyJ0b2tlbl90eXBlIjoicmVmcmVzaCIsImV4cCI6MTcyNjgzMjgxNywiaWF0IjoxNzI2NzQ2NDE3LCJqdGkiOiI5Yjk5NDkxZTcyYzQ0OWIwODVkOWJiNDdlYjYwYzg0NyIsInVzZXJfaWQiOjF9.uNWVyQYJQ9RIpy1fdUBE4zAROuZKZXlg236GVIClSZs	2024-09-19 14:46:57.575026+03	2024-09-20 14:46:57+03	1	9b99491e72c449b085d9bb47eb60c847
37	eyJhbGciOiJIUzI1NiIsInR5cCI6IkpXVCJ9.eyJ0b2tlbl90eXBlIjoicmVmcmVzaCIsImV4cCI6MTcyNjgzMjg4OCwiaWF0IjoxNzI2NzQ2NDg4LCJqdGkiOiJlZDE2YmJlMzE5YmY0ZTkxOTAzNjE2ZTFlYzZmZWM3OCIsInVzZXJfaWQiOjR9.6D9iFGtlLUotHHVrW5sDrvGm1geqS9t2u79gwQ7blA0	2024-09-19 14:48:08.226631+03	2024-09-20 14:48:08+03	4	ed16bbe319bf4e91903616e1ec6fec78
38	eyJhbGciOiJIUzI1NiIsInR5cCI6IkpXVCJ9.eyJ0b2tlbl90eXBlIjoicmVmcmVzaCIsImV4cCI6MTcyNjgzMjk1NSwiaWF0IjoxNzI2NzQ2NTU1LCJqdGkiOiIxNzEwY2UwZGM3ZjY0NjhhYjFkZWY0ZTA3N2ZiMDhlZiIsInVzZXJfaWQiOjN9.97g4qVxOXQZxpqQs7VlGxP-7Xdt6WIazey-W85ECm3Y	2024-09-19 14:49:15.539175+03	2024-09-20 14:49:15+03	3	1710ce0dc7f6468ab1def4e077fb08ef
39	eyJhbGciOiJIUzI1NiIsInR5cCI6IkpXVCJ9.eyJ0b2tlbl90eXBlIjoicmVmcmVzaCIsImV4cCI6MTcyNjg2NDc0NywiaWF0IjoxNzI2Nzc4MzQ3LCJqdGkiOiJlNTA1NzM2M2FmOGE0NGFjYjY2YzI1NWUwMzA5ZjNmMyIsInVzZXJfaWQiOjF9.Q4HP5XwRg6KlfJnGHwap0Q8HwcfpFYrKdVxbxd3f2hA	2024-09-19 23:39:07.417291+03	2024-09-20 23:39:07+03	1	e5057363af8a44acb66c255e0309f3f3
40	eyJhbGciOiJIUzI1NiIsInR5cCI6IkpXVCJ9.eyJ0b2tlbl90eXBlIjoicmVmcmVzaCIsImV4cCI6MTcyNjg5NDgxOSwiaWF0IjoxNzI2ODA4NDE5LCJqdGkiOiIwNjhlODg4YjI0M2M0YTEwODBjMzU2OTZjODBmZTQ0OCIsInVzZXJfaWQiOjF9.yNkhyMifT7-hJuzk8k3gM6QIT0tNrrlwWGHJH1-snfM	2024-09-20 08:00:19.392015+03	2024-09-21 08:00:19+03	1	068e888b243c4a1080c35696c80fe448
41	eyJhbGciOiJIUzI1NiIsInR5cCI6IkpXVCJ9.eyJ0b2tlbl90eXBlIjoicmVmcmVzaCIsImV4cCI6MTcyNjg5ODMzMSwiaWF0IjoxNzI2ODExOTMxLCJqdGkiOiJlZWE0OTY0YzlhNDE0MTBiODI3YzE0NDM1MGY0NmQ5ZCIsInVzZXJfaWQiOjR9.HTz4bkkfRmcZYnGokY3k8Bsm2jEiL8FUR46Na3ABZXM	2024-09-20 08:58:51.32598+03	2024-09-21 08:58:51+03	4	eea4964c9a41410b827c144350f46d9d
42	eyJhbGciOiJIUzI1NiIsInR5cCI6IkpXVCJ9.eyJ0b2tlbl90eXBlIjoicmVmcmVzaCIsImV4cCI6MTcyNjg5OTAyOSwiaWF0IjoxNzI2ODEyNjI5LCJqdGkiOiJhYjlmMjY4NGI3MGM0MGY4YWVjOGRmMDZlYmNmZjQ2MyIsInVzZXJfaWQiOjF9.awhuZ6Wq6pLDHbm2vf-AY0XvycbAvK7loimEMMlQ4E8	2024-09-20 09:10:29.193099+03	2024-09-21 09:10:29+03	1	ab9f2684b70c40f8aec8df06ebcff463
43	eyJhbGciOiJIUzI1NiIsInR5cCI6IkpXVCJ9.eyJ0b2tlbl90eXBlIjoicmVmcmVzaCIsImV4cCI6MTcyNjkwMDkwMywiaWF0IjoxNzI2ODE0NTAzLCJqdGkiOiJjOTUzZTI1MmJlN2U0YzQ1OWNhYzQ4ZDhmZDkyNDMyNyIsInVzZXJfaWQiOjF9.vhYBNW7fdymXqC9lWSmB7QYPCro_4__fZk0s4ssB-7M	2024-09-20 09:41:43.683231+03	2024-09-21 09:41:43+03	1	c953e252be7e4c459cac48d8fd924327
44	eyJhbGciOiJIUzI1NiIsInR5cCI6IkpXVCJ9.eyJ0b2tlbl90eXBlIjoicmVmcmVzaCIsImV4cCI6MTcyNjkwMDk1OCwiaWF0IjoxNzI2ODE0NTU4LCJqdGkiOiI4MjdkYmQ5MGZmOTY0Y2EzODdkMGI3MjhiMGZiN2JkNCIsInVzZXJfaWQiOjF9.xHaGywgAkt16b2i4P7elnnerTgPbtofob-Z3psdtqzc	2024-09-20 09:42:38.421708+03	2024-09-21 09:42:38+03	1	827dbd90ff964ca387d0b728b0fb7bd4
45	eyJhbGciOiJIUzI1NiIsInR5cCI6IkpXVCJ9.eyJ0b2tlbl90eXBlIjoicmVmcmVzaCIsImV4cCI6MTcyNjkwMDk3MCwiaWF0IjoxNzI2ODE0NTcwLCJqdGkiOiJmN2I5ODA2ZTdiOTY0YWQ1YWRiNDAyNDVmNGFjMTExOCIsInVzZXJfaWQiOjF9.lbfp2WX4l9zMXe9I4BAhjK-qHq2Z4koJRpJzDrhQu0g	2024-09-20 09:42:50.735428+03	2024-09-21 09:42:50+03	1	f7b9806e7b964ad5adb40245f4ac1118
46	eyJhbGciOiJIUzI1NiIsInR5cCI6IkpXVCJ9.eyJ0b2tlbl90eXBlIjoicmVmcmVzaCIsImV4cCI6MTcyNjkwMTM2NCwiaWF0IjoxNzI2ODE0OTY0LCJqdGkiOiI2ZmUxODBjMjljZDk0Y2Q2YmQzOGViOTkzMzQxMDUzYyIsInVzZXJfaWQiOjN9.WPe8Evwr2VYBq_lOfH-jCAzQjTH4B7ZS76snudoTMDA	2024-09-20 09:49:24.240961+03	2024-09-21 09:49:24+03	3	6fe180c29cd94cd6bd38eb993341053c
47	eyJhbGciOiJIUzI1NiIsInR5cCI6IkpXVCJ9.eyJ0b2tlbl90eXBlIjoicmVmcmVzaCIsImV4cCI6MTcyNjkwMjg3OSwiaWF0IjoxNzI2ODE2NDc5LCJqdGkiOiI1ODE4MzViNGY0ODI0MThjYmUwYzEzNzA4YTdlZmZjZCIsInVzZXJfaWQiOjR9.KWLrhdzqRtG84h3k8aTvesZXSgjC-86e6LIl20xyaiQ	2024-09-20 10:14:39.181322+03	2024-09-21 10:14:39+03	4	581835b4f482418cbe0c13708a7effcd
48	eyJhbGciOiJIUzI1NiIsInR5cCI6IkpXVCJ9.eyJ0b2tlbl90eXBlIjoicmVmcmVzaCIsImV4cCI6MTcyNjkwNTM3MiwiaWF0IjoxNzI2ODE4OTcyLCJqdGkiOiJkNTg3ZjdlODFmMmU0ODlhYTcyZGY4ODk4Mjk1NjM5NSIsInVzZXJfaWQiOjR9.0bTFG3536yqUr5qqN6Xf7Vonj8nw1YJ6U1QqtnEq8yE	2024-09-20 10:56:12.689768+03	2024-09-21 10:56:12+03	4	d587f7e81f2e489aa72df88982956395
30	eyJhbGciOiJIUzI1NiIsInR5cCI6IkpXVCJ9.eyJ0b2tlbl90eXBlIjoicmVmcmVzaCIsImV4cCI6MTcyNjYwNTc4NywiaWF0IjoxNzI2NTE5Mzg3LCJqdGkiOiIwYTcwZGVkNmYzZGY0ZjE5YjQ2MTBhOGExMTk5NjM2ZSIsInVzZXJfaWQiOjV9.sCS6g-VZ7Qy5zkbPrfDgPy3KTUqe3dw2iSqPGjJGEUA	2024-09-16 23:43:07.557846+03	2024-09-17 23:43:07+03	\N	0a70ded6f3df4f19b4610a8a1199636e
49	eyJhbGciOiJIUzI1NiIsInR5cCI6IkpXVCJ9.eyJ0b2tlbl90eXBlIjoicmVmcmVzaCIsImV4cCI6MTcyNjkxMTU4MCwiaWF0IjoxNzI2ODI1MTgwLCJqdGkiOiJmZDI3MTU3Yjk1MjU0NDE5OGJkMGMwOTkyMzJkY2YwNiIsInVzZXJfaWQiOjF9.GguWHHJpqyzjF8nCOzXbYBLljQkinCTa2FQFoTkj7FM	2024-09-20 12:39:40.922592+03	2024-09-21 12:39:40+03	1	fd27157b952544198bd0c099232dcf06
50	eyJhbGciOiJIUzI1NiIsInR5cCI6IkpXVCJ9.eyJ0b2tlbl90eXBlIjoicmVmcmVzaCIsImV4cCI6MTcyNjkxMTk2NCwiaWF0IjoxNzI2ODI1NTY0LCJqdGkiOiJkN2NiNzAyNTk1ZWY0NGM2ODlhYzA3OTlkNGMxNGVlNiIsInVzZXJfaWQiOjF9.5MAq-w6sv1iKpCSp1dqnGJv6LYtlWCE8gB6Nwi_VqKU	2024-09-20 12:46:04.015923+03	2024-09-21 12:46:04+03	1	d7cb702595ef44c689ac0799d4c14ee6
51	eyJhbGciOiJIUzI1NiIsInR5cCI6IkpXVCJ9.eyJ0b2tlbl90eXBlIjoicmVmcmVzaCIsImV4cCI6MTcyNjk0NTQ5OSwiaWF0IjoxNzI2ODU5MDk5LCJqdGkiOiJkOWQzNWQxOTI0Mjk0YjIxODg2OWQ3OWNlYjU5ZmYzMiIsInVzZXJfaWQiOjF9.C0nZuyDM5PdtFxCW2edjLC25A7rPsaa7z7vvFLP3E_E	2024-09-20 22:04:59.545593+03	2024-09-21 22:04:59+03	1	d9d35d1924294b218869d79ceb59ff32
52	eyJhbGciOiJIUzI1NiIsInR5cCI6IkpXVCJ9.eyJ0b2tlbl90eXBlIjoicmVmcmVzaCIsImV4cCI6MTcyNjk0NzA2OSwiaWF0IjoxNzI2ODYwNjY5LCJqdGkiOiI4Y2UyZjM2OTJkZmM0ZjRmOGI5ZGYzNjVjMDliZTY4MCIsInVzZXJfaWQiOjF9.J-kPS0vdXNeZODkTrpzlmcCsiDfFxNdDyDV4m9Q2UTk	2024-09-20 22:31:09.873162+03	2024-09-21 22:31:09+03	1	8ce2f3692dfc4f4f8b9df365c09be680
53	eyJhbGciOiJIUzI1NiIsInR5cCI6IkpXVCJ9.eyJ0b2tlbl90eXBlIjoicmVmcmVzaCIsImV4cCI6MTcyNjk0NzEzOCwiaWF0IjoxNzI2ODYwNzM4LCJqdGkiOiIxNmI2YzQzOWZiMGY0YzgxYjdmM2UwMGI3YWQxYWU4NCIsInVzZXJfaWQiOjF9.aLGQv5Q1ixV7r0s0ced4_uzWClY9AWb9zvavSmXwVvw	2024-09-20 22:32:18.23152+03	2024-09-21 22:32:18+03	1	16b6c439fb0f4c81b7f3e00b7ad1ae84
54	eyJhbGciOiJIUzI1NiIsInR5cCI6IkpXVCJ9.eyJ0b2tlbl90eXBlIjoicmVmcmVzaCIsImV4cCI6MTcyNjk0NzY4MCwiaWF0IjoxNzI2ODYxMjgwLCJqdGkiOiI0NzIyNmQzODI2OGE0ZDYwYTI3N2E1ZDkzZDIwMGZmNyIsInVzZXJfaWQiOjF9.7VsSq4oBpqZPutga_TqZqPCt1LpLa_8kJyj_JB5Vzgw	2024-09-20 22:41:20.984199+03	2024-09-21 22:41:20+03	1	47226d38268a4d60a277a5d93d200ff7
55	eyJhbGciOiJIUzI1NiIsInR5cCI6IkpXVCJ9.eyJ0b2tlbl90eXBlIjoicmVmcmVzaCIsImV4cCI6MTcyNjk1MTQzNiwiaWF0IjoxNzI2ODY1MDM2LCJqdGkiOiI2NmE4ZDM1NzQxMzQ0YTFhYmRlN2JlZjJjYWM1MGUwMiIsInVzZXJfaWQiOjF9.h4f5K8nfaUcLCCV6T3yP3ycI4Fj3HuFfr7gkfVZuY74	2024-09-20 23:43:56.528922+03	2024-09-21 23:43:56+03	1	66a8d35741344a1abde7bef2cac50e02
56	eyJhbGciOiJIUzI1NiIsInR5cCI6IkpXVCJ9.eyJ0b2tlbl90eXBlIjoicmVmcmVzaCIsImV4cCI6MTcyNjk4NDgxMywiaWF0IjoxNzI2ODk4NDEzLCJqdGkiOiI4MDU1NTBhYmIzNTE0OWZiYTgzOGE3MzcxMTI4ZDliZCIsInVzZXJfaWQiOjF9.YtqcOGZbXr8igx9qZvpy7FScZG-nd_oC0kCO6LJGBZ4	2024-09-21 09:00:13.989335+03	2024-09-22 09:00:13+03	1	805550abb35149fba838a7371128d9bd
58	eyJhbGciOiJIUzI1NiIsInR5cCI6IkpXVCJ9.eyJ0b2tlbl90eXBlIjoicmVmcmVzaCIsImV4cCI6MTcyNjk4NTE4NiwiaWF0IjoxNzI2ODk4Nzg2LCJqdGkiOiJlYmNlNDM0MjkyMjc0ZTVlODQ2MDU3NjQ1ZDk3ZjgyZCIsInVzZXJfaWQiOjN9.H_bqxzwFlrvvs91hbf_8UG_FMGfV9OK2w0kp136qmhA	2024-09-21 09:06:26.9319+03	2024-09-22 09:06:26+03	3	ebce434292274e5e846057645d97f82d
59	eyJhbGciOiJIUzI1NiIsInR5cCI6IkpXVCJ9.eyJ0b2tlbl90eXBlIjoicmVmcmVzaCIsImV4cCI6MTcyNjk4NjI1OSwiaWF0IjoxNzI2ODk5ODU5LCJqdGkiOiI4MjA1OTdhOTdiMGQ0YThiOGRkNzUxZWRmZjFjMTFjNSIsInVzZXJfaWQiOjF9.lv-Qp3th5raAMghXrKibaN_d5M2Nu_XkH0BYpZqCsjo	2024-09-21 09:24:19.989351+03	2024-09-22 09:24:19+03	1	820597a97b0d4a8b8dd751edff1c11c5
60	eyJhbGciOiJIUzI1NiIsInR5cCI6IkpXVCJ9.eyJ0b2tlbl90eXBlIjoicmVmcmVzaCIsImV4cCI6MTcyNjk4NjI5MSwiaWF0IjoxNzI2ODk5ODkxLCJqdGkiOiIxY2M4YzA2OTVhZWI0MzU3ODY4MDI4ZDU4YzljOWFmYSIsInVzZXJfaWQiOjN9.LKB9dcffHRVXEx8KY_mwfQcuZlLD541ZZbFyjy5zbe0	2024-09-21 09:24:51.2339+03	2024-09-22 09:24:51+03	3	1cc8c0695aeb4357868028d58c9c9afa
61	eyJhbGciOiJIUzI1NiIsInR5cCI6IkpXVCJ9.eyJ0b2tlbl90eXBlIjoicmVmcmVzaCIsImV4cCI6MTcyNjk4NjM4OCwiaWF0IjoxNzI2ODk5OTg4LCJqdGkiOiI2NGMwMzJmY2M3ZTI0MmVlODAyZTQ3NTM2NzE5ZjQ0MCIsInVzZXJfaWQiOjF9.IeEsTAVqJ_VV8-8QQFT59nK9kktHwU5i_qZ4mWln4mc	2024-09-21 09:26:28.692649+03	2024-09-22 09:26:28+03	1	64c032fcc7e242ee802e47536719f440
62	eyJhbGciOiJIUzI1NiIsInR5cCI6IkpXVCJ9.eyJ0b2tlbl90eXBlIjoicmVmcmVzaCIsImV4cCI6MTcyNjk4NjQwMiwiaWF0IjoxNzI2OTAwMDAyLCJqdGkiOiJjNDEyNGJmYWYxMjg0YmIxOTEwNzg3ZWFiYjdlOGE5ZSIsInVzZXJfaWQiOjN9.ETqVPW6XianIV0U5saeU-aKZZHceJaautkx_qRaudtw	2024-09-21 09:26:42.137989+03	2024-09-22 09:26:42+03	3	c4124bfaf1284bb1910787eabb7e8a9e
63	eyJhbGciOiJIUzI1NiIsInR5cCI6IkpXVCJ9.eyJ0b2tlbl90eXBlIjoicmVmcmVzaCIsImV4cCI6MTcyNjk4NjQ5NSwiaWF0IjoxNzI2OTAwMDk1LCJqdGkiOiI3OTk1NjQ1YWI3YWM0OGU2YTQxYjkwNTBhZDkxNWQ1MyIsInVzZXJfaWQiOjN9.xos4JCWzpAh9Szl68bnuM-uWPbsa4sx0XkdBEHg1w1Q	2024-09-21 09:28:15.683357+03	2024-09-22 09:28:15+03	3	7995645ab7ac48e6a41b9050ad915d53
64	eyJhbGciOiJIUzI1NiIsInR5cCI6IkpXVCJ9.eyJ0b2tlbl90eXBlIjoicmVmcmVzaCIsImV4cCI6MTcyNjk4NzQ4NCwiaWF0IjoxNzI2OTAxMDg0LCJqdGkiOiIwMGNmM2NiNjM5NzY0MTQyYjBmNzZhNWZmNjk3ZTE1MyIsInVzZXJfaWQiOjN9.dJOEDIWrIcGSpALJMaBF6mpumuaKGxmRJjkv0Jgqxck	2024-09-21 09:44:44.348865+03	2024-09-22 09:44:44+03	3	00cf3cb639764142b0f76a5ff697e153
65	eyJhbGciOiJIUzI1NiIsInR5cCI6IkpXVCJ9.eyJ0b2tlbl90eXBlIjoicmVmcmVzaCIsImV4cCI6MTcyNjk4NzUyMiwiaWF0IjoxNzI2OTAxMTIyLCJqdGkiOiIzNDc0MGE5MmQwYjg0Nzk2YWJiNjI2N2Q2NGE3MTUwZiIsInVzZXJfaWQiOjR9.mnXJUcjmXC0FwakAJ4SVW_2jt1pMaV3NLGZrHWWVKSI	2024-09-21 09:45:22.163922+03	2024-09-22 09:45:22+03	4	34740a92d0b84796abb6267d64a7150f
67	eyJhbGciOiJIUzI1NiIsInR5cCI6IkpXVCJ9.eyJ0b2tlbl90eXBlIjoicmVmcmVzaCIsImV4cCI6MTcyNjk4ODgyMywiaWF0IjoxNzI2OTAyNDIzLCJqdGkiOiJiY2EzM2RlNDkwNzA0MGQ5YmU1ZGFmZjYyOTM4YzFiMSIsInVzZXJfaWQiOjF9.k855DY-kz23D8PxiHIMMRXrpZ33-wM9jkgJY09jaly8	2024-09-21 10:07:03.342589+03	2024-09-22 10:07:03+03	1	bca33de4907040d9be5daff62938c1b1
68	eyJhbGciOiJIUzI1NiIsInR5cCI6IkpXVCJ9.eyJ0b2tlbl90eXBlIjoicmVmcmVzaCIsImV4cCI6MTcyNjk5MzM0NiwiaWF0IjoxNzI2OTA2OTQ2LCJqdGkiOiI3ZmEyYzFhYTQyMGU0NGRmYjAwMTRhNjBkZjY5YTU5ZSIsInVzZXJfaWQiOjF9.X4mtpaGsYGic3Agc0s4qR2P2QVFG8LfJq6RyuPidwmQ	2024-09-21 11:22:26.660561+03	2024-09-22 11:22:26+03	1	7fa2c1aa420e44dfb0014a60df69a59e
69	eyJhbGciOiJIUzI1NiIsInR5cCI6IkpXVCJ9.eyJ0b2tlbl90eXBlIjoicmVmcmVzaCIsImV4cCI6MTcyODQ5MzIwMywiaWF0IjoxNzI4NDA2ODAzLCJqdGkiOiI0YWZlZGJlN2I2ODk0NWZlYjg3ZTA2MGYwODFjNjRjYyIsInVzZXJfaWQiOjF9.13_CL8x4CdQ71MQxi-dBBqm--ZfXkO8LwVrQb_6UfSE	2024-10-08 20:00:03.718034+03	2024-10-09 20:00:03+03	1	4afedbe7b68945feb87e060f081c64cc
70	eyJhbGciOiJIUzI1NiIsInR5cCI6IkpXVCJ9.eyJ0b2tlbl90eXBlIjoicmVmcmVzaCIsImV4cCI6MTcyODQ5ODkwOCwiaWF0IjoxNzI4NDEyNTA4LCJqdGkiOiJiNDRmMDJjNTBkZWM0ODlmOWM2Y2M4M2ExYTNiZDYwMSIsInVzZXJfaWQiOjF9.NnyJhiaC_atLGeIyuFPKCR6iGXtIclceAB5WqVXT-Wg	2024-10-08 21:35:08.566054+03	2024-10-09 21:35:08+03	1	b44f02c50dec489f9c6cc83a1a3bd601
71	eyJhbGciOiJIUzI1NiIsInR5cCI6IkpXVCJ9.eyJ0b2tlbl90eXBlIjoicmVmcmVzaCIsImV4cCI6MTcyODQ5ODkyNywiaWF0IjoxNzI4NDEyNTI3LCJqdGkiOiI0MTFlNmM1NDViYzM0NzA4OTM5NTg5MGNkYzdkM2UyMyIsInVzZXJfaWQiOjF9.LKJeQi3XN9CCyETbViBvE_zGjiWUEcg7-q4jT-93YHQ	2024-10-08 21:35:27.938576+03	2024-10-09 21:35:27+03	1	411e6c545bc347089395890cdc7d3e23
72	eyJhbGciOiJIUzI1NiIsInR5cCI6IkpXVCJ9.eyJ0b2tlbl90eXBlIjoicmVmcmVzaCIsImV4cCI6MTcyODUwMzAwNCwiaWF0IjoxNzI4NDE2NjA0LCJqdGkiOiI0Y2JhMjk2YTkwMWU0OTk2YjRlOWVjNjlkMGM0MDFhOSIsInVzZXJfaWQiOjF9.UjMOu8YyzRoXl_UWU7wJDPm9fWtUQ8DbcWUEFIk7WyI	2024-10-08 22:43:24.88118+03	2024-10-09 22:43:24+03	1	4cba296a901e4996b4e9ec69d0c401a9
73	eyJhbGciOiJIUzI1NiIsInR5cCI6IkpXVCJ9.eyJ0b2tlbl90eXBlIjoicmVmcmVzaCIsImV4cCI6MTcyODUwMzA1OSwiaWF0IjoxNzI4NDE2NjU5LCJqdGkiOiI3OTU3YjA5NzBmOWU0ZmE4ODYzOWU3ZTIwNTI1NDVjOSIsInVzZXJfaWQiOjF9.7pHMwoPkgstYPtnzHWHU27WF-L25KFLIAuNccQyv6fg	2024-10-08 22:44:19.122306+03	2024-10-09 22:44:19+03	1	7957b0970f9e4fa88639e7e2052545c9
74	eyJhbGciOiJIUzI1NiIsInR5cCI6IkpXVCJ9.eyJ0b2tlbl90eXBlIjoicmVmcmVzaCIsImV4cCI6MTcyODUwNDMwNCwiaWF0IjoxNzI4NDE3OTA0LCJqdGkiOiJmZmU1ZGU3NDRkMmU0YzY1YmQ3YjM0MGI4MDczYTBlOSIsInVzZXJfaWQiOjF9.DbnrYWKgdVVti-l1h8bz8JqImS9tG3r8QC6Gp964UxI	2024-10-08 23:05:04.185931+03	2024-10-09 23:05:04+03	1	ffe5de744d2e4c65bd7b340b8073a0e9
75	eyJhbGciOiJIUzI1NiIsInR5cCI6IkpXVCJ9.eyJ0b2tlbl90eXBlIjoicmVmcmVzaCIsImV4cCI6MTcyODUwNDM0MCwiaWF0IjoxNzI4NDE3OTQwLCJqdGkiOiIyNDgzNjhhY2NiMjQ0ZmNkYWE1ZWEwZjQ0ZTg3ZjZhZSIsInVzZXJfaWQiOjF9.fTbq1H1EmIA6avecJRQtmGpd9bf6dGG-A0JN73yHFBs	2024-10-08 23:05:40.344465+03	2024-10-09 23:05:40+03	1	248368accb244fcdaa5ea0f44e87f6ae
76	eyJhbGciOiJIUzI1NiIsInR5cCI6IkpXVCJ9.eyJ0b2tlbl90eXBlIjoicmVmcmVzaCIsImV4cCI6MTcyODUzODU1OCwiaWF0IjoxNzI4NDUyMTU4LCJqdGkiOiI0MTg5ZjNlZWYwMWY0N2ZhYjVhY2JmNWU4Mjk3ODg2NSIsInVzZXJfaWQiOjF9.RMBLNoD7Na02YuAOcSx3D6hzcsQ2Bt_WAR0zB7YfDzg	2024-10-09 08:35:58.256289+03	2024-10-10 08:35:58+03	1	4189f3eef01f47fab5acbf5e82978865
77	eyJhbGciOiJIUzI1NiIsInR5cCI6IkpXVCJ9.eyJ0b2tlbl90eXBlIjoicmVmcmVzaCIsImV4cCI6MTcyODUzOTEyMywiaWF0IjoxNzI4NDUyNzIzLCJqdGkiOiI0ZWM0MzI3YmQ3MDA0OWNjOWJkNDZiZjcyYTYwM2ExOCIsInVzZXJfaWQiOjF9.mpw9BD1O-LA4gT0x8HJAPZqyURZ0SjTT7a1azW6FKrY	2024-10-09 08:45:23.626871+03	2024-10-10 08:45:23+03	1	4ec4327bd70049cc9bd46bf72a603a18
78	eyJhbGciOiJIUzI1NiIsInR5cCI6IkpXVCJ9.eyJ0b2tlbl90eXBlIjoicmVmcmVzaCIsImV4cCI6MTcyODUzOTIzNywiaWF0IjoxNzI4NDUyODM3LCJqdGkiOiIyOTIyZmRiYmE2M2Q0MTUxOTZmMGY0NzFlN2MwMGJjMiIsInVzZXJfaWQiOjF9.TorcGrBcSe9V2E5xr2NiTKmCvsLnwNyLY95L87deO4k	2024-10-09 08:47:17.031337+03	2024-10-10 08:47:17+03	1	2922fdbba63d415196f0f471e7c00bc2
79	eyJhbGciOiJIUzI1NiIsInR5cCI6IkpXVCJ9.eyJ0b2tlbl90eXBlIjoicmVmcmVzaCIsImV4cCI6MTcyODUzOTI4MiwiaWF0IjoxNzI4NDUyODgyLCJqdGkiOiJhMDZjNTI3MDQ2NjY0OGViYTczMWQ3OWVjM2RiZjE4NiIsInVzZXJfaWQiOjF9.9X82fzAQ6yVN53VocjD9hGXy9r7RPPhK8zRoS9rJFds	2024-10-09 08:48:02.171093+03	2024-10-10 08:48:02+03	1	a06c5270466648eba731d79ec3dbf186
80	eyJhbGciOiJIUzI1NiIsInR5cCI6IkpXVCJ9.eyJ0b2tlbl90eXBlIjoicmVmcmVzaCIsImV4cCI6MTcyODUzOTMwOSwiaWF0IjoxNzI4NDUyOTA5LCJqdGkiOiI0MDU0OTg5NTk4ZGI0NDBkYmNiZGExYmUxZWUzY2RjYSIsInVzZXJfaWQiOjF9.jyxtYb0oTy5HADdVi2s8yd4pNvlfg4cH-0dRFmXpozk	2024-10-09 08:48:29.687059+03	2024-10-10 08:48:29+03	1	4054989598db440dbcbda1be1ee3cdca
81	eyJhbGciOiJIUzI1NiIsInR5cCI6IkpXVCJ9.eyJ0b2tlbl90eXBlIjoicmVmcmVzaCIsImV4cCI6MTcyODUzOTM0NCwiaWF0IjoxNzI4NDUyOTQ0LCJqdGkiOiI3MDQwMTgzYmQ4Yzg0Yzg4ODU4ZjRmMzBlNjg2NzlhYyIsInVzZXJfaWQiOjF9.WMmkRSFS4LoYZDutU9eF99hX1lgu4DzL5rZDdhzEgcw	2024-10-09 08:49:04.422521+03	2024-10-10 08:49:04+03	1	7040183bd8c84c88858f4f30e68679ac
82	eyJhbGciOiJIUzI1NiIsInR5cCI6IkpXVCJ9.eyJ0b2tlbl90eXBlIjoicmVmcmVzaCIsImV4cCI6MTcyODUzOTM1NiwiaWF0IjoxNzI4NDUyOTU2LCJqdGkiOiJhYTU4MjgyNjYzYzU0MmE1OTI5NjAxM2I2MTJjNWZhZiIsInVzZXJfaWQiOjF9.ehPieGVn6pDP-wBLKnBpauDRS-W0k45pHdNGZtf6Jck	2024-10-09 08:49:16.099742+03	2024-10-10 08:49:16+03	1	aa58282663c542a59296013b612c5faf
83	eyJhbGciOiJIUzI1NiIsInR5cCI6IkpXVCJ9.eyJ0b2tlbl90eXBlIjoicmVmcmVzaCIsImV4cCI6MTcyODUzOTQ3MSwiaWF0IjoxNzI4NDUzMDcxLCJqdGkiOiIzNDVmZWQzY2QxZjI0ZjFiOGM1ZGMwZmE0ZWQ3ZGQ0OCIsInVzZXJfaWQiOjF9.FJQDmMD8nGyz5gzNJmG5sBdWKMP6wwejnQ4ylx1RWVQ	2024-10-09 08:51:11.970677+03	2024-10-10 08:51:11+03	1	345fed3cd1f24f1b8c5dc0fa4ed7dd48
84	eyJhbGciOiJIUzI1NiIsInR5cCI6IkpXVCJ9.eyJ0b2tlbl90eXBlIjoicmVmcmVzaCIsImV4cCI6MTcyODUzOTczMiwiaWF0IjoxNzI4NDUzMzMyLCJqdGkiOiI5Y2I5Zjc1MzMxZTE0YTdhOTA4ZDU4ODQwYWQwNGZiZCIsInVzZXJfaWQiOjF9.zuijZvG8WpH0rnJb29WFtFKpkNYBXZAwkBm-648-ecQ	2024-10-09 08:55:32.305564+03	2024-10-10 08:55:32+03	1	9cb9f75331e14a7a908d58840ad04fbd
85	eyJhbGciOiJIUzI1NiIsInR5cCI6IkpXVCJ9.eyJ0b2tlbl90eXBlIjoicmVmcmVzaCIsImV4cCI6MTcyODUzOTc5OCwiaWF0IjoxNzI4NDUzMzk4LCJqdGkiOiIzYzIxYWY0OWRlMjY0MzE3YmMyNTE0YmVkYWViNjM1MCIsInVzZXJfaWQiOjF9.AktHCb2gUkjv_ZjmmWMExP9i_NcvEHiwFXt-JmJuEhM	2024-10-09 08:56:38.141812+03	2024-10-10 08:56:38+03	1	3c21af49de264317bc2514bedaeb6350
86	eyJhbGciOiJIUzI1NiIsInR5cCI6IkpXVCJ9.eyJ0b2tlbl90eXBlIjoicmVmcmVzaCIsImV4cCI6MTcyODUzOTg3NCwiaWF0IjoxNzI4NDUzNDc0LCJqdGkiOiI1ZTM1MTVjYTdmMDI0YTcyYjk3OTA0YmZhYmI0MWMwZCIsInVzZXJfaWQiOjF9.5SXkO0U8kfa19lmHvhItWO6iT95QYVz8GACqrFDSGUM	2024-10-09 08:57:54.568665+03	2024-10-10 08:57:54+03	1	5e3515ca7f024a72b97904bfabb41c0d
117	eyJhbGciOiJIUzI1NiIsInR5cCI6IkpXVCJ9.eyJ0b2tlbl90eXBlIjoicmVmcmVzaCIsImV4cCI6MTcyODU2ODYxMSwiaWF0IjoxNzI4NDgyMjExLCJqdGkiOiIyM2YwYWZjZGM0NTk0MzlkYTEwZGU2NGM0NmY1NmM0YyIsInVzZXJfaWQiOjF9.TtTgijJYkOoFQx9oaIPO9cj_d4xTkLvjbncH7AlxFkY	2024-10-09 16:56:51.252461+03	2024-10-10 16:56:51+03	1	23f0afcdc459439da10de64c46f56c4c
118	eyJhbGciOiJIUzI1NiIsInR5cCI6IkpXVCJ9.eyJ0b2tlbl90eXBlIjoicmVmcmVzaCIsImV4cCI6MTcyODU3NjE1MCwiaWF0IjoxNzI4NDg5NzUwLCJqdGkiOiJjNGViMzM2NjQ1NTg0MDJhOGRlZGQ1ZDk2Nzk3ZTcyMCIsInVzZXJfaWQiOjF9.Mh__yShWI5-R0aU58eNFHs7y4dh9ItbWr9JYA0LbDoA	2024-10-09 19:02:30.534355+03	2024-10-10 19:02:30+03	1	c4eb33664558402a8dedd5d96797e720
119	eyJhbGciOiJIUzI1NiIsInR5cCI6IkpXVCJ9.eyJ0b2tlbl90eXBlIjoicmVmcmVzaCIsImV4cCI6MTcyODU3ODI0NSwiaWF0IjoxNzI4NDkxODQ1LCJqdGkiOiJiYjdiOTliNDFiNzI0YWYwYjJmMGJiYTUzZThmZjE1ZSIsInVzZXJfaWQiOjF9.q-DpnLgvT08e3Tbus7dnDO6CcLp7nIAz1n6pKz8YGQQ	2024-10-09 19:37:25.204431+03	2024-10-10 19:37:25+03	1	bb7b99b41b724af0b2f0bba53e8ff15e
120	eyJhbGciOiJIUzI1NiIsInR5cCI6IkpXVCJ9.eyJ0b2tlbl90eXBlIjoicmVmcmVzaCIsImV4cCI6MTcyODU4MjUzNywiaWF0IjoxNzI4NDk2MTM3LCJqdGkiOiJjNWRlMDA5ZGEyODU0NDcxODU4YmZhYWRlOWY5MTQxYSIsInVzZXJfaWQiOjF9.g1ura29pi71KKPr74SDy-2w7jnaLvECs7ILpbimn-7A	2024-10-09 20:48:57.775486+03	2024-10-10 20:48:57+03	1	c5de009da2854471858bfaade9f9141a
121	eyJhbGciOiJIUzI1NiIsInR5cCI6IkpXVCJ9.eyJ0b2tlbl90eXBlIjoicmVmcmVzaCIsImV4cCI6MTcyODU4NTAyNSwiaWF0IjoxNzI4NDk4NjI1LCJqdGkiOiJmZDBjM2RlMGQxNmQ0MTUwYjM5ZjYzMmZlZjYwMDdkYSIsInVzZXJfaWQiOjF9.reGoTtqnHnuqK9HVCs1q6tU_m4jWLLKSPkU3bAfbLFU	2024-10-09 21:30:25.868014+03	2024-10-10 21:30:25+03	1	fd0c3de0d16d4150b39f632fef6007da
122	eyJhbGciOiJIUzI1NiIsInR5cCI6IkpXVCJ9.eyJ0b2tlbl90eXBlIjoicmVmcmVzaCIsImV4cCI6MTcyODU5MDg2NCwiaWF0IjoxNzI4NTA0NDY0LCJqdGkiOiI5Yzg4M2MyNmFkY2Y0YTdkODhjNjZmOTEyMTY2ZmVkZiIsInVzZXJfaWQiOjF9.in6ZVjw0YhiNxaamZrjHSe1PMNeRa8mSHLVWBVMDTqw	2024-10-09 23:07:44.845329+03	2024-10-10 23:07:44+03	1	9c883c26adcf4a7d88c66f912166fedf
123	eyJhbGciOiJIUzI1NiIsInR5cCI6IkpXVCJ9.eyJ0b2tlbl90eXBlIjoicmVmcmVzaCIsImV4cCI6MTcyODU5Mzg1MywiaWF0IjoxNzI4NTA3NDUzLCJqdGkiOiI1YzRkMDNlZWUwM2E0NmEwOWMxNTE3NjBhODRjYTlkMSIsInVzZXJfaWQiOjF9.SGowFFxLe3r6uC8bWYmRmu59SYUVYlW54P5q7HmzhDM	2024-10-09 23:57:33.520657+03	2024-10-10 23:57:33+03	1	5c4d03eee03a46a09c151760a84ca9d1
124	eyJhbGciOiJIUzI1NiIsInR5cCI6IkpXVCJ9.eyJ0b2tlbl90eXBlIjoicmVmcmVzaCIsImV4cCI6MTcyODU5NDcyNCwiaWF0IjoxNzI4NTA4MzI0LCJqdGkiOiI4MjdjOWI4MWIxZjk0ZmFlOGM4N2E1ZDkxNGMxM2I3MyIsInVzZXJfaWQiOjF9.OZ77MWXbU_0z5tPVK7OvN78bY6-xMmaHw3TOTr65FCI	2024-10-10 00:12:04.101332+03	2024-10-11 00:12:04+03	1	827c9b81b1f94fae8c87a5d914c13b73
125	eyJhbGciOiJIUzI1NiIsInR5cCI6IkpXVCJ9.eyJ0b2tlbl90eXBlIjoicmVmcmVzaCIsImV4cCI6MTcyODU5NzYyNCwiaWF0IjoxNzI4NTExMjI0LCJqdGkiOiJkYWQyYWZmMzVmZTc0YzhhOTdmZWIyMmM2ZThlZDVjMiIsInVzZXJfaWQiOjF9.91jNQkt6pmYQknrO8CmQOer2UU2g_FCfwZOOi5WIZNU	2024-10-10 01:00:24.090675+03	2024-10-11 01:00:24+03	1	dad2aff35fe74c8a97feb22c6e8ed5c2
126	eyJhbGciOiJIUzI1NiIsInR5cCI6IkpXVCJ9.eyJ0b2tlbl90eXBlIjoicmVmcmVzaCIsImV4cCI6MTcyODYzNzk3MiwiaWF0IjoxNzI4NTUxNTcyLCJqdGkiOiJhOGE5YTBkN2ZjZTA0MzEyOTBlZTI1NmVlMDVmMTQ4NCIsInVzZXJfaWQiOjF9.B7AHKXJroFd1-DgobqooIclKixfWldH8wpn9L2N_vwY	2024-10-10 12:12:52.187325+03	2024-10-11 12:12:52+03	1	a8a9a0d7fce0431290ee256ee05f1484
127	eyJhbGciOiJIUzI1NiIsInR5cCI6IkpXVCJ9.eyJ0b2tlbl90eXBlIjoicmVmcmVzaCIsImV4cCI6MTcyODY1MjY5MywiaWF0IjoxNzI4NTY2MjkzLCJqdGkiOiIxZWYwYjJiZmEzYzM0MjczYjQwYjczMzQzY2Y2YmJhYyIsInVzZXJfaWQiOjF9.iMVQEzSMnUTIZLcKOUIGrhMfkNxRS31f5_Xso6yFbN4	2024-10-10 16:18:13.641471+03	2024-10-11 16:18:13+03	1	1ef0b2bfa3c34273b40b73343cf6bbac
128	eyJhbGciOiJIUzI1NiIsInR5cCI6IkpXVCJ9.eyJ0b2tlbl90eXBlIjoicmVmcmVzaCIsImV4cCI6MTcyODY1NDY2NiwiaWF0IjoxNzI4NTY4MjY2LCJqdGkiOiJjZDQyNzRmZDY3NTE0Mjc2YTgwODcyMDcwMTAzNjMwNCIsInVzZXJfaWQiOjF9.C-Z7KiNLCrusSZhXbd7ewrJmkhX9DJRuyWrkk081A0o	2024-10-10 16:51:06.611626+03	2024-10-11 16:51:06+03	1	cd4274fd67514276a808720701036304
129	eyJhbGciOiJIUzI1NiIsInR5cCI6IkpXVCJ9.eyJ0b2tlbl90eXBlIjoicmVmcmVzaCIsImV4cCI6MTcyODczOTAyMiwiaWF0IjoxNzI4NjUyNjIyLCJqdGkiOiJkY2MyYTZmNDI0OTc0ODRjOGU2OGMzYzZhMDg1M2ZjOCIsInVzZXJfaWQiOjF9.IbunKgPlalZ9Xr14uQJ1tMVmb2Kr-7BNezkFFKQIErg	2024-10-11 16:17:02.053563+03	2024-10-12 16:17:02+03	1	dcc2a6f42497484c8e68c3c6a0853fc8
130	eyJhbGciOiJIUzI1NiIsInR5cCI6IkpXVCJ9.eyJ0b2tlbl90eXBlIjoicmVmcmVzaCIsImV4cCI6MTcyODczOTMyOSwiaWF0IjoxNzI4NjUyOTI5LCJqdGkiOiJhNjM1M2Q5MjBiYWI0NDc3YmNjNmRhN2Y5MWEyMGMzOCIsInVzZXJfaWQiOjF9.oLRSFdFtCBK_xyT9-fbL0Ct_h-P5JR056yQ2EgyZJ7g	2024-10-11 16:22:09.968946+03	2024-10-12 16:22:09+03	1	a6353d920bab4477bcc6da7f91a20c38
131	eyJhbGciOiJIUzI1NiIsInR5cCI6IkpXVCJ9.eyJ0b2tlbl90eXBlIjoicmVmcmVzaCIsImV4cCI6MTcyODc0MzkyNiwiaWF0IjoxNzI4NjU3NTI2LCJqdGkiOiI0YzdlYmFmNmQ1MGM0ZTc0YTVjMjdlZjRkYzk2YWVhMCIsInVzZXJfaWQiOjF9.w1rIVXQG77wgopZx1o94lyFM-6tZESo8zZCniNEkvkc	2024-10-11 17:38:46.734303+03	2024-10-12 17:38:46+03	1	4c7ebaf6d50c4e74a5c27ef4dc96aea0
132	eyJhbGciOiJIUzI1NiIsInR5cCI6IkpXVCJ9.eyJ0b2tlbl90eXBlIjoicmVmcmVzaCIsImV4cCI6MTcyODc2MjIxOCwiaWF0IjoxNzI4Njc1ODE4LCJqdGkiOiI0ZWFmMWIwMGNkMTQ0ZWFjODJiNTk5NzY2MTdiODhmNyIsInVzZXJfaWQiOjF9.NjteS82gO3e6EoYlzmLwcGkQH4lHvqoVXNZZt3JAmhw	2024-10-11 22:43:38.896059+03	2024-10-12 22:43:38+03	1	4eaf1b00cd144eac82b59976617b88f7
133	eyJhbGciOiJIUzI1NiIsInR5cCI6IkpXVCJ9.eyJ0b2tlbl90eXBlIjoicmVmcmVzaCIsImV4cCI6MTcyODc2MjI5MiwiaWF0IjoxNzI4Njc1ODkyLCJqdGkiOiJiZDhkNjBiZWJjNjI0ZTdiOWU5ZTQzZjkxYzhmYTU4MyIsInVzZXJfaWQiOjF9.Xli6-ssWKJF2Brvs93WvOpKjK22nhDnBfmJIuBNel58	2024-10-11 22:44:52.999259+03	2024-10-12 22:44:52+03	1	bd8d60bebc624e7b9e9e43f91c8fa583
134	eyJhbGciOiJIUzI1NiIsInR5cCI6IkpXVCJ9.eyJ0b2tlbl90eXBlIjoicmVmcmVzaCIsImV4cCI6MTcyODc2MjcyNSwiaWF0IjoxNzI4Njc2MzI1LCJqdGkiOiIyZTI2MThlYzA3Yzk0ODcxYmViMDI5ZmMzZjVlZjI2ZSIsInVzZXJfaWQiOjF9.PquqzYG0R6qBlsvaEAHbEelQbcaxzsE2my-8MpG3eRM	2024-10-11 22:52:05.30983+03	2024-10-12 22:52:05+03	1	2e2618ec07c94871beb029fc3f5ef26e
135	eyJhbGciOiJIUzI1NiIsInR5cCI6IkpXVCJ9.eyJ0b2tlbl90eXBlIjoicmVmcmVzaCIsImV4cCI6MTcyODgxMDMyOCwiaWF0IjoxNzI4NzIzOTI4LCJqdGkiOiI4NWRhYzM3YWIzMDk0MjEzODYwNDM0M2I0MTc1YWRjZCIsInVzZXJfaWQiOjF9.CHTbjpk-rE6rtfvSXM3PX1yB7elJzvmZJiDqJImZk4I	2024-10-12 12:05:28.842869+03	2024-10-13 12:05:28+03	1	85dac37ab30942138604343b4175adcd
136	eyJhbGciOiJIUzI1NiIsInR5cCI6IkpXVCJ9.eyJ0b2tlbl90eXBlIjoicmVmcmVzaCIsImV4cCI6MTcyODgxMDgzNywiaWF0IjoxNzI4NzI0NDM3LCJqdGkiOiJmNzJlNDJhYmYyNDg0OWJmYTFhNGFjOGI3MGI1NDgxMCIsInVzZXJfaWQiOjF9.f3cewU0ichKHCfe00d01md7DxzQvgxDXinZZJVI2eC4	2024-10-12 12:13:57.468311+03	2024-10-13 12:13:57+03	1	f72e42abf24849bfa1a4ac8b70b54810
137	eyJhbGciOiJIUzI1NiIsInR5cCI6IkpXVCJ9.eyJ0b2tlbl90eXBlIjoicmVmcmVzaCIsImV4cCI6MTcyODgyNzIxNiwiaWF0IjoxNzI4NzQwODE2LCJqdGkiOiI4OWFhMGIyMzE0ZWI0YTIwYTA3ZTAyNzQzYTFiMmIxOSIsInVzZXJfaWQiOjF9.IhfJCVOKOEWxQWW0GqcbRuKg2G0nPQ4axDZchjCkfnY	2024-10-12 16:46:56.504959+03	2024-10-13 16:46:56+03	1	89aa0b2314eb4a20a07e02743a1b2b19
138	eyJhbGciOiJIUzI1NiIsInR5cCI6IkpXVCJ9.eyJ0b2tlbl90eXBlIjoicmVmcmVzaCIsImV4cCI6MTcyODgyOTg1MywiaWF0IjoxNzI4NzQzNDUzLCJqdGkiOiJhZjY4MDViYWU4Mzc0MDQxODQ1MWEwODI1ZmEyODUzNyIsInVzZXJfaWQiOjF9.X7fSh51Ut1xE69cHoBc82H_RQPARo762YDyhRyNTDYI	2024-10-12 17:30:53.109865+03	2024-10-13 17:30:53+03	1	af6805bae83740418451a0825fa28537
139	eyJhbGciOiJIUzI1NiIsInR5cCI6IkpXVCJ9.eyJ0b2tlbl90eXBlIjoicmVmcmVzaCIsImV4cCI6MTcyODg1MDgwMywiaWF0IjoxNzI4NzY0NDAzLCJqdGkiOiJkMDFmOGQ2OWJkZjg0ZjQwODEzZjg4NGJhNTQxOGVhOCIsInVzZXJfaWQiOjF9.l2_d6cqsq3NRBiMvhUyxmDHSg23npoGVRlLZHXg-lRg	2024-10-12 23:20:03.31585+03	2024-10-13 23:20:03+03	1	d01f8d69bdf84f40813f884ba5418ea8
140	eyJhbGciOiJIUzI1NiIsInR5cCI6IkpXVCJ9.eyJ0b2tlbl90eXBlIjoicmVmcmVzaCIsImV4cCI6MTcyODg1MzA0NSwiaWF0IjoxNzI4NzY2NjQ1LCJqdGkiOiJlMzQzNjkwYTg4OTI0YjI2OThlZTNmZTk5ODFmNWQ4MSIsInVzZXJfaWQiOjF9.-mbyKKUbal9aC9p1eN2P0k9OJL23pWxJ_9wzvqKrko4	2024-10-12 23:57:25.120167+03	2024-10-13 23:57:25+03	1	e343690a88924b2698ee3fe9981f5d81
141	eyJhbGciOiJIUzI1NiIsInR5cCI6IkpXVCJ9.eyJ0b2tlbl90eXBlIjoicmVmcmVzaCIsImV4cCI6MTcyOTAxNTE0OCwiaWF0IjoxNzI4OTI4NzQ4LCJqdGkiOiIxNjQ3NGVkMWQwMGE0NTE4ODlmOGQxOTk3NGI4ZTVmOSIsInVzZXJfaWQiOjF9.HWcdo1NcBP1ohzESqDkc_XZ8-c1EiA0g_4yf4FDnM1k	2024-10-14 20:59:08.137168+03	2024-10-15 20:59:08+03	1	16474ed1d00a451889f8d19974b8e5f9
142	eyJhbGciOiJIUzI1NiIsInR5cCI6IkpXVCJ9.eyJ0b2tlbl90eXBlIjoicmVmcmVzaCIsImV4cCI6MTcyOTAxNzA3NCwiaWF0IjoxNzI4OTMwNjc0LCJqdGkiOiI1MTcyZWRlY2U5OWE0ODA1YTMwZTdlZGZmYmEwYWVjZCIsInVzZXJfaWQiOjF9.vnIo-lAkZzpJiMOgddzahHiw_McA5VWMWEO_HkgbzWo	2024-10-14 21:31:14.247504+03	2024-10-15 21:31:14+03	1	5172edece99a4805a30e7edffba0aecd
143	eyJhbGciOiJIUzI1NiIsInR5cCI6IkpXVCJ9.eyJ0b2tlbl90eXBlIjoicmVmcmVzaCIsImV4cCI6MTcyOTAxOTI0NSwiaWF0IjoxNzI4OTMyODQ1LCJqdGkiOiI5MzhjZWQxY2IxNjY0YmZhOWIxNTk5NmJiNmY3ZjE3MSIsInVzZXJfaWQiOjF9.I3K1sTayZVIk1sYFl5i72GHGkW8u9M8KYsv0H2ugttM	2024-10-14 22:07:25.850402+03	2024-10-15 22:07:25+03	1	938ced1cb1664bfa9b15996bb6f7f171
144	eyJhbGciOiJIUzI1NiIsInR5cCI6IkpXVCJ9.eyJ0b2tlbl90eXBlIjoicmVmcmVzaCIsImV4cCI6MTcyOTAxOTQ1MiwiaWF0IjoxNzI4OTMzMDUyLCJqdGkiOiI0ZjYyYzRlMmE0MTk0ZWE3OTBjMzUwODNkZjA2YjNiNSIsInVzZXJfaWQiOjF9.yJISm35lGotPRrswytb3vnMbhksPYnOp4zdsHztQp3M	2024-10-14 22:10:52.881393+03	2024-10-15 22:10:52+03	1	4f62c4e2a4194ea790c35083df06b3b5
145	eyJhbGciOiJIUzI1NiIsInR5cCI6IkpXVCJ9.eyJ0b2tlbl90eXBlIjoicmVmcmVzaCIsImV4cCI6MTcyOTAyMzQyMCwiaWF0IjoxNzI4OTM3MDIwLCJqdGkiOiJkOGRlM2Y4ZThjNWM0MTdiYTQ5MzA4NWFlMjg3YjI1MiIsInVzZXJfaWQiOjF9.w7Z1fN52-2dKPrSQxLxGOWF2BgYUobyf0IE0trVRzFE	2024-10-14 23:17:00.910132+03	2024-10-15 23:17:00+03	1	d8de3f8e8c5c417ba493085ae287b252
146	eyJhbGciOiJIUzI1NiIsInR5cCI6IkpXVCJ9.eyJ0b2tlbl90eXBlIjoicmVmcmVzaCIsImV4cCI6MTcyOTAyMzYxMCwiaWF0IjoxNzI4OTM3MjEwLCJqdGkiOiI2ZTY0Mjg5ZjIwMDE0OWY0YWFjZTM1MzUzOTBkMWE3OCIsInVzZXJfaWQiOjF9.u6IMGLvZ-I4Z8nxDWuQ9jZ6R5LeH4-3H-bsDukOoVzI	2024-10-14 23:20:10.049837+03	2024-10-15 23:20:10+03	1	6e64289f200149f4aace3535390d1a78
147	eyJhbGciOiJIUzI1NiIsInR5cCI6IkpXVCJ9.eyJ0b2tlbl90eXBlIjoicmVmcmVzaCIsImV4cCI6MTcyOTAyMzY4OCwiaWF0IjoxNzI4OTM3Mjg4LCJqdGkiOiI4NjhjMTdhMjE4Mjg0MTJiYWFkYjZlMjIwZjA5NGFjMSIsInVzZXJfaWQiOjF9.yonWODy_eqM3hQuoFCYhmKWHrpxsCkCYGcJuKtt5Dfs	2024-10-14 23:21:28.097416+03	2024-10-15 23:21:28+03	1	868c17a21828412baadb6e220f094ac1
148	eyJhbGciOiJIUzI1NiIsInR5cCI6IkpXVCJ9.eyJ0b2tlbl90eXBlIjoicmVmcmVzaCIsImV4cCI6MTcyOTA3ODYzMywiaWF0IjoxNzI4OTkyMjMzLCJqdGkiOiI2ZjUwZGU1NThhNDM0YmExOTA0ZGRiZDJhYWQzMTg2ZiIsInVzZXJfaWQiOjF9.S79TKBisPjifOLz835KhyoTTvxDnDsprZACzRGq8264	2024-10-15 14:37:13.203664+03	2024-10-16 14:37:13+03	1	6f50de558a434ba1904ddbd2aad3186f
149	eyJhbGciOiJIUzI1NiIsInR5cCI6IkpXVCJ9.eyJ0b2tlbl90eXBlIjoicmVmcmVzaCIsImV4cCI6MTcyOTA4NDc0MCwiaWF0IjoxNzI4OTk4MzQwLCJqdGkiOiI4NGFjZTIxYmFiMmQ0ODA4OTA5ZDkwNTgxM2JhZjIzYyIsInVzZXJfaWQiOjF9.Lv4WjeYMjnsFzmPDXVpbBaWTZPK1P5ATeTcKhyTkW1k	2024-10-15 16:19:00.424145+03	2024-10-16 16:19:00+03	1	84ace21bab2d4808909d905813baf23c
150	eyJhbGciOiJIUzI1NiIsInR5cCI6IkpXVCJ9.eyJ0b2tlbl90eXBlIjoicmVmcmVzaCIsImV4cCI6MTcyOTA4NTkzNSwiaWF0IjoxNzI4OTk5NTM1LCJqdGkiOiI2YzcwOTU5NzFkOWU0ZDM0ODNmMjZmOTFkMDdjMTE0ZSIsInVzZXJfaWQiOjF9.0z_ZKjf4PWIwYEMici73djDHPA_ogGIJsSREn5CYDUA	2024-10-15 16:38:55.344259+03	2024-10-16 16:38:55+03	1	6c7095971d9e4d3483f26f91d07c114e
151	eyJhbGciOiJIUzI1NiIsInR5cCI6IkpXVCJ9.eyJ0b2tlbl90eXBlIjoicmVmcmVzaCIsImV4cCI6MTcyOTA4NzczMCwiaWF0IjoxNzI5MDAxMzMwLCJqdGkiOiJmNDU0ZmVkNGE3Yzg0Njk3OTc1MGU0ZWIzMDNlZDUxZCIsInVzZXJfaWQiOjF9.XvcbIm0hOXSIDjqEQ-bRFUsiuFO1ToH_L8LWNkyJ5GA	2024-10-15 17:08:50.293935+03	2024-10-16 17:08:50+03	1	f454fed4a7c846979750e4eb303ed51d
152	eyJhbGciOiJIUzI1NiIsInR5cCI6IkpXVCJ9.eyJ0b2tlbl90eXBlIjoicmVmcmVzaCIsImV4cCI6MTcyOTA4ODEzOSwiaWF0IjoxNzI5MDAxNzM5LCJqdGkiOiIxMWFiYWMxYjRhNmE0Nzc1YTY1M2QwMDM1YTYzMmIwOCIsInVzZXJfaWQiOjF9.uZvJdWJtTRJTJD3jlmVxLO__gVMe5_Ninmm-B333oFk	2024-10-15 17:15:39.226397+03	2024-10-16 17:15:39+03	1	11abac1b4a6a4775a653d0035a632b08
153	eyJhbGciOiJIUzI1NiIsInR5cCI6IkpXVCJ9.eyJ0b2tlbl90eXBlIjoicmVmcmVzaCIsImV4cCI6MTcyOTA5ODA4OSwiaWF0IjoxNzI5MDExNjg5LCJqdGkiOiJmZDZmZGM4Mjk3ZDM0YWM3ODUzNmQzNDI3YTA3NThlMSIsInVzZXJfaWQiOjF9.qxSYtHpgK77-0fhFdb-KZK6UcwatOKlVP3awESCXJXo	2024-10-15 20:01:29.012892+03	2024-10-16 20:01:29+03	1	fd6fdc8297d34ac78536d3427a0758e1
154	eyJhbGciOiJIUzI1NiIsInR5cCI6IkpXVCJ9.eyJ0b2tlbl90eXBlIjoicmVmcmVzaCIsImV4cCI6MTcyOTA5ODYzNywiaWF0IjoxNzI5MDEyMjM3LCJqdGkiOiIzNDg0YzY2ZTEzNzE0MDY3YTk0YTM4MjE0M2U3ZTc4MiIsInVzZXJfaWQiOjF9.EnJlkBRI89Q3zu1nltW7TwgIkaCt3SuCsQ5XxdWUJj0	2024-10-15 20:10:37.084865+03	2024-10-16 20:10:37+03	1	3484c66e13714067a94a382143e7e782
155	eyJhbGciOiJIUzI1NiIsInR5cCI6IkpXVCJ9.eyJ0b2tlbl90eXBlIjoicmVmcmVzaCIsImV4cCI6MTcyOTA5OTYwNiwiaWF0IjoxNzI5MDEzMjA2LCJqdGkiOiIyM2Q1OWNhNTEwZDU0MTRjODdjZmI2MzY2MGUxN2E3YSIsInVzZXJfaWQiOjF9.6TPOUQivl1HjjUkkDupcpGuG1F8F8aqPIHe_0IHN6IM	2024-10-15 20:26:46.338877+03	2024-10-16 20:26:46+03	1	23d59ca510d5414c87cfb63660e17a7a
156	eyJhbGciOiJIUzI1NiIsInR5cCI6IkpXVCJ9.eyJ0b2tlbl90eXBlIjoicmVmcmVzaCIsImV4cCI6MTcyOTEwNDc3OSwiaWF0IjoxNzI5MDE4Mzc5LCJqdGkiOiJkYWFjZThhZjRlYzg0ODU1YjlhNzEwZTRhMTUzYjMxZSIsInVzZXJfaWQiOjF9.091EIRijJnwquohes6Q8nbQ2xS7T3xj8J-0nAa-N0_8	2024-10-15 21:52:59.772964+03	2024-10-16 21:52:59+03	1	daace8af4ec84855b9a710e4a153b31e
157	eyJhbGciOiJIUzI1NiIsInR5cCI6IkpXVCJ9.eyJ0b2tlbl90eXBlIjoicmVmcmVzaCIsImV4cCI6MTcyOTEwNTg3OCwiaWF0IjoxNzI5MDE5NDc4LCJqdGkiOiJlOGYzZmVhZWQyZTc0NzcxYTFjZmM5MmUzZTQxOWFlYSIsInVzZXJfaWQiOjF9.ECO0MGlNnSHBatntTxMYeHdRWjzeFDkbUABA0tN5D2k	2024-10-15 22:11:18.628049+03	2024-10-16 22:11:18+03	1	e8f3feaed2e74771a1cfc92e3e419aea
158	eyJhbGciOiJIUzI1NiIsInR5cCI6IkpXVCJ9.eyJ0b2tlbl90eXBlIjoicmVmcmVzaCIsImV4cCI6MTcyOTEwNjAzNywiaWF0IjoxNzI5MDE5NjM3LCJqdGkiOiJmNjQwY2MwZGQwMWM0MzY3ODQzMzE5ZDI1ZjQ1MWZkMSIsInVzZXJfaWQiOjF9.5zxatDW3kgvBDz9FJLeoAd8yBVw30sfqtcLwX3BbHBA	2024-10-15 22:13:57.04246+03	2024-10-16 22:13:57+03	1	f640cc0dd01c4367843319d25f451fd1
159	eyJhbGciOiJIUzI1NiIsInR5cCI6IkpXVCJ9.eyJ0b2tlbl90eXBlIjoicmVmcmVzaCIsImV4cCI6MTcyOTE4Njk2MiwiaWF0IjoxNzI5MTAwNTYyLCJqdGkiOiIyYTExYTk2ODI1YTc0MDM3YTMxMjAxMWQ5MmIzNmRhOSIsInVzZXJfaWQiOjF9.mZBMLI24b6w5oR3ZyGgPh1YXxO5qHbMYu1u57p7hB8Y	2024-10-16 20:42:42.117858+03	2024-10-17 20:42:42+03	1	2a11a96825a74037a312011d92b36da9
160	eyJhbGciOiJIUzI1NiIsInR5cCI6IkpXVCJ9.eyJ0b2tlbl90eXBlIjoicmVmcmVzaCIsImV4cCI6MTcyOTE5MTE0MCwiaWF0IjoxNzI5MTA0NzQwLCJqdGkiOiIzMmJlMDI0ZDU0ZTY0NGM5OGNlNDQ5YjAxNDE3ZmZjZSIsInVzZXJfaWQiOjF9.dx3rcgzzaCefmXqUV4Ecuyi0oeVORfxFGEmSFF0EMOE	2024-10-16 21:52:20.708419+03	2024-10-17 21:52:20+03	1	32be024d54e644c98ce449b01417ffce
161	eyJhbGciOiJIUzI1NiIsInR5cCI6IkpXVCJ9.eyJ0b2tlbl90eXBlIjoicmVmcmVzaCIsImV4cCI6MTcyOTE5MjE1MywiaWF0IjoxNzI5MTA1NzUzLCJqdGkiOiI2NzU5Y2U2ZTY0Yjk0MTM1OGQwOWVjMjI1ZjFhYmEyZCIsInVzZXJfaWQiOjF9.3fqA_w2aSDoRRoP-AUGNVkCkCcKfW0BPHKPtZblZrk0	2024-10-16 22:09:13.58598+03	2024-10-17 22:09:13+03	1	6759ce6e64b941358d09ec225f1aba2d
162	eyJhbGciOiJIUzI1NiIsInR5cCI6IkpXVCJ9.eyJ0b2tlbl90eXBlIjoicmVmcmVzaCIsImV4cCI6MTcyOTE5MjU5NSwiaWF0IjoxNzI5MTA2MTk1LCJqdGkiOiIzNDE1MDhjY2ZiYWM0YmU4ODYwZDU4MmNjZmVhMzQ4OCIsInVzZXJfaWQiOjF9.5u4wRc2i60wy13CBP36_DvmDZYVaV_T5iLe4mb18uYc	2024-10-16 22:16:35.598482+03	2024-10-17 22:16:35+03	1	341508ccfbac4be8860d582ccfea3488
163	eyJhbGciOiJIUzI1NiIsInR5cCI6IkpXVCJ9.eyJ0b2tlbl90eXBlIjoicmVmcmVzaCIsImV4cCI6MTcyOTI0NDY5MiwiaWF0IjoxNzI5MTU4MjkyLCJqdGkiOiJjZGFmZDE2ZTc5NWE0MWNiODExZWVhNjFkYWFjZmI1MCIsInVzZXJfaWQiOjF9.KGPvnHT82Yv-RCicVsFrvCUGVvO0nnEKP_4TFm-TcpQ	2024-10-17 12:44:52.604247+03	2024-10-18 12:44:52+03	1	cdafd16e795a41cb811eea61daacfb50
164	eyJhbGciOiJIUzI1NiIsInR5cCI6IkpXVCJ9.eyJ0b2tlbl90eXBlIjoicmVmcmVzaCIsImV4cCI6MTcyOTI0NjY4OSwiaWF0IjoxNzI5MTYwMjg5LCJqdGkiOiI1ZjA0NDc1Y2ViZmM0ZmQyOTRkNzIwMWY5MDExZTJmZSIsInVzZXJfaWQiOjF9.mLBLLiIczhktveF0QWiLJdf3D--Zrjn-_o5qHm2soZw	2024-10-17 13:18:09.716231+03	2024-10-18 13:18:09+03	1	5f04475cebfc4fd294d7201f9011e2fe
165	eyJhbGciOiJIUzI1NiIsInR5cCI6IkpXVCJ9.eyJ0b2tlbl90eXBlIjoicmVmcmVzaCIsImV4cCI6MTcyOTI3MDA1OCwiaWF0IjoxNzI5MTgzNjU4LCJqdGkiOiI3MmU1ODQzYWJkMTE0MTAyYjc4ZjVmN2ViY2M5YzFhZCIsInVzZXJfaWQiOjF9.rrd-8X5SLcR-rfTkMH-4UKiAtXDPSq42O_X6HzTAuMA	2024-10-17 19:47:38.064431+03	2024-10-18 19:47:38+03	1	72e5843abd114102b78f5f7ebcc9c1ad
166	eyJhbGciOiJIUzI1NiIsInR5cCI6IkpXVCJ9.eyJ0b2tlbl90eXBlIjoicmVmcmVzaCIsImV4cCI6MTcyOTI3MDYzNSwiaWF0IjoxNzI5MTg0MjM1LCJqdGkiOiJjMTJlY2JmMWJmZTI0OWE5Yjk3NGJiZDUxZGEwZDcwZCIsInVzZXJfaWQiOjF9.dkQuueJmXHuyGA6todAcI1zBx0wae8pFQ4q8EwwoRTw	2024-10-17 19:57:15.602366+03	2024-10-18 19:57:15+03	1	c12ecbf1bfe249a9b974bbd51da0d70d
167	eyJhbGciOiJIUzI1NiIsInR5cCI6IkpXVCJ9.eyJ0b2tlbl90eXBlIjoicmVmcmVzaCIsImV4cCI6MTcyOTI3NDYzMywiaWF0IjoxNzI5MTg4MjMzLCJqdGkiOiIxZDc1MTgxMDUzMWE0YWRiYjdkYzIxZjIzMjVlNzRiYiIsInVzZXJfaWQiOjF9.FnosiVJpOigr-YAtK6XhPeSgeZzbjrT4UumPcLX4V_8	2024-10-17 21:03:53.281599+03	2024-10-18 21:03:53+03	1	1d751810531a4adbb7dc21f2325e74bb
168	eyJhbGciOiJIUzI1NiIsInR5cCI6IkpXVCJ9.eyJ0b2tlbl90eXBlIjoicmVmcmVzaCIsImV4cCI6MTcyOTI3NjIwNiwiaWF0IjoxNzI5MTg5ODA2LCJqdGkiOiIyOWM0NmJmNDQ4ZGI0ZjU2OWJhMDYyMDE5ZDlmOTQ2OSIsInVzZXJfaWQiOjF9.8mLe_1hs9ClTqBz-QoWA25o3UEYv8L9iwf39PGVkQ8s	2024-10-17 21:30:06.382948+03	2024-10-18 21:30:06+03	1	29c46bf448db4f569ba062019d9f9469
169	eyJhbGciOiJIUzI1NiIsInR5cCI6IkpXVCJ9.eyJ0b2tlbl90eXBlIjoicmVmcmVzaCIsImV4cCI6MTcyOTI3NjI0NywiaWF0IjoxNzI5MTg5ODQ3LCJqdGkiOiJhZTFjMmE3MmY2ZjA0YmFjOGNkMjMzODBmYzg5NDM2MiIsInVzZXJfaWQiOjF9.DhQr_0dzOg3G0Ew11amJ1ghizDoQaw-iewnJ2yqYALQ	2024-10-17 21:30:47.295489+03	2024-10-18 21:30:47+03	1	ae1c2a72f6f04bac8cd23380fc894362
170	eyJhbGciOiJIUzI1NiIsInR5cCI6IkpXVCJ9.eyJ0b2tlbl90eXBlIjoicmVmcmVzaCIsImV4cCI6MTcyOTMzMzA1MiwiaWF0IjoxNzI5MjQ2NjUyLCJqdGkiOiI1OTM1YzM4MTNjMmI0ZTU2OTllOTQyYjRjNDM2NTc2ZSIsInVzZXJfaWQiOjF9.jj6MRwDj_BoemRCOCK9Z82ZCjzR5z_HXpj2bne2oYnM	2024-10-18 13:17:32.255161+03	2024-10-19 13:17:32+03	1	5935c3813c2b4e5699e942b4c436576e
171	eyJhbGciOiJIUzI1NiIsInR5cCI6IkpXVCJ9.eyJ0b2tlbl90eXBlIjoicmVmcmVzaCIsImV4cCI6MTcyOTMzNjI0NSwiaWF0IjoxNzI5MjQ5ODQ1LCJqdGkiOiJmYWY1YmMwYmRhYmM0Yjg1YmEzNzAwNzQ4OTNjYmQzNCIsInVzZXJfaWQiOjF9.sO6cFimCWOoCr8dRjd2smxzoAhs8O070z-ln2FCA_To	2024-10-18 14:10:45.43397+03	2024-10-19 14:10:45+03	1	faf5bc0bdabc4b85ba370074893cbd34
172	eyJhbGciOiJIUzI1NiIsInR5cCI6IkpXVCJ9.eyJ0b2tlbl90eXBlIjoicmVmcmVzaCIsImV4cCI6MTcyOTMzODczNiwiaWF0IjoxNzI5MjUyMzM2LCJqdGkiOiJlMzhkZDBiYmFlOTY0NmE4ODZmNzg4Njc3MjQ0ZWViYSIsInVzZXJfaWQiOjF9.MLEqq_hR0CybRc45LGkZx2aAKKYjQvG7NgDC2V7ujXw	2024-10-18 14:52:16.813338+03	2024-10-19 14:52:16+03	1	e38dd0bbae9646a886f788677244eeba
173	eyJhbGciOiJIUzI1NiIsInR5cCI6IkpXVCJ9.eyJ0b2tlbl90eXBlIjoicmVmcmVzaCIsImV4cCI6MTcyOTM0MTExNywiaWF0IjoxNzI5MjU0NzE3LCJqdGkiOiI4MjZhM2Y1ZDMxYTE0N2Y3ODMwZjVkMjllN2MyMzMzMiIsInVzZXJfaWQiOjF9.sRDKD1o5__uXgQZayZFeA6XCGx8xPVIFC9UZppXJvA8	2024-10-18 15:31:57.290906+03	2024-10-19 15:31:57+03	1	826a3f5d31a147f7830f5d29e7c23332
174	eyJhbGciOiJIUzI1NiIsInR5cCI6IkpXVCJ9.eyJ0b2tlbl90eXBlIjoicmVmcmVzaCIsImV4cCI6MTcyOTM0MTc1OCwiaWF0IjoxNzI5MjU1MzU4LCJqdGkiOiJiZDZkMzZjYzE3OTk0NTdiYTIwMTc4OGUzNzVhYTE1OCIsInVzZXJfaWQiOjF9.4jHG0UN3AcHMPLGCVrWliwqduE3KicSjAMSNNgqTfew	2024-10-18 15:42:38.203966+03	2024-10-19 15:42:38+03	1	bd6d36cc1799457ba201788e375aa158
175	eyJhbGciOiJIUzI1NiIsInR5cCI6IkpXVCJ9.eyJ0b2tlbl90eXBlIjoicmVmcmVzaCIsImV4cCI6MTcyOTM2MjQ2MCwiaWF0IjoxNzI5Mjc2MDYwLCJqdGkiOiIyNDgyYjJhODIxYjk0ZjZmYTA1YjVmZDY1NGU3MzAxZCIsInVzZXJfaWQiOjF9.MhNaer0oFXEi0F0nTEVDkoG2gwMD0Ugb-E3JmLWqqVI	2024-10-18 21:27:40.899808+03	2024-10-19 21:27:40+03	1	2482b2a821b94f6fa05b5fd654e7301d
176	eyJhbGciOiJIUzI1NiIsInR5cCI6IkpXVCJ9.eyJ0b2tlbl90eXBlIjoicmVmcmVzaCIsImV4cCI6MTcyOTM2Mzc3MCwiaWF0IjoxNzI5Mjc3MzcwLCJqdGkiOiJlZmM5N2FmNTAyMWI0ZTNlOGY1MzQ1M2VmNDFlOGQyZCIsInVzZXJfaWQiOjF9.0ALX9DcEl_NO8Qz2yUJqUyXcuEuPBaMXddysJugCNY4	2024-10-18 21:49:30.693009+03	2024-10-19 21:49:30+03	1	efc97af5021b4e3e8f53453ef41e8d2d
177	eyJhbGciOiJIUzI1NiIsInR5cCI6IkpXVCJ9.eyJ0b2tlbl90eXBlIjoicmVmcmVzaCIsImV4cCI6MTcyOTM2NTc4MiwiaWF0IjoxNzI5Mjc5MzgyLCJqdGkiOiI4MDY1ZGQzNWI1Mjk0ZjE3YjJlNGQ4MGQ0NjUzNDRjOCIsInVzZXJfaWQiOjF9.6dhiPwqRmtgbX1gTJ3BvWEEcnR9ha_pC1aeTzESL2mw	2024-10-18 22:23:02.3209+03	2024-10-19 22:23:02+03	1	8065dd35b5294f17b2e4d80d465344c8
178	eyJhbGciOiJIUzI1NiIsInR5cCI6IkpXVCJ9.eyJ0b2tlbl90eXBlIjoicmVmcmVzaCIsImV4cCI6MTcyOTM2Njc1MiwiaWF0IjoxNzI5MjgwMzUyLCJqdGkiOiJlNzcyMTdlOGNmMWU0MjNjYWEzMjA4NWMxMmI1YTI2MSIsInVzZXJfaWQiOjF9.2N7YayzYU9GkFR9aMjUaqzhM1glocoeSh36A-njnXA8	2024-10-18 22:39:12.20855+03	2024-10-19 22:39:12+03	1	e77217e8cf1e423caa32085c12b5a261
179	eyJhbGciOiJIUzI1NiIsInR5cCI6IkpXVCJ9.eyJ0b2tlbl90eXBlIjoicmVmcmVzaCIsImV4cCI6MTcyOTM2OTkxMiwiaWF0IjoxNzI5MjgzNTEyLCJqdGkiOiJmMGJjMDRjODg0MTk0YTI1YWE2MDUyMmUxM2I0MGNjYSIsInVzZXJfaWQiOjF9.VNqtHndulA4XKOQJowjTwiM6N83TAVrlWfqD03pEHjo	2024-10-18 23:31:52.952451+03	2024-10-19 23:31:52+03	1	f0bc04c884194a25aa60522e13b40cca
180	eyJhbGciOiJIUzI1NiIsInR5cCI6IkpXVCJ9.eyJ0b2tlbl90eXBlIjoicmVmcmVzaCIsImV4cCI6MTcyOTM3NDA4MywiaWF0IjoxNzI5Mjg3NjgzLCJqdGkiOiJiODIyNmMyY2UxY2U0OWM2OGVhMzUwYzUzMmYwZjZiNCIsInVzZXJfaWQiOjF9.6W-PfgazUfRVcEfXypdsIML6ZOC35R3BBJN_L1k2cMU	2024-10-19 00:41:23.991421+03	2024-10-20 00:41:23+03	1	b8226c2ce1ce49c68ea350c532f0f6b4
181	eyJhbGciOiJIUzI1NiIsInR5cCI6IkpXVCJ9.eyJ0b2tlbl90eXBlIjoicmVmcmVzaCIsImV4cCI6MTcyOTM3NTQ4OSwiaWF0IjoxNzI5Mjg5MDg5LCJqdGkiOiI5NGYxZjFjYTI3NmM0YTUzOGQ0ZTFlMDUyN2QzOTc0YyIsInVzZXJfaWQiOjF9.8PERPNYiGpUwyYVh-ZqUC32GJYzd5NknrJ-MSFka_zg	2024-10-19 01:04:49.454829+03	2024-10-20 01:04:49+03	1	94f1f1ca276c4a538d4e1e0527d3974c
182	eyJhbGciOiJIUzI1NiIsInR5cCI6IkpXVCJ9.eyJ0b2tlbl90eXBlIjoicmVmcmVzaCIsImV4cCI6MTcyOTM4MDYxNywiaWF0IjoxNzI5Mjk0MjE3LCJqdGkiOiJkMWE2Yjg0NTBkN2Q0MmM5OTljM2YxZTE2MDRkYjI4ZCIsInVzZXJfaWQiOjF9.nSZJ0RGXHmL_QqRPUcQFvWFWvnAo8M_Nt-Hp1M6J0Bw	2024-10-19 02:30:17.856987+03	2024-10-20 02:30:17+03	1	d1a6b8450d7d42c999c3f1e1604db28d
183	eyJhbGciOiJIUzI1NiIsInR5cCI6IkpXVCJ9.eyJ0b2tlbl90eXBlIjoicmVmcmVzaCIsImV4cCI6MTcyOTM4MDkyMSwiaWF0IjoxNzI5Mjk0NTIxLCJqdGkiOiJhMmRkYjczODhiY2Y0MzZlYmI2NDJlMmExOWEyNjE3MyIsInVzZXJfaWQiOjF9.qCuuyj3oITo9wV8BcQHDNn6a-iZmk41tli3GsW_8jEA	2024-10-19 02:35:21.662701+03	2024-10-20 02:35:21+03	1	a2ddb7388bcf436ebb642e2a19a26173
184	eyJhbGciOiJIUzI1NiIsInR5cCI6IkpXVCJ9.eyJ0b2tlbl90eXBlIjoicmVmcmVzaCIsImV4cCI6MTcyOTM4MTI3OSwiaWF0IjoxNzI5Mjk0ODc5LCJqdGkiOiJiMTRkMDI2Nzg4Y2E0Zjk3YWM4MzJkMjY1YWU1NjAzNCIsInVzZXJfaWQiOjF9.Iso15f0VMSqh76dp3c4uRfgIsY6iaxUILJGp8PN4xHo	2024-10-19 02:41:19.367373+03	2024-10-20 02:41:19+03	1	b14d026788ca4f97ac832d265ae56034
185	eyJhbGciOiJIUzI1NiIsInR5cCI6IkpXVCJ9.eyJ0b2tlbl90eXBlIjoicmVmcmVzaCIsImV4cCI6MTcyOTM4MTMyMywiaWF0IjoxNzI5Mjk0OTIzLCJqdGkiOiI1NTQ2OTYyNTg4Njg0ZjZlYjNhZWQ2NDhhOWVmMjQ1MSIsInVzZXJfaWQiOjF9.tefPArtm-Y162t7l-DsS5ZCdj6Ze9n94EjZVlwo5umU	2024-10-19 02:42:03.178406+03	2024-10-20 02:42:03+03	1	5546962588684f6eb3aed648a9ef2451
186	eyJhbGciOiJIUzI1NiIsInR5cCI6IkpXVCJ9.eyJ0b2tlbl90eXBlIjoicmVmcmVzaCIsImV4cCI6MTcyOTUxNjEzOSwiaWF0IjoxNzI5NDI5NzM5LCJqdGkiOiI2NWUyODNmYTE0ZTk0ZmI5YjhkOTZkNzk1MTZhYmJiZCIsInVzZXJfaWQiOjF9.0zyA78cjkyUy2zDsTAViHaD94M38hpv3eNx4f6jDXS8	2024-10-20 16:08:59.942999+03	2024-10-21 16:08:59+03	1	65e283fa14e94fb9b8d96d79516abbbd
187	eyJhbGciOiJIUzI1NiIsInR5cCI6IkpXVCJ9.eyJ0b2tlbl90eXBlIjoicmVmcmVzaCIsImV4cCI6MTcyOTU5ODMyNSwiaWF0IjoxNzI5NTExOTI1LCJqdGkiOiI5NWE0NzAwYWQ5NDg0ZTNhYjFkOGVjMDIyNDQ2YzUwNiIsInVzZXJfaWQiOjF9.V5O8Xs9rY7BHPQrNOrR79M7rbvqvgR9o9kZU4pPTXkM	2024-10-21 14:58:45.816998+03	2024-10-22 14:58:45+03	1	95a4700ad9484e3ab1d8ec022446c506
188	eyJhbGciOiJIUzI1NiIsInR5cCI6IkpXVCJ9.eyJ0b2tlbl90eXBlIjoicmVmcmVzaCIsImV4cCI6MTcyOTYxNjUxNSwiaWF0IjoxNzI5NTMwMTE1LCJqdGkiOiJmMjYxMmRkMGViOWI0YjU2ODY1NDBmMjI0YjlhYjk5ZSIsInVzZXJfaWQiOjF9.cNRMgrZIxECjvcOshZxMhQG6_SJFhHcJK2egC2SkRW4	2024-10-21 20:01:55.499034+03	2024-10-22 20:01:55+03	1	f2612dd0eb9b4b5686540f224b9ab99e
189	eyJhbGciOiJIUzI1NiIsInR5cCI6IkpXVCJ9.eyJ0b2tlbl90eXBlIjoicmVmcmVzaCIsImV4cCI6MTcyOTYxOTc2NywiaWF0IjoxNzI5NTMzMzY3LCJqdGkiOiIwNTg1M2UxOTc1M2Q0YzY5ODEyYzcxM2Q3ODIyOTNlNCIsInVzZXJfaWQiOjF9.mKfBDlH5Z_1kV6WKLfgWU4oxotlsSm53A62resKMZT8	2024-10-21 20:56:07.83385+03	2024-10-22 20:56:07+03	1	05853e19753d4c69812c713d782293e4
190	eyJhbGciOiJIUzI1NiIsInR5cCI6IkpXVCJ9.eyJ0b2tlbl90eXBlIjoicmVmcmVzaCIsImV4cCI6MTcyOTYxOTg4MCwiaWF0IjoxNzI5NTMzNDgwLCJqdGkiOiIxNjk5MGRmZWYyNTU0NzJlOWFlODdiM2JiZmMzNmRhMCIsInVzZXJfaWQiOjF9.IItlvCXFBZZTsHKNS-3ByNgPnJHEgcowAQUincV3OE8	2024-10-21 20:58:00.865362+03	2024-10-22 20:58:00+03	1	16990dfef255472e9ae87b3bbfc36da0
191	eyJhbGciOiJIUzI1NiIsInR5cCI6IkpXVCJ9.eyJ0b2tlbl90eXBlIjoicmVmcmVzaCIsImV4cCI6MTcyOTYyMDIxOSwiaWF0IjoxNzI5NTMzODE5LCJqdGkiOiIxN2IyMmRlOTU0OGM0Yzg2ODZiMjE3ZjUwMDk3ZTUxYyIsInVzZXJfaWQiOjF9.3Aa7CgCFGwjL1gHaMtRF3aJMeKUU167Tzrtz0-GAhPk	2024-10-21 21:03:39.902852+03	2024-10-22 21:03:39+03	1	17b22de9548c4c8686b217f50097e51c
192	eyJhbGciOiJIUzI1NiIsInR5cCI6IkpXVCJ9.eyJ0b2tlbl90eXBlIjoicmVmcmVzaCIsImV4cCI6MTcyOTYyMDUzMywiaWF0IjoxNzI5NTM0MTMzLCJqdGkiOiI3OGZkYzQ1NWM5MTQ0Y2E3YjU4OTJmNDdjMGI3MDVhYyIsInVzZXJfaWQiOjF9.XL3bjC7ViboFaAW1Y0h11O6VzArZAcfszBBtlGg6C40	2024-10-21 21:08:53.239225+03	2024-10-22 21:08:53+03	1	78fdc455c9144ca7b5892f47c0b705ac
193	eyJhbGciOiJIUzI1NiIsInR5cCI6IkpXVCJ9.eyJ0b2tlbl90eXBlIjoicmVmcmVzaCIsImV4cCI6MTcyOTY3ODAzNywiaWF0IjoxNzI5NTkxNjM3LCJqdGkiOiJmM2VkNDg5Nzc0ZDI0NTZkYTJmYzg2ZGEzZThiMWYyYSIsInVzZXJfaWQiOjF9._PScPXZIAAuLI2pouS6Mp0sOb8JRGTi3rK4OWHkvkIg	2024-10-22 13:07:17.375374+03	2024-10-23 13:07:17+03	1	f3ed489774d2456da2fc86da3e8b1f2a
194	eyJhbGciOiJIUzI1NiIsInR5cCI6IkpXVCJ9.eyJ0b2tlbl90eXBlIjoicmVmcmVzaCIsImV4cCI6MTcyOTY3ODI0OCwiaWF0IjoxNzI5NTkxODQ4LCJqdGkiOiIwYmRlMjdmM2I4OGM0MzIxYTJkZmZlYzg4Yzk4MDhmOCIsInVzZXJfaWQiOjF9.PneAjOyk2sOMS0rIkJCY371I9WbNY4p8VNGx4bmqFZU	2024-10-22 13:10:48.017448+03	2024-10-23 13:10:48+03	1	0bde27f3b88c4321a2dffec88c9808f8
195	eyJhbGciOiJIUzI1NiIsInR5cCI6IkpXVCJ9.eyJ0b2tlbl90eXBlIjoicmVmcmVzaCIsImV4cCI6MTcyOTY3ODU3MywiaWF0IjoxNzI5NTkyMTczLCJqdGkiOiIwNjM4NWEzZmI0NTg0OTE2ODU0NDA0ZmQ4MDViYTM3ZiIsInVzZXJfaWQiOjF9.ZYlHGZBUlrFUGs8y8R7C3zdnRyOIOi25uponhOvk1tI	2024-10-22 13:16:13.738287+03	2024-10-23 13:16:13+03	1	06385a3fb4584916854404fd805ba37f
196	eyJhbGciOiJIUzI1NiIsInR5cCI6IkpXVCJ9.eyJ0b2tlbl90eXBlIjoicmVmcmVzaCIsImV4cCI6MTcyOTY3ODYwNSwiaWF0IjoxNzI5NTkyMjA1LCJqdGkiOiJlOTZjODM5NGJhMDM0YjI3ODAxODZiZDJlOWEwNTE0ZSIsInVzZXJfaWQiOjF9.iaeWIR5x17Yi_LDF9G-yTKRT9XE-Y4MYwzuJ19WCvpQ	2024-10-22 13:16:45.676294+03	2024-10-23 13:16:45+03	1	e96c8394ba034b2780186bd2e9a0514e
197	eyJhbGciOiJIUzI1NiIsInR5cCI6IkpXVCJ9.eyJ0b2tlbl90eXBlIjoicmVmcmVzaCIsImV4cCI6MTcyOTY3ODY2NywiaWF0IjoxNzI5NTkyMjY3LCJqdGkiOiJmNmY2NDBlNmU2YzA0M2E0OTU1NDljMWJjMTllYzJkNCIsInVzZXJfaWQiOjF9.SE7M6j-6PTHzZRe9hXPjcl25kcdNY8E_IKm7l_TW-HE	2024-10-22 13:17:47.396672+03	2024-10-23 13:17:47+03	1	f6f640e6e6c043a495549c1bc19ec2d4
198	eyJhbGciOiJIUzI1NiIsInR5cCI6IkpXVCJ9.eyJ0b2tlbl90eXBlIjoicmVmcmVzaCIsImV4cCI6MTcyOTY3ODgwOCwiaWF0IjoxNzI5NTkyNDA4LCJqdGkiOiIzYjA4ZTUyOThkNTU0NzA1OTQ5ODFjOTY5OTQzNmNhOSIsInVzZXJfaWQiOjF9.NIDhc5h4fA9WOsI9A2C0bmaYQtVmMzz0TI22P9XMjBs	2024-10-22 13:20:08.003231+03	2024-10-23 13:20:08+03	1	3b08e5298d55470594981c9699436ca9
199	eyJhbGciOiJIUzI1NiIsInR5cCI6IkpXVCJ9.eyJ0b2tlbl90eXBlIjoicmVmcmVzaCIsImV4cCI6MTcyOTY3ODkyNCwiaWF0IjoxNzI5NTkyNTI0LCJqdGkiOiJiZDdhODEwNzc2MmI0YzI1OGRhY2YyZjE5NzVmNjg2MCIsInVzZXJfaWQiOjF9.5d42LC5VtmfTVaBpSfMI9zIAju5Rl07gNRw15sjYQAQ	2024-10-22 13:22:04.155665+03	2024-10-23 13:22:04+03	1	bd7a8107762b4c258dacf2f1975f6860
200	eyJhbGciOiJIUzI1NiIsInR5cCI6IkpXVCJ9.eyJ0b2tlbl90eXBlIjoicmVmcmVzaCIsImV4cCI6MTcyOTY3ODk2NiwiaWF0IjoxNzI5NTkyNTY2LCJqdGkiOiI1NDU5YzExZTZjNGE0MDI2OTU2YWRmYzM4ZTQ5MzEyOSIsInVzZXJfaWQiOjF9.2kqHNLsmrgpBECgPQbTRHGOB3ErY2S_YUVbtn62-rbM	2024-10-22 13:22:46.359845+03	2024-10-23 13:22:46+03	1	5459c11e6c4a4026956adfc38e493129
201	eyJhbGciOiJIUzI1NiIsInR5cCI6IkpXVCJ9.eyJ0b2tlbl90eXBlIjoicmVmcmVzaCIsImV4cCI6MTcyOTY4ODU0MywiaWF0IjoxNzI5NjAyMTQzLCJqdGkiOiI5OWNlNmI1NjQ4NWI0ZGEyYjBjMDUyNTFjMWYzMjZjZSIsInVzZXJfaWQiOjF9.lKejr-vhDAkWZx2OrKQwUDtiJWO2sweInE-HjgX-3GY	2024-10-22 16:02:23.332441+03	2024-10-23 16:02:23+03	1	99ce6b56485b4da2b0c05251c1f326ce
202	eyJhbGciOiJIUzI1NiIsInR5cCI6IkpXVCJ9.eyJ0b2tlbl90eXBlIjoicmVmcmVzaCIsImV4cCI6MTcyOTY4ODY3OCwiaWF0IjoxNzI5NjAyMjc4LCJqdGkiOiJlY2RmNzdmMmI0YzU0MmMzODgzOGZmMmMwMGE4YjkxYSIsInVzZXJfaWQiOjF9.h9mawg44exhUV94PiKOu7latOqQNVKL77DisP7EtgcY	2024-10-22 16:04:38.84756+03	2024-10-23 16:04:38+03	1	ecdf77f2b4c542c38838ff2c00a8b91a
203	eyJhbGciOiJIUzI1NiIsInR5cCI6IkpXVCJ9.eyJ0b2tlbl90eXBlIjoicmVmcmVzaCIsImV4cCI6MTcyOTY5MjQ4MSwiaWF0IjoxNzI5NjA2MDgxLCJqdGkiOiI5MDU1ODNiNjZlZGQ0ZmNhYjk1NjE4MjA3ZjllMDQzYyIsInVzZXJfaWQiOjF9.DyQwRxp3MHc4RCqk7SphGy8zc1Wzm9-Jlj4RhtzkfH4	2024-10-22 17:08:01.025372+03	2024-10-23 17:08:01+03	1	905583b66edd4fcab95618207f9e043c
204	eyJhbGciOiJIUzI1NiIsInR5cCI6IkpXVCJ9.eyJ0b2tlbl90eXBlIjoicmVmcmVzaCIsImV4cCI6MTcyOTY5MzM3NCwiaWF0IjoxNzI5NjA2OTc0LCJqdGkiOiJiOTdkNDQ4MmUzOGI0ZTkwYmFhNTEyOWUzMzlkMzlkZiIsInVzZXJfaWQiOjF9.XUV2hC8I4iNG7C_4Vd1RqWXuQbBMARtukQXYoRi2p1M	2024-10-22 17:22:54.167304+03	2024-10-23 17:22:54+03	1	b97d4482e38b4e90baa5129e339d39df
205	eyJhbGciOiJIUzI1NiIsInR5cCI6IkpXVCJ9.eyJ0b2tlbl90eXBlIjoicmVmcmVzaCIsImV4cCI6MTcyOTcwMTg5OSwiaWF0IjoxNzI5NjE1NDk5LCJqdGkiOiJhZmNmYTg5N2NlMWI0NmEwODFhOGZjOGU1ZTBhNWZlMiIsInVzZXJfaWQiOjF9.igUeYdqQFBGBTsfXQEMNNXfOieeuO7QenyqBfMiaEM0	2024-10-22 19:44:59.306274+03	2024-10-23 19:44:59+03	1	afcfa897ce1b46a081a8fc8e5e0a5fe2
206	eyJhbGciOiJIUzI1NiIsInR5cCI6IkpXVCJ9.eyJ0b2tlbl90eXBlIjoicmVmcmVzaCIsImV4cCI6MTcyOTcwMjU1NywiaWF0IjoxNzI5NjE2MTU3LCJqdGkiOiI3MWI3OTYyZWQ0Mzk0ODE1YTcwNDJkMDg4ODlmMmUwYiIsInVzZXJfaWQiOjF9.PcKaRSmNyd6EXTlMLUeYSm8QNPeUKiR_o_hLqwxX6So	2024-10-22 19:55:57.636556+03	2024-10-23 19:55:57+03	1	71b7962ed4394815a7042d08889f2e0b
207	eyJhbGciOiJIUzI1NiIsInR5cCI6IkpXVCJ9.eyJ0b2tlbl90eXBlIjoicmVmcmVzaCIsImV4cCI6MTcyOTcwMzU2OCwiaWF0IjoxNzI5NjE3MTY4LCJqdGkiOiJhNTUwNzljNzM4MjU0MzljOTBhNWZiY2U1MWEzNGFlNiIsInVzZXJfaWQiOjF9.L2Jowx8mSeZMlXOuF52KmwFuAkjSKbWaQvvuI8J5ZLw	2024-10-22 20:12:48.13624+03	2024-10-23 20:12:48+03	1	a55079c73825439c90a5fbce51a34ae6
208	eyJhbGciOiJIUzI1NiIsInR5cCI6IkpXVCJ9.eyJ0b2tlbl90eXBlIjoicmVmcmVzaCIsImV4cCI6MTcyOTcwMzc5MSwiaWF0IjoxNzI5NjE3MzkxLCJqdGkiOiJiNmQ4NDkwMzUyOTY0ZGRmOGYyZmU1ZThkNmU4ZmJiMyIsInVzZXJfaWQiOjF9.cughXlteuF4ljvEWG1BqNfRiVEPCysF76i7LgNne3WE	2024-10-22 20:16:31.796385+03	2024-10-23 20:16:31+03	1	b6d8490352964ddf8f2fe5e8d6e8fbb3
209	eyJhbGciOiJIUzI1NiIsInR5cCI6IkpXVCJ9.eyJ0b2tlbl90eXBlIjoicmVmcmVzaCIsImV4cCI6MTcyOTcwNDE2NiwiaWF0IjoxNzI5NjE3NzY2LCJqdGkiOiIwNDk2ZTkzNmRkYWU0NGYyOGFjMTMxNmY5YTlhMDQ5YSIsInVzZXJfaWQiOjF9.j1lSH_kYKOhzVm02tB9MYgolu3HcI5r9_gi18U-VRro	2024-10-22 20:22:46.063768+03	2024-10-23 20:22:46+03	1	0496e936ddae44f28ac1316f9a9a049a
210	eyJhbGciOiJIUzI1NiIsInR5cCI6IkpXVCJ9.eyJ0b2tlbl90eXBlIjoicmVmcmVzaCIsImV4cCI6MTcyOTcwNDM1NCwiaWF0IjoxNzI5NjE3OTU0LCJqdGkiOiIyZjNmNGIzMWRiMjk0ODdmYjJmMjVlZjI4ZjZjY2NkYSIsInVzZXJfaWQiOjF9.hzddui9mr40Jtl0Q6gRthI6rdZ5NeRzhZZ_S-WXVpOA	2024-10-22 20:25:54.314883+03	2024-10-23 20:25:54+03	1	2f3f4b31db29487fb2f25ef28f6cccda
211	eyJhbGciOiJIUzI1NiIsInR5cCI6IkpXVCJ9.eyJ0b2tlbl90eXBlIjoicmVmcmVzaCIsImV4cCI6MTcyOTcwNDQ3MSwiaWF0IjoxNzI5NjE4MDcxLCJqdGkiOiJmNDQ5YTcwYTcyM2M0ODNmYmZiYjBmMTIzZjhkYmUzYyIsInVzZXJfaWQiOjF9.iYkVX0VF6XOnq9VI9G0jNbQAPChHm_PlWjXZxSowYiI	2024-10-22 20:27:51.20722+03	2024-10-23 20:27:51+03	1	f449a70a723c483fbfbb0f123f8dbe3c
212	eyJhbGciOiJIUzI1NiIsInR5cCI6IkpXVCJ9.eyJ0b2tlbl90eXBlIjoicmVmcmVzaCIsImV4cCI6MTcyOTcwNDY4NSwiaWF0IjoxNzI5NjE4Mjg1LCJqdGkiOiJlOWZkY2ZjMzMyZDI0NDA2YjJmNWMxYmVkNjQ3ODU1OSIsInVzZXJfaWQiOjF9.0v7ELiUfKS6o3MWIwMMNztxN-gzf30JFX9AGmPvq67E	2024-10-22 20:31:25.758724+03	2024-10-23 20:31:25+03	1	e9fdcfc332d24406b2f5c1bed6478559
213	eyJhbGciOiJIUzI1NiIsInR5cCI6IkpXVCJ9.eyJ0b2tlbl90eXBlIjoicmVmcmVzaCIsImV4cCI6MTcyOTcwOTgyNiwiaWF0IjoxNzI5NjIzNDI2LCJqdGkiOiIwYTRlNjhjNWJmNTU0ZDVmYWUzMjRjMmExNGQ2ZDM1ZiIsInVzZXJfaWQiOjF9.Ftj7BSB_Buhr364uz9iCG85buYWjWLd0t4j0okefSJk	2024-10-22 21:57:06.920475+03	2024-10-23 21:57:06+03	1	0a4e68c5bf554d5fae324c2a14d6d35f
214	eyJhbGciOiJIUzI1NiIsInR5cCI6IkpXVCJ9.eyJ0b2tlbl90eXBlIjoicmVmcmVzaCIsImV4cCI6MTcyOTcxMzU3NCwiaWF0IjoxNzI5NjI3MTc0LCJqdGkiOiJlNDVlZTNmZTQzYjY0NmVmYjVjM2VjZTU1M2IyZWE3NSIsInVzZXJfaWQiOjF9.fyVn_krw8HQvzBpQ4NwNetL_70fHXfzJRbvN8KLAi8c	2024-10-22 22:59:34.111309+03	2024-10-23 22:59:34+03	1	e45ee3fe43b646efb5c3ece553b2ea75
215	eyJhbGciOiJIUzI1NiIsInR5cCI6IkpXVCJ9.eyJ0b2tlbl90eXBlIjoicmVmcmVzaCIsImV4cCI6MTcyOTcxMzY0MywiaWF0IjoxNzI5NjI3MjQzLCJqdGkiOiJlODUzNDdiZmRjZDk0M2RiYjQ3OWZiZmRjMGJlOGU0OCIsInVzZXJfaWQiOjF9.2UPhg_KOWpq58VOvFlLa3UjdG-HpItLT4Kyx0MgSkco	2024-10-22 23:00:43.16252+03	2024-10-23 23:00:43+03	1	e85347bfdcd943dbb479fbfdc0be8e48
216	eyJhbGciOiJIUzI1NiIsInR5cCI6IkpXVCJ9.eyJ0b2tlbl90eXBlIjoicmVmcmVzaCIsImV4cCI6MTcyOTcxNTQwOCwiaWF0IjoxNzI5NjI5MDA4LCJqdGkiOiIzMDk1Yjc5MDU1ZjE0ZDAyYWQxN2IxZWYwMjc3MTg1OCIsInVzZXJfaWQiOjF9.1lDEWY9bTLDcKVpQ6dfFe3rkd-aYUZ8B7RFUBN-3Is0	2024-10-22 23:30:08.234824+03	2024-10-23 23:30:08+03	1	3095b79055f14d02ad17b1ef02771858
217	eyJhbGciOiJIUzI1NiIsInR5cCI6IkpXVCJ9.eyJ0b2tlbl90eXBlIjoicmVmcmVzaCIsImV4cCI6MTcyOTc5MjA4NiwiaWF0IjoxNzI5NzA1Njg2LCJqdGkiOiIzMmQzMzk5MDE3ODM0NDdlODg5MWEzOTAwN2VjYWFkYyIsInVzZXJfaWQiOjF9.Elwgh6dQLJEXswEnSpubi3tFM6_r21J5M2sUNEC6o6A	2024-10-23 20:48:06.01389+03	2024-10-24 20:48:06+03	1	32d339901783447e8891a39007ecaadc
218	eyJhbGciOiJIUzI1NiIsInR5cCI6IkpXVCJ9.eyJ0b2tlbl90eXBlIjoicmVmcmVzaCIsImV4cCI6MTcyOTc5NDI0MCwiaWF0IjoxNzI5NzA3ODQwLCJqdGkiOiJjNzdkZDc3ODQ2NzE0MmUzODdiNDI0NzY1NmZjMmQzNiIsInVzZXJfaWQiOjF9.JsRLt-ctWfpwpA6WktI7e-QwslvWQFKfsODVCRuSmRE	2024-10-23 21:24:00.014326+03	2024-10-24 21:24:00+03	1	c77dd778467142e387b4247656fc2d36
219	eyJhbGciOiJIUzI1NiIsInR5cCI6IkpXVCJ9.eyJ0b2tlbl90eXBlIjoicmVmcmVzaCIsImV4cCI6MTcyOTc5NDg5OSwiaWF0IjoxNzI5NzA4NDk5LCJqdGkiOiIwZTNmZGMxZWNiZDI0ZWVkOGNiYjc3ZTZjOWYxOWRmNiIsInVzZXJfaWQiOjF9.-9DoexE-CRV4YTJGP559SyOtNEDcARaHgYxCexHwQ9w	2024-10-23 21:34:59.828552+03	2024-10-24 21:34:59+03	1	0e3fdc1ecbd24eed8cbb77e6c9f19df6
220	eyJhbGciOiJIUzI1NiIsInR5cCI6IkpXVCJ9.eyJ0b2tlbl90eXBlIjoicmVmcmVzaCIsImV4cCI6MTcyOTc5NTA3OCwiaWF0IjoxNzI5NzA4Njc4LCJqdGkiOiJkNjM3MWEyMzA0OGU0Mjk2ODZkMjE0Y2VhYjg3ZGIxMiIsInVzZXJfaWQiOjF9.jxVljjz_X0QejhzdcSATpdqlRYI9hJCpVQO4eg2a27M	2024-10-23 21:37:58.800182+03	2024-10-24 21:37:58+03	1	d6371a23048e429686d214ceab87db12
221	eyJhbGciOiJIUzI1NiIsInR5cCI6IkpXVCJ9.eyJ0b2tlbl90eXBlIjoicmVmcmVzaCIsImV4cCI6MTcyOTc5NTc3MywiaWF0IjoxNzI5NzA5MzczLCJqdGkiOiIzYTM1MDJlNWI4YWM0MjY1OGNiYTllYjM2YzRlMDkwNiIsInVzZXJfaWQiOjF9.AWdeu4Q2YW_IpQy5TWktI7vWjonML_K3n_Wu1LMKdD0	2024-10-23 21:49:33.825614+03	2024-10-24 21:49:33+03	1	3a3502e5b8ac42658cba9eb36c4e0906
222	eyJhbGciOiJIUzI1NiIsInR5cCI6IkpXVCJ9.eyJ0b2tlbl90eXBlIjoicmVmcmVzaCIsImV4cCI6MTcyOTgwMDUzMSwiaWF0IjoxNzI5NzE0MTMxLCJqdGkiOiI4MzRiMTJiOTBiYzM0NWRlYTZjMmY2MzgwNzQ0Y2Q4YiIsInVzZXJfaWQiOjF9.mAj4QFHVQ6udrzQCru5J3ZyK1h8cEjgM1S7v5glIpP8	2024-10-23 23:08:51.509462+03	2024-10-24 23:08:51+03	1	834b12b90bc345dea6c2f6380744cd8b
223	eyJhbGciOiJIUzI1NiIsInR5cCI6IkpXVCJ9.eyJ0b2tlbl90eXBlIjoicmVmcmVzaCIsImV4cCI6MTcyOTgwMDc4NywiaWF0IjoxNzI5NzE0Mzg3LCJqdGkiOiI5YTg0NTM1Yzg5ODQ0YWRlOGQ1ZDJiNGY2Y2M2YWI0OSIsInVzZXJfaWQiOjF9.P1Zfh5V0pnp1LqQl3ihtr32HP3h5ixv0iHwt57v9Elg	2024-10-23 23:13:07.813446+03	2024-10-24 23:13:07+03	1	9a84535c89844ade8d5d2b4f6cc6ab49
224	eyJhbGciOiJIUzI1NiIsInR5cCI6IkpXVCJ9.eyJ0b2tlbl90eXBlIjoicmVmcmVzaCIsImV4cCI6MTcyOTg0Nzg2MiwiaWF0IjoxNzI5NzYxNDYyLCJqdGkiOiJmZmY0ODUzZWRiNDE0ZDEwOWJjZjU4ZTBkNjMyOGMzNyIsInVzZXJfaWQiOjF9.fVaNkXQ-mp7GHVeFivuWkw3VQWVYMREcvGRKHoH8V9I	2024-10-24 12:17:42.468178+03	2024-10-25 12:17:42+03	1	fff4853edb414d109bcf58e0d6328c37
225	eyJhbGciOiJIUzI1NiIsInR5cCI6IkpXVCJ9.eyJ0b2tlbl90eXBlIjoicmVmcmVzaCIsImV4cCI6MTcyOTg1MDQ2NCwiaWF0IjoxNzI5NzY0MDY0LCJqdGkiOiJiYzNlZDIyM2M2NDc0NDdkYmE2MzFhOWI4YjEzMTdmNSIsInVzZXJfaWQiOjF9.AGkBn-BAysc87l-TTlFq_VSNIkHs438712MGtyelKak	2024-10-24 13:01:04.30016+03	2024-10-25 13:01:04+03	1	bc3ed223c647447dba631a9b8b1317f5
226	eyJhbGciOiJIUzI1NiIsInR5cCI6IkpXVCJ9.eyJ0b2tlbl90eXBlIjoicmVmcmVzaCIsImV4cCI6MTcyOTg1MDk5MiwiaWF0IjoxNzI5NzY0NTkyLCJqdGkiOiIxNzIwYThkMmFhYzI0Mjc0OTY5YmJjNGRlNzJlZGFjMyIsInVzZXJfaWQiOjF9.APMI30Y5U9pqHW2oaVGOTseGV_VQqGSbatDOb4SAJ9Y	2024-10-24 13:09:52.322231+03	2024-10-25 13:09:52+03	1	1720a8d2aac24274969bbc4de72edac3
227	eyJhbGciOiJIUzI1NiIsInR5cCI6IkpXVCJ9.eyJ0b2tlbl90eXBlIjoicmVmcmVzaCIsImV4cCI6MTcyOTg1MTEyOCwiaWF0IjoxNzI5NzY0NzI4LCJqdGkiOiJmYjdjMjRmNDMzNTk0NTc5OTY0MjZhOWFlNDcxMGQxZiIsInVzZXJfaWQiOjF9.-yXXaZ9hsgYr4sYyEeXccMuRXfFAfsi4hHOo0lbva9Q	2024-10-24 13:12:08.523924+03	2024-10-25 13:12:08+03	1	fb7c24f43359457996426a9ae4710d1f
228	eyJhbGciOiJIUzI1NiIsInR5cCI6IkpXVCJ9.eyJ0b2tlbl90eXBlIjoicmVmcmVzaCIsImV4cCI6MTcyOTg1MzIzNSwiaWF0IjoxNzI5NzY2ODM1LCJqdGkiOiJjMzQ4ZjhjYmNmYWU0ZjQ5ODVmN2QxYzJlYzAwMmY5OCIsInVzZXJfaWQiOjF9.TY0KpryFxOLWqrH6Nj6Ym2wjQgD5RADbnS5Rup4m4AE	2024-10-24 13:47:15.416319+03	2024-10-25 13:47:15+03	1	c348f8cbcfae4f4985f7d1c2ec002f98
229	eyJhbGciOiJIUzI1NiIsInR5cCI6IkpXVCJ9.eyJ0b2tlbl90eXBlIjoicmVmcmVzaCIsImV4cCI6MTcyOTg1Mzc2NywiaWF0IjoxNzI5NzY3MzY3LCJqdGkiOiJkYjZhZDcxMzgxOTA0NjczOTc0MjAxZDcxYmIzOTk0NCIsInVzZXJfaWQiOjF9.vPpNFoMz8hjaLfwhvSkiBRUtILMgLhiGKRJUW8njoRk	2024-10-24 13:56:07.199675+03	2024-10-25 13:56:07+03	1	db6ad71381904673974201d71bb39944
230	eyJhbGciOiJIUzI1NiIsInR5cCI6IkpXVCJ9.eyJ0b2tlbl90eXBlIjoicmVmcmVzaCIsImV4cCI6MTcyOTg1MzgxNCwiaWF0IjoxNzI5NzY3NDE0LCJqdGkiOiIwZTdjNDAyMjMxYWQ0ZDk2YjczZGIxOWNiMWExMmUyZiIsInVzZXJfaWQiOjF9.zk3GzmWDbdrPEUloIHybdqA7zwLHyWGtI4XlDQcOAJM	2024-10-24 13:56:54.049511+03	2024-10-25 13:56:54+03	1	0e7c402231ad4d96b73db19cb1a12e2f
231	eyJhbGciOiJIUzI1NiIsInR5cCI6IkpXVCJ9.eyJ0b2tlbl90eXBlIjoicmVmcmVzaCIsImV4cCI6MTcyOTg1NDA0MiwiaWF0IjoxNzI5NzY3NjQyLCJqdGkiOiJiODUyZDA0MzM5Y2Y0NWUzYWI3NTM4YjRkN2YzZDcyNyIsInVzZXJfaWQiOjF9.e8NohofuUcB4t7pwBgWhk3dk6mey0JY04AnTr5sg8Ao	2024-10-24 14:00:42.55121+03	2024-10-25 14:00:42+03	1	b852d04339cf45e3ab7538b4d7f3d727
232	eyJhbGciOiJIUzI1NiIsInR5cCI6IkpXVCJ9.eyJ0b2tlbl90eXBlIjoicmVmcmVzaCIsImV4cCI6MTcyOTg2NDU0MywiaWF0IjoxNzI5Nzc4MTQzLCJqdGkiOiIwZTNmZGUyNmZkNTA0MzI2ODA4NmRlOTM1ZmU0ODAxYyIsInVzZXJfaWQiOjF9.GLH-NJU5cXcM11zb5rDuaYV1OSt8a-eN3_jKioOYukk	2024-10-24 16:55:43.788288+03	2024-10-25 16:55:43+03	1	0e3fde26fd5043268086de935fe4801c
233	eyJhbGciOiJIUzI1NiIsInR5cCI6IkpXVCJ9.eyJ0b2tlbl90eXBlIjoicmVmcmVzaCIsImV4cCI6MTcyOTg2NTMwNCwiaWF0IjoxNzI5Nzc4OTA0LCJqdGkiOiIwMjc2NWRmMWVlNjM0NmFmYTUxYjMxOTYxMDQ0Y2M3MCIsInVzZXJfaWQiOjF9.32K-sb_7VoAx112VHyjouaPM8iU-1Ndntd46eoMV-D8	2024-10-24 17:08:24.909977+03	2024-10-25 17:08:24+03	1	02765df1ee6346afa51b31961044cc70
234	eyJhbGciOiJIUzI1NiIsInR5cCI6IkpXVCJ9.eyJ0b2tlbl90eXBlIjoicmVmcmVzaCIsImV4cCI6MTcyOTg2NzA2OSwiaWF0IjoxNzI5NzgwNjY5LCJqdGkiOiI5ODM2YzM0OWZlNjM0YzI3YmY0ZmQyMjVhNDYxNzYwMyIsInVzZXJfaWQiOjF9.4rK20gTrDjV-PB_vPR7ypgwfCRakrJUgMw_THquelys	2024-10-24 17:37:49.277385+03	2024-10-25 17:37:49+03	1	9836c349fe634c27bf4fd225a4617603
235	eyJhbGciOiJIUzI1NiIsInR5cCI6IkpXVCJ9.eyJ0b2tlbl90eXBlIjoicmVmcmVzaCIsImV4cCI6MTcyOTg4MTc3MCwiaWF0IjoxNzI5Nzk1MzcwLCJqdGkiOiIzYWM2NWMyMjMyZGU0N2E1YjY5YjU4ZmRkODAzMzM1MCIsInVzZXJfaWQiOjF9.up-g4kylUyXjgthKZ0ADLn9SEPU5x1AI6MqmTW5f-0A	2024-10-24 21:42:50.680511+03	2024-10-25 21:42:50+03	1	3ac65c2232de47a5b69b58fdd8033350
236	eyJhbGciOiJIUzI1NiIsInR5cCI6IkpXVCJ9.eyJ0b2tlbl90eXBlIjoicmVmcmVzaCIsImV4cCI6MTcyOTg4MjcyOSwiaWF0IjoxNzI5Nzk2MzI5LCJqdGkiOiI1NzI4ZWIwZTI5NTI0ZjMzOWU0ZGU2OTJmNTY5MTcyYyIsInVzZXJfaWQiOjF9.ONTkK7tP8NqNQ9YiGFfSFjNw2f7oyKIhLvAZv1DM5VA	2024-10-24 21:58:49.504532+03	2024-10-25 21:58:49+03	1	5728eb0e29524f339e4de692f569172c
237	eyJhbGciOiJIUzI1NiIsInR5cCI6IkpXVCJ9.eyJ0b2tlbl90eXBlIjoicmVmcmVzaCIsImV4cCI6MTcyOTg4MjgzNCwiaWF0IjoxNzI5Nzk2NDM0LCJqdGkiOiIzMjU5ZjZlNzMyZjE0OGEyYWMyYTdmNTU5MGMwOWNlNSIsInVzZXJfaWQiOjF9.9XQlsMPMKNlvwjPWsZixpFHtU3yHT_YVmBr9xI86B_k	2024-10-24 22:00:34.172442+03	2024-10-25 22:00:34+03	1	3259f6e732f148a2ac2a7f5590c09ce5
238	eyJhbGciOiJIUzI1NiIsInR5cCI6IkpXVCJ9.eyJ0b2tlbl90eXBlIjoicmVmcmVzaCIsImV4cCI6MTcyOTg4MzQ2MSwiaWF0IjoxNzI5Nzk3MDYxLCJqdGkiOiI2ZGU0YTU4ZmZmMTQ0YjU4OGVkYzNjNDhhNWI3MzVhZSIsInVzZXJfaWQiOjF9.yqZ5qsotxxtq4ye-rhRmAUAPkehOYSaoTFNUIBC6sO8	2024-10-24 22:11:01.020945+03	2024-10-25 22:11:01+03	1	6de4a58fff144b588edc3c48a5b735ae
239	eyJhbGciOiJIUzI1NiIsInR5cCI6IkpXVCJ9.eyJ0b2tlbl90eXBlIjoicmVmcmVzaCIsImV4cCI6MTcyOTg4MzU1NiwiaWF0IjoxNzI5Nzk3MTU2LCJqdGkiOiI2NmRiMTZjYmU5YzI0YWZhYTAxOWU5MjUzOTJlNGQyZCIsInVzZXJfaWQiOjF9.XGkUCx3EXWiygIlT9FpO1DjQO2LqFV_199B8X93wS80	2024-10-24 22:12:36.359893+03	2024-10-25 22:12:36+03	1	66db16cbe9c24afaa019e925392e4d2d
240	eyJhbGciOiJIUzI1NiIsInR5cCI6IkpXVCJ9.eyJ0b2tlbl90eXBlIjoicmVmcmVzaCIsImV4cCI6MTcyOTg4OTAyMSwiaWF0IjoxNzI5ODAyNjIxLCJqdGkiOiJkMWQ1OGQ2NjQzYjE0ZjZkOWFlMzdjY2ZiNTllZjMzZSIsInVzZXJfaWQiOjF9.S6yBr3-ksliWkwpVdqwSJs6Pz9kjm4DWYbuCDQ-tBjw	2024-10-24 23:43:41.258865+03	2024-10-25 23:43:41+03	1	d1d58d6643b14f6d9ae37ccfb59ef33e
241	eyJhbGciOiJIUzI1NiIsInR5cCI6IkpXVCJ9.eyJ0b2tlbl90eXBlIjoicmVmcmVzaCIsImV4cCI6MTcyOTg5MTU1MSwiaWF0IjoxNzI5ODA1MTUxLCJqdGkiOiJhMTMyZTM0ZmQzMzY0NjQ0YTQ2OWQ0NDdjZTcyMzU0OSIsInVzZXJfaWQiOjF9.mbQ-b5xIvrW0Cofufj5r1m1Ipdfew1qmaWpyz2TrA10	2024-10-25 00:25:51.685299+03	2024-10-26 00:25:51+03	1	a132e34fd3364644a469d447ce723549
242	eyJhbGciOiJIUzI1NiIsInR5cCI6IkpXVCJ9.eyJ0b2tlbl90eXBlIjoicmVmcmVzaCIsImV4cCI6MTcyOTg5MTY4MywiaWF0IjoxNzI5ODA1MjgzLCJqdGkiOiI2NGNkMWVhM2ViNTY0NTkzODgzNDY4NzBkZmNkYzFjYyIsInVzZXJfaWQiOjF9.KzKqXSARRKy5K_GfM2s6sAF2z2za31rKPmLdo3mPOPY	2024-10-25 00:28:03.542288+03	2024-10-26 00:28:03+03	1	64cd1ea3eb56459388346870dfcdc1cc
243	eyJhbGciOiJIUzI1NiIsInR5cCI6IkpXVCJ9.eyJ0b2tlbl90eXBlIjoicmVmcmVzaCIsImV4cCI6MTcyOTg5MjEzNCwiaWF0IjoxNzI5ODA1NzM0LCJqdGkiOiI1YTZjOGU2ZDE4ZmY0NGVhOTIyYWRlODRlMDc4MGZkOCIsInVzZXJfaWQiOjF9.42kmorM3jRGY45XFjyBmnCaQTD0isIVrf1QFVcYVwT4	2024-10-25 00:35:34.982672+03	2024-10-26 00:35:34+03	1	5a6c8e6d18ff44ea922ade84e0780fd8
244	eyJhbGciOiJIUzI1NiIsInR5cCI6IkpXVCJ9.eyJ0b2tlbl90eXBlIjoicmVmcmVzaCIsImV4cCI6MTcyOTg5MjE4OSwiaWF0IjoxNzI5ODA1Nzg5LCJqdGkiOiI2ZGNmOGM0OTcxNDI0MGJlOWI0NTA1OTA0MTVmMWIyMSIsInVzZXJfaWQiOjF9.5UheAvTNDD1f6bifz0hFQcMwv_UuIwcOxxy4Dya1hVQ	2024-10-25 00:36:29.877214+03	2024-10-26 00:36:29+03	1	6dcf8c49714240be9b450590415f1b21
245	eyJhbGciOiJIUzI1NiIsInR5cCI6IkpXVCJ9.eyJ0b2tlbl90eXBlIjoicmVmcmVzaCIsImV4cCI6MTcyOTg5MjIyMiwiaWF0IjoxNzI5ODA1ODIyLCJqdGkiOiI3Mjk3YjQxZmNkZGU0NTFjOWIzYmM0Y2QxZWRlODRmNSIsInVzZXJfaWQiOjF9.IZYYJai96z5B55Cfi6SZ2My1888ozvDoxjfTPdhtSjw	2024-10-25 00:37:02.79057+03	2024-10-26 00:37:02+03	1	7297b41fcdde451c9b3bc4cd1ede84f5
246	eyJhbGciOiJIUzI1NiIsInR5cCI6IkpXVCJ9.eyJ0b2tlbl90eXBlIjoicmVmcmVzaCIsImV4cCI6MTcyOTg5MjI5MCwiaWF0IjoxNzI5ODA1ODkwLCJqdGkiOiI0YWU4NDQyZDlkN2Y0ZmJhOThmYjI1OGIxZGU1NjdhMyIsInVzZXJfaWQiOjF9.8ePS4Qo-DF_imcxZ5o_Win9S_geBAhuMAGy7tcR6ZwA	2024-10-25 00:38:10.212658+03	2024-10-26 00:38:10+03	1	4ae8442d9d7f4fba98fb258b1de567a3
247	eyJhbGciOiJIUzI1NiIsInR5cCI6IkpXVCJ9.eyJ0b2tlbl90eXBlIjoicmVmcmVzaCIsImV4cCI6MTcyOTg5MjMzOSwiaWF0IjoxNzI5ODA1OTM5LCJqdGkiOiIzYzZmYmQwZTNlN2M0YjUyODkwYjZiZmRkYTliZGZkMCIsInVzZXJfaWQiOjF9.JEayur_f0BtdR9nIaaujQYIBmyVU5v4k3oZUD07TSk8	2024-10-25 00:38:59.960594+03	2024-10-26 00:38:59+03	1	3c6fbd0e3e7c4b52890b6bfdda9bdfd0
248	eyJhbGciOiJIUzI1NiIsInR5cCI6IkpXVCJ9.eyJ0b2tlbl90eXBlIjoicmVmcmVzaCIsImV4cCI6MTcyOTg5MjM3NiwiaWF0IjoxNzI5ODA1OTc2LCJqdGkiOiI2ZTQyMDdkY2RmZDQ0OTEzODRjOGIyNmYyYTMwNWJjMSIsInVzZXJfaWQiOjF9.gPO-LDMHqZSWzshM0eEPW85p5E-G00ngJ6BNpgmcEN8	2024-10-25 00:39:36.008584+03	2024-10-26 00:39:36+03	1	6e4207dcdfd4491384c8b26f2a305bc1
249	eyJhbGciOiJIUzI1NiIsInR5cCI6IkpXVCJ9.eyJ0b2tlbl90eXBlIjoicmVmcmVzaCIsImV4cCI6MTcyOTg5MjY1NywiaWF0IjoxNzI5ODA2MjU3LCJqdGkiOiJjNWUwNmFhYTk1YTI0MzAxODg2ZGQ2ZjJhOGU4MWE4ZSIsInVzZXJfaWQiOjF9.aW6GkKo6sxsn6uHVbaXoL9ZncLv2RrNbxuwpqd8UVrM	2024-10-25 00:44:17.105419+03	2024-10-26 00:44:17+03	1	c5e06aaa95a24301886dd6f2a8e81a8e
250	eyJhbGciOiJIUzI1NiIsInR5cCI6IkpXVCJ9.eyJ0b2tlbl90eXBlIjoicmVmcmVzaCIsImV4cCI6MTcyOTg5MjY3NywiaWF0IjoxNzI5ODA2Mjc3LCJqdGkiOiI4YjFlM2UzODdiNTA0MGY2ODRlZWNhODJjYjI4NWJiZCIsInVzZXJfaWQiOjF9.uu9ArfJYciSxlLoSQdvHzyhUwE-04yBR4XINa7V32XM	2024-10-25 00:44:37.027445+03	2024-10-26 00:44:37+03	1	8b1e3e387b5040f684eeca82cb285bbd
251	eyJhbGciOiJIUzI1NiIsInR5cCI6IkpXVCJ9.eyJ0b2tlbl90eXBlIjoicmVmcmVzaCIsImV4cCI6MTcyOTg5Mjc0OCwiaWF0IjoxNzI5ODA2MzQ4LCJqdGkiOiJlY2Y0Y2I5YmE3NWM0YWMwOGRlN2ZhZjQ0NDY1NTkxYSIsInVzZXJfaWQiOjF9.VYFQAdlIGlcnd93YS9tzo6RPws_fg1fOgV8Kp3ezNuc	2024-10-25 00:45:48.983222+03	2024-10-26 00:45:48+03	1	ecf4cb9ba75c4ac08de7faf44465591a
252	eyJhbGciOiJIUzI1NiIsInR5cCI6IkpXVCJ9.eyJ0b2tlbl90eXBlIjoicmVmcmVzaCIsImV4cCI6MTcyOTg5Mjg1NiwiaWF0IjoxNzI5ODA2NDU2LCJqdGkiOiJjNjkzMTM3MDRhZWU0NDMwOGQ2MWJiNGRhMDAxNTZkZCIsInVzZXJfaWQiOjF9.rwbrpuYILv0tcIzlJJqc_I0z2J9a57xGMi9Oo_VeYBI	2024-10-25 00:47:36.771675+03	2024-10-26 00:47:36+03	1	c69313704aee44308d61bb4da00156dd
253	eyJhbGciOiJIUzI1NiIsInR5cCI6IkpXVCJ9.eyJ0b2tlbl90eXBlIjoicmVmcmVzaCIsImV4cCI6MTcyOTg5Mjg4OCwiaWF0IjoxNzI5ODA2NDg4LCJqdGkiOiIxZDVlMjc3NTU1ZDA0MmMwYTMyZGMyZjQ2ZWY4ZWNmOCIsInVzZXJfaWQiOjF9.AEHjRoecGYqbfMsSmpkymoCujIrtdRYhML4yBGrfEbo	2024-10-25 00:48:08.203065+03	2024-10-26 00:48:08+03	1	1d5e277555d042c0a32dc2f46ef8ecf8
254	eyJhbGciOiJIUzI1NiIsInR5cCI6IkpXVCJ9.eyJ0b2tlbl90eXBlIjoicmVmcmVzaCIsImV4cCI6MTcyOTg5Mjk2NSwiaWF0IjoxNzI5ODA2NTY1LCJqdGkiOiIwZDYyY2YwMzMxNDQ0MGE1YWQxNjBhYzhmNTIwMDE2NiIsInVzZXJfaWQiOjF9.JKNRBP9T_aalBkUzj_UPZzm3XqUsW83bXOy50_hakDM	2024-10-25 00:49:25.629012+03	2024-10-26 00:49:25+03	1	0d62cf03314440a5ad160ac8f5200166
255	eyJhbGciOiJIUzI1NiIsInR5cCI6IkpXVCJ9.eyJ0b2tlbl90eXBlIjoicmVmcmVzaCIsImV4cCI6MTcyOTg5MzExMiwiaWF0IjoxNzI5ODA2NzEyLCJqdGkiOiJhYWZlYjY1NmFkNjg0Y2RiODE0ZjczNmI0NzE3NGZiNSIsInVzZXJfaWQiOjF9.18pukp_dUo2CFXYImb5ytw_5c5rUKvq17biRFdfd88c	2024-10-25 00:51:52.463138+03	2024-10-26 00:51:52+03	1	aafeb656ad684cdb814f736b47174fb5
256	eyJhbGciOiJIUzI1NiIsInR5cCI6IkpXVCJ9.eyJ0b2tlbl90eXBlIjoicmVmcmVzaCIsImV4cCI6MTcyOTg5MzE5NywiaWF0IjoxNzI5ODA2Nzk3LCJqdGkiOiJkMDQzNTU2OTFiMjI0NmYxYWZmZGI2N2ExOTJjYjA5YSIsInVzZXJfaWQiOjF9.tcPCkmsV_J_Ayq1LiD1edrDg9HgFB4FeCOgjgIVFYUk	2024-10-25 00:53:17.404127+03	2024-10-26 00:53:17+03	1	d04355691b2246f1affdb67a192cb09a
257	eyJhbGciOiJIUzI1NiIsInR5cCI6IkpXVCJ9.eyJ0b2tlbl90eXBlIjoicmVmcmVzaCIsImV4cCI6MTcyOTg5MzM5MywiaWF0IjoxNzI5ODA2OTkzLCJqdGkiOiJkMjExYjhlNjE1ZjA0M2ZiYjMzMmM0N2YzN2YwNTU2YiIsInVzZXJfaWQiOjF9.l79swMToBpjbmss5SLYLlbSgeVpGmKtl85LW6dcmNPU	2024-10-25 00:56:33.796397+03	2024-10-26 00:56:33+03	1	d211b8e615f043fbb332c47f37f0556b
258	eyJhbGciOiJIUzI1NiIsInR5cCI6IkpXVCJ9.eyJ0b2tlbl90eXBlIjoicmVmcmVzaCIsImV4cCI6MTcyOTg5MzQ5OSwiaWF0IjoxNzI5ODA3MDk5LCJqdGkiOiJkNzBiMDlhMjFlODM0MjZjOGM1ZGFkNGE3OTA0YzUwNiIsInVzZXJfaWQiOjF9.3Mm19W2_xe-vGbY0Hmsa9quzQ-N6YRD8nllJMdtrfAI	2024-10-25 00:58:19.367096+03	2024-10-26 00:58:19+03	1	d70b09a21e83426c8c5dad4a7904c506
259	eyJhbGciOiJIUzI1NiIsInR5cCI6IkpXVCJ9.eyJ0b2tlbl90eXBlIjoicmVmcmVzaCIsImV4cCI6MTcyOTg5MzU2NywiaWF0IjoxNzI5ODA3MTY3LCJqdGkiOiI1NGJhN2E5Y2ZlYzA0YjkzODcwOGZmMDc0MTQ2MzY0ZiIsInVzZXJfaWQiOjF9.FMc1JgR3UaMBBjjNAx8yKOPoiFcOSEawAwLv3XVaHF8	2024-10-25 00:59:27.871677+03	2024-10-26 00:59:27+03	1	54ba7a9cfec04b938708ff074146364f
260	eyJhbGciOiJIUzI1NiIsInR5cCI6IkpXVCJ9.eyJ0b2tlbl90eXBlIjoicmVmcmVzaCIsImV4cCI6MTcyOTk1MDA2MiwiaWF0IjoxNzI5ODYzNjYyLCJqdGkiOiJiNGYwNTNiMWIwN2Y0MWRhYTM5YWFkZDY0NTg4NWZhOSIsInVzZXJfaWQiOjF9.l5eo1YJU1_7KoT0KWf9tto7jRFDur_uTWGNFARhzvpY	2024-10-25 16:41:02.4661+03	2024-10-26 16:41:02+03	1	b4f053b1b07f41daa39aadd645885fa9
261	eyJhbGciOiJIUzI1NiIsInR5cCI6IkpXVCJ9.eyJ0b2tlbl90eXBlIjoicmVmcmVzaCIsImV4cCI6MTcyOTk1MTY1NywiaWF0IjoxNzI5ODY1MjU3LCJqdGkiOiJlZWIyM2FlM2ZiZTY0OGRiYmM4Nzg0OWYyZDQ0YzkxYSIsInVzZXJfaWQiOjF9.PZmSQIbk2wUmPYE7njnihwUpPJP6FyDzcUcW9l9Sl-w	2024-10-25 17:07:37.321623+03	2024-10-26 17:07:37+03	1	eeb23ae3fbe648dbbc87849f2d44c91a
262	eyJhbGciOiJIUzI1NiIsInR5cCI6IkpXVCJ9.eyJ0b2tlbl90eXBlIjoicmVmcmVzaCIsImV4cCI6MTcyOTk2MTQ4NywiaWF0IjoxNzI5ODc1MDg3LCJqdGkiOiIzZmE4NGUxNjMyNDM0NGFjOTUyMjk4ODM5OWRlZWJlZCIsInVzZXJfaWQiOjF9.Suy71e_TQROeqoHWeyx3ZTd382dB8uUYxYbyyLBXihE	2024-10-25 19:51:27.502855+03	2024-10-26 19:51:27+03	1	3fa84e16324344ac9522988399deebed
263	eyJhbGciOiJIUzI1NiIsInR5cCI6IkpXVCJ9.eyJ0b2tlbl90eXBlIjoicmVmcmVzaCIsImV4cCI6MTcyOTk2NzA3NSwiaWF0IjoxNzI5ODgwNjc1LCJqdGkiOiI0NjRlOWE1MWIxNTA0NWMwODhhYjdhMjQ1NDI1MmNlNiIsInVzZXJfaWQiOjF9.rlpi5TN8OOWlrT6_n9bEGDMI9qrnQNmOHCSKI_-tq1I	2024-10-25 21:24:35.199492+03	2024-10-26 21:24:35+03	1	464e9a51b15045c088ab7a2454252ce6
264	eyJhbGciOiJIUzI1NiIsInR5cCI6IkpXVCJ9.eyJ0b2tlbl90eXBlIjoicmVmcmVzaCIsImV4cCI6MTcyOTk2NzIwOSwiaWF0IjoxNzI5ODgwODA5LCJqdGkiOiJhMmUyZDdiMGJkMzg0N2ExOTZiYzI0NTBhNDI2YjdlNSIsInVzZXJfaWQiOjF9.LeAYk4DZKU_K8nu5tTbq___MrMNpcPYbbnpryJSz2io	2024-10-25 21:26:49.644498+03	2024-10-26 21:26:49+03	1	a2e2d7b0bd3847a196bc2450a426b7e5
265	eyJhbGciOiJIUzI1NiIsInR5cCI6IkpXVCJ9.eyJ0b2tlbl90eXBlIjoicmVmcmVzaCIsImV4cCI6MTcyOTk2NzM4OCwiaWF0IjoxNzI5ODgwOTg4LCJqdGkiOiI3OTdmNjBlYTEzNzQ0NWVjOGI0ZWZhMjAxZGE3YzhjNSIsInVzZXJfaWQiOjF9.EFHpwj2zghJbOWFyh-hfi69yXZ1SkAGsCMpFKlKC050	2024-10-25 21:29:48.05424+03	2024-10-26 21:29:48+03	1	797f60ea137445ec8b4efa201da7c8c5
266	eyJhbGciOiJIUzI1NiIsInR5cCI6IkpXVCJ9.eyJ0b2tlbl90eXBlIjoicmVmcmVzaCIsImV4cCI6MTcyOTk2Nzg2OSwiaWF0IjoxNzI5ODgxNDY5LCJqdGkiOiJkYWExYjA2MDk1YmI0OWE1YmI5MDExZTBjMDlhZmJmOSIsInVzZXJfaWQiOjF9.USRTQT5Ck67f2bvm1dApr5oKS1b7To9NCcNqJdLXq8k	2024-10-25 21:37:49.563797+03	2024-10-26 21:37:49+03	1	daa1b06095bb49a5bb9011e0c09afbf9
267	eyJhbGciOiJIUzI1NiIsInR5cCI6IkpXVCJ9.eyJ0b2tlbl90eXBlIjoicmVmcmVzaCIsImV4cCI6MTcyOTk2NzkyOCwiaWF0IjoxNzI5ODgxNTI4LCJqdGkiOiJjNmIxZWQ2NmEyYjM0NjNhYWE5ZDZhNGI5YzFlM2FmOCIsInVzZXJfaWQiOjF9.V8ks6VtZPlDbnKLPzAS_jWUgHWaoeBcYs5cg-ZRR4uE	2024-10-25 21:38:48.322489+03	2024-10-26 21:38:48+03	1	c6b1ed66a2b3463aaa9d6a4b9c1e3af8
268	eyJhbGciOiJIUzI1NiIsInR5cCI6IkpXVCJ9.eyJ0b2tlbl90eXBlIjoicmVmcmVzaCIsImV4cCI6MTcyOTk2OTc2OCwiaWF0IjoxNzI5ODgzMzY4LCJqdGkiOiJiMzVlOGEyNDU0YjA0NzYxYmQ2OWEyODI3MjBkYmYzOCIsInVzZXJfaWQiOjF9.EnJBNc7gOoUgmWfrhXMQ5_6-HyzKndecrXS_TBjdVlc	2024-10-25 22:09:28.689239+03	2024-10-26 22:09:28+03	1	b35e8a2454b04761bd69a282720dbf38
269	eyJhbGciOiJIUzI1NiIsInR5cCI6IkpXVCJ9.eyJ0b2tlbl90eXBlIjoicmVmcmVzaCIsImV4cCI6MTcyOTk3MTIxMiwiaWF0IjoxNzI5ODg0ODEyLCJqdGkiOiIyMDZmMGIyZTdhZGE0ZTZiODUzYzE1MWU5ODBmZmNmZSIsInVzZXJfaWQiOjF9.Mmx_qXqMGpYLkiR9NcRUDbB5cFK_HAiCCU0lAU9vONQ	2024-10-25 22:33:32.095615+03	2024-10-26 22:33:32+03	1	206f0b2e7ada4e6b853c151e980ffcfe
270	eyJhbGciOiJIUzI1NiIsInR5cCI6IkpXVCJ9.eyJ0b2tlbl90eXBlIjoicmVmcmVzaCIsImV4cCI6MTcyOTk3MTM5OCwiaWF0IjoxNzI5ODg0OTk4LCJqdGkiOiJlZjU0MzI4NjJjMTI0MDg1YmY2NzJjZGFjMjA5N2JjMiIsInVzZXJfaWQiOjF9.Y47GIpwJSE1PyAD4ThkMr4raQCyFstwti2FXW7GHUyg	2024-10-25 22:36:38.439867+03	2024-10-26 22:36:38+03	1	ef5432862c124085bf672cdac2097bc2
271	eyJhbGciOiJIUzI1NiIsInR5cCI6IkpXVCJ9.eyJ0b2tlbl90eXBlIjoicmVmcmVzaCIsImV4cCI6MTcyOTk3NDA5OCwiaWF0IjoxNzI5ODg3Njk4LCJqdGkiOiIxYjg5NzE1Mzc0ZjE0Y2NkYTUwYWRmNDUyMGFjOTlhMSIsInVzZXJfaWQiOjF9.eyC_fpdcjMO0wXknF6yyrAJ5AS7IivOkclDTiizaJpw	2024-10-25 23:21:38.576543+03	2024-10-26 23:21:38+03	1	1b89715374f14ccda50adf4520ac99a1
272	eyJhbGciOiJIUzI1NiIsInR5cCI6IkpXVCJ9.eyJ0b2tlbl90eXBlIjoicmVmcmVzaCIsImV4cCI6MTcyOTk3NzgyMiwiaWF0IjoxNzI5ODkxNDIyLCJqdGkiOiI3MzIyN2Y0NTVmOTA0N2UwOTA3MjE5NDYxMTMyY2NmNyIsInVzZXJfaWQiOjF9.luJJy1lghfS_BgpC0I4KYL8aZKiAn17m_OtCHlTkA2I	2024-10-26 00:23:42.098383+03	2024-10-27 00:23:42+03	1	73227f455f9047e0907219461132ccf7
273	eyJhbGciOiJIUzI1NiIsInR5cCI6IkpXVCJ9.eyJ0b2tlbl90eXBlIjoicmVmcmVzaCIsImV4cCI6MTcyOTk3Nzk3MCwiaWF0IjoxNzI5ODkxNTcwLCJqdGkiOiIyOTA0ZDY4YWZmNWE0ZmEyYmY0YzRmNjYwNDJlY2QxOSIsInVzZXJfaWQiOjF9.jJmGh6Piaqur9tPT7Op2XxBzI5e_h3imXe0kefZd3Aw	2024-10-26 00:26:10.683402+03	2024-10-27 00:26:10+03	1	2904d68aff5a4fa2bf4c4f66042ecd19
274	eyJhbGciOiJIUzI1NiIsInR5cCI6IkpXVCJ9.eyJ0b2tlbl90eXBlIjoicmVmcmVzaCIsImV4cCI6MTczMDAzODM5NywiaWF0IjoxNzI5OTUxOTk3LCJqdGkiOiI3ZTMyNDllZmQyZDc0YjRiODhkY2FiNmIzZjQ5OTNiOCIsInVzZXJfaWQiOjF9.Qvg5y8zK10hRfo6By9tI6fMAql1kZ4naRCmXtbl0O_U	2024-10-26 17:13:17.506893+03	2024-10-27 17:13:17+03	1	7e3249efd2d74b4b88dcab6b3f4993b8
275	eyJhbGciOiJIUzI1NiIsInR5cCI6IkpXVCJ9.eyJ0b2tlbl90eXBlIjoicmVmcmVzaCIsImV4cCI6MTczMDA0ODI5NCwiaWF0IjoxNzI5OTYxODk0LCJqdGkiOiJhMzZkZWZkOTZlZjc0ZGM4YTc5OTM5MzgxYTZhZDBjOSIsInVzZXJfaWQiOjF9.hrL4jODeOhd-VU83HcVtG3vPz2Xpp5OQS6MrQYYUCPw	2024-10-26 19:58:14.773276+03	2024-10-27 19:58:14+03	1	a36defd96ef74dc8a79939381a6ad0c9
276	eyJhbGciOiJIUzI1NiIsInR5cCI6IkpXVCJ9.eyJ0b2tlbl90eXBlIjoicmVmcmVzaCIsImV4cCI6MTczMDA2MDA3NiwiaWF0IjoxNzI5OTczNjc2LCJqdGkiOiJkNDc3Njk4YmVhZjU0NGM4YjNjMDkxMGNhOGE3Y2QzNCIsInVzZXJfaWQiOjF9.N_A9pFNG4T30BINT5F7ZSlm-dN1yFIQUw8cFjLffqlo	2024-10-26 23:14:36.324589+03	2024-10-27 23:14:36+03	1	d477698beaf544c8b3c0910ca8a7cd34
277	eyJhbGciOiJIUzI1NiIsInR5cCI6IkpXVCJ9.eyJ0b2tlbl90eXBlIjoicmVmcmVzaCIsImV4cCI6MTczMDA2MTgzOCwiaWF0IjoxNzI5OTc1NDM4LCJqdGkiOiJmMDc0YWI4OWYyODk0OTAxYTI0YTUxYjJkOWYyNGViZSIsInVzZXJfaWQiOjF9.Z-e338oxAzURy7beWH_1YRHF5AFoGHCYK7KqGQkFp3A	2024-10-26 23:43:58.262761+03	2024-10-27 23:43:58+03	1	f074ab89f2894901a24a51b2d9f24ebe
278	eyJhbGciOiJIUzI1NiIsInR5cCI6IkpXVCJ9.eyJ0b2tlbl90eXBlIjoicmVmcmVzaCIsImV4cCI6MTczMDExNDA3MywiaWF0IjoxNzMwMDI3NjczLCJqdGkiOiI2ZTZmOThkNDAxZjc0YWVjYTgzYjMxYmJiNzUxMTVjNCIsInVzZXJfaWQiOjF9.lxLn9vAa5kmZF4erYxRH6We9CsX-1o7XeZItDx6WBjU	2024-10-27 14:14:33.893016+03	2024-10-28 14:14:33+03	1	6e6f98d401f74aeca83b31bbb75115c4
279	eyJhbGciOiJIUzI1NiIsInR5cCI6IkpXVCJ9.eyJ0b2tlbl90eXBlIjoicmVmcmVzaCIsImV4cCI6MTczMDExNDExNSwiaWF0IjoxNzMwMDI3NzE1LCJqdGkiOiJkNjVjMThiZjFlMzE0ZGNlYmIwMTc5MWFjNmJkY2I4MSIsInVzZXJfaWQiOjF9.N_Zt_NmaLD02usTMmXFkRmPcHkBDHY5rbpjFaG_gwWI	2024-10-27 14:15:15.745298+03	2024-10-28 14:15:15+03	1	d65c18bf1e314dcebb01791ac6bdcb81
280	eyJhbGciOiJIUzI1NiIsInR5cCI6IkpXVCJ9.eyJ0b2tlbl90eXBlIjoicmVmcmVzaCIsImV4cCI6MTczMDExNjEzNSwiaWF0IjoxNzMwMDI5NzM1LCJqdGkiOiJiYWEyOWMzODYxOTE0M2JiOTE4NjM0MGY4YzUzYWY4YiIsInVzZXJfaWQiOjF9.QyZBFZPLKhHPxo2isPeqaznQKL3d8sOcf2BnArtGHdY	2024-10-27 14:48:55.404439+03	2024-10-28 14:48:55+03	1	baa29c38619143bb9186340f8c53af8b
281	eyJhbGciOiJIUzI1NiIsInR5cCI6IkpXVCJ9.eyJ0b2tlbl90eXBlIjoicmVmcmVzaCIsImV4cCI6MTczMDExOTM5NywiaWF0IjoxNzMwMDMyOTk3LCJqdGkiOiI3YTMxNjA5ODRmNjA0MTEzYWVhNTk3MjM2NmYwOGMxYiIsInVzZXJfaWQiOjF9.zQ1qZ-YPa9xTsFQRo5paKx5DgPcRxiYaK1cV1UAcf_w	2024-10-27 15:43:17.885071+03	2024-10-28 15:43:17+03	1	7a3160984f604113aea5972366f08c1b
282	eyJhbGciOiJIUzI1NiIsInR5cCI6IkpXVCJ9.eyJ0b2tlbl90eXBlIjoicmVmcmVzaCIsImV4cCI6MTczMDEyMTI1NywiaWF0IjoxNzMwMDM0ODU3LCJqdGkiOiJiMDkyZmVhY2YwMTk0NDAzODM0M2UzOTAxNTQ5M2UwYiIsInVzZXJfaWQiOjF9.Ce7nmLlQUfd03SnXDIxZ0wAOwj3uHSgq5C7FcofR2UE	2024-10-27 16:14:17.487386+03	2024-10-28 16:14:17+03	1	b092feacf01944038343e39015493e0b
283	eyJhbGciOiJIUzI1NiIsInR5cCI6IkpXVCJ9.eyJ0b2tlbl90eXBlIjoicmVmcmVzaCIsImV4cCI6MTczMDEyMTYzOCwiaWF0IjoxNzMwMDM1MjM4LCJqdGkiOiJmNjdjMmEyMWEwMGE0MGM0Yjc3OTQxN2ZiMzI2Y2I3NCIsInVzZXJfaWQiOjF9.KUSAnasg-GOVDPSv6NAt42TDhhnpr4q84vfHpG7-RMw	2024-10-27 16:20:38.123628+03	2024-10-28 16:20:38+03	1	f67c2a21a00a40c4b779417fb326cb74
284	eyJhbGciOiJIUzI1NiIsInR5cCI6IkpXVCJ9.eyJ0b2tlbl90eXBlIjoicmVmcmVzaCIsImV4cCI6MTczMDEyMjA1NywiaWF0IjoxNzMwMDM1NjU3LCJqdGkiOiJmYTYwZDlkMmUwZmU0OTg3YWE4NmUwN2NhOGQ5OGU3NyIsInVzZXJfaWQiOjF9.sqpBexljKPgX1tdNaNg9vTHDaiIACRjKb3-C7dMj0hg	2024-10-27 16:27:37.566581+03	2024-10-28 16:27:37+03	1	fa60d9d2e0fe4987aa86e07ca8d98e77
285	eyJhbGciOiJIUzI1NiIsInR5cCI6IkpXVCJ9.eyJ0b2tlbl90eXBlIjoicmVmcmVzaCIsImV4cCI6MTczMDEyMjE0OSwiaWF0IjoxNzMwMDM1NzQ5LCJqdGkiOiJhZGJlNDcxZmIzMWY0YWNkOTE0OWYzMzA3NTYxYmU2MCIsInVzZXJfaWQiOjF9.5nlUOAaJHlSwVyPZqrjQeWv6vgyFXbwhK_8dT3IxUsg	2024-10-27 16:29:09.369092+03	2024-10-28 16:29:09+03	1	adbe471fb31f4acd9149f3307561be60
286	eyJhbGciOiJIUzI1NiIsInR5cCI6IkpXVCJ9.eyJ0b2tlbl90eXBlIjoicmVmcmVzaCIsImV4cCI6MTczMDEyMjM2OSwiaWF0IjoxNzMwMDM1OTY5LCJqdGkiOiIyMzEwNzEwYWY5NzE0NjJlOTQ2ZGY3ZGNhNGU4ODBiNyIsInVzZXJfaWQiOjF9.bKr8B1mLLBzhSYUnGBWLr9VBnZ2tPBQKydv5RyqFRe4	2024-10-27 16:32:49.158414+03	2024-10-28 16:32:49+03	1	2310710af971462e946df7dca4e880b7
287	eyJhbGciOiJIUzI1NiIsInR5cCI6IkpXVCJ9.eyJ0b2tlbl90eXBlIjoicmVmcmVzaCIsImV4cCI6MTczMDEyMjUzMiwiaWF0IjoxNzMwMDM2MTMyLCJqdGkiOiJiNTRkODk5ZTg5NmI0MDllOWE4MzRhMjNmZmQ2NzRiMyIsInVzZXJfaWQiOjF9.55hSLePujnnkrb2qVYDDW4OM4hqDvsQiitJvM9bX408	2024-10-27 16:35:32.003881+03	2024-10-28 16:35:32+03	1	b54d899e896b409e9a834a23ffd674b3
288	eyJhbGciOiJIUzI1NiIsInR5cCI6IkpXVCJ9.eyJ0b2tlbl90eXBlIjoicmVmcmVzaCIsImV4cCI6MTczMDEyMjYwOSwiaWF0IjoxNzMwMDM2MjA5LCJqdGkiOiIzZTkzOWE4NDY1Nzc0OTFmODUwNmNjNTRiNzFkMmJhOSIsInVzZXJfaWQiOjF9.KDICpaWWJLuzaFNTuru2_qgYMK4vDlmLQyP_afE5K-k	2024-10-27 16:36:49.250846+03	2024-10-28 16:36:49+03	1	3e939a846577491f8506cc54b71d2ba9
289	eyJhbGciOiJIUzI1NiIsInR5cCI6IkpXVCJ9.eyJ0b2tlbl90eXBlIjoicmVmcmVzaCIsImV4cCI6MTczMDEyMjg4MiwiaWF0IjoxNzMwMDM2NDgyLCJqdGkiOiIzZTcwZmZjYmFiNTg0NjIzODUxODZhNTQ2ZDg1YTRlNCIsInVzZXJfaWQiOjF9.1R9mMb8UmoLMMPKMZBYWG1-T0mYH--ttT1f2diss8l8	2024-10-27 16:41:22.738801+03	2024-10-28 16:41:22+03	1	3e70ffcbab58462385186a546d85a4e4
290	eyJhbGciOiJIUzI1NiIsInR5cCI6IkpXVCJ9.eyJ0b2tlbl90eXBlIjoicmVmcmVzaCIsImV4cCI6MTczMDEyMzAyMiwiaWF0IjoxNzMwMDM2NjIyLCJqdGkiOiIzMmY3OWU5MDA0OTU0MjQ1YjcyMzgwNjJmMDhkNTE3YiIsInVzZXJfaWQiOjF9.32k1AedYP0fRbcghSJ8ftPqzdXPrS_vFZ5_RSS-nNPs	2024-10-27 16:43:42.054728+03	2024-10-28 16:43:42+03	1	32f79e9004954245b7238062f08d517b
291	eyJhbGciOiJIUzI1NiIsInR5cCI6IkpXVCJ9.eyJ0b2tlbl90eXBlIjoicmVmcmVzaCIsImV4cCI6MTczMDEyMzQ2MywiaWF0IjoxNzMwMDM3MDYzLCJqdGkiOiJmZmVhNDUwMTM2NDU0ZDU0OWQ0ZDJiNDA1M2M1ZTQyMyIsInVzZXJfaWQiOjF9.y4CSwfMolQ9RA9hVXUYFiTP-c7j_Xy4AwoKEoxqDyjg	2024-10-27 16:51:03.732877+03	2024-10-28 16:51:03+03	1	ffea450136454d549d4d2b4053c5e423
292	eyJhbGciOiJIUzI1NiIsInR5cCI6IkpXVCJ9.eyJ0b2tlbl90eXBlIjoicmVmcmVzaCIsImV4cCI6MTczMDEyMzYxNCwiaWF0IjoxNzMwMDM3MjE0LCJqdGkiOiI2MzQyNTI0Yjk4MDY0ZDhmYjMwNWEzODA0NzE3Y2Y1MCIsInVzZXJfaWQiOjF9.3ZFpCOxjOWStnqSlJmTDXlzKw3WbD83UdECuRVzXLBI	2024-10-27 16:53:34.632183+03	2024-10-28 16:53:34+03	1	6342524b98064d8fb305a3804717cf50
293	eyJhbGciOiJIUzI1NiIsInR5cCI6IkpXVCJ9.eyJ0b2tlbl90eXBlIjoicmVmcmVzaCIsImV4cCI6MTczMDEyMzk0OSwiaWF0IjoxNzMwMDM3NTQ5LCJqdGkiOiI0ZmJiNGI2NmFlNTQ0MzdjOGIyNmY2Njk1YzI4MDljMiIsInVzZXJfaWQiOjF9.3IlJCaC90MfYm7B1otDv1lhR_lvg0EqN9bZQPkZ5ISU	2024-10-27 16:59:09.484198+03	2024-10-28 16:59:09+03	1	4fbb4b66ae54437c8b26f6695c2809c2
294	eyJhbGciOiJIUzI1NiIsInR5cCI6IkpXVCJ9.eyJ0b2tlbl90eXBlIjoicmVmcmVzaCIsImV4cCI6MTczMDEyMzk4OSwiaWF0IjoxNzMwMDM3NTg5LCJqdGkiOiJmNzU5NTllYTVhNTY0MGJmYjVhNzNlN2EwYTgwOGNmNiIsInVzZXJfaWQiOjF9.b9I97iaFn6mfz7w3xI1KuXzaFPqgKklPB5e7To2zmWA	2024-10-27 16:59:49.458051+03	2024-10-28 16:59:49+03	1	f75959ea5a5640bfb5a73e7a0a808cf6
295	eyJhbGciOiJIUzI1NiIsInR5cCI6IkpXVCJ9.eyJ0b2tlbl90eXBlIjoicmVmcmVzaCIsImV4cCI6MTczMDEzNDc3MCwiaWF0IjoxNzMwMDQ4MzcwLCJqdGkiOiJhNWEzYjg4MWI0M2U0MDk4OWFhYmI5NmRmOTM3Y2ZhYiIsInVzZXJfaWQiOjF9.gtY5SN8H7dcUiY4pIne7sgiTbOQ0o_DEU1sMNFDFmC4	2024-10-27 19:59:30.421398+03	2024-10-28 19:59:30+03	1	a5a3b881b43e40989aabb96df937cfab
296	eyJhbGciOiJIUzI1NiIsInR5cCI6IkpXVCJ9.eyJ0b2tlbl90eXBlIjoicmVmcmVzaCIsImV4cCI6MTczMDEzNjE1MCwiaWF0IjoxNzMwMDQ5NzUwLCJqdGkiOiJkMTJlMGM4YTdkOWU0NGUxYjA5ZmViY2JmOWNjODhlZCIsInVzZXJfaWQiOjF9.0C-pknV7FTtJhusVhStCVVy2NVsnhNsZSdIxs2tWDc8	2024-10-27 20:22:30.128194+03	2024-10-28 20:22:30+03	1	d12e0c8a7d9e44e1b09febcbf9cc88ed
297	eyJhbGciOiJIUzI1NiIsInR5cCI6IkpXVCJ9.eyJ0b2tlbl90eXBlIjoicmVmcmVzaCIsImV4cCI6MTczMDE0MTY4NSwiaWF0IjoxNzMwMDU1Mjg1LCJqdGkiOiJhYjc1YzUzY2Q4MGU0OTQ0OTE2ZjczZTgzMDJkZGZlNSIsInVzZXJfaWQiOjF9.JlQ84pAWHcfU12s4MmG51X_LknzpCdeayv5HtYYtlQs	2024-10-27 21:54:45.221276+03	2024-10-28 21:54:45+03	1	ab75c53cd80e4944916f73e8302ddfe5
298	eyJhbGciOiJIUzI1NiIsInR5cCI6IkpXVCJ9.eyJ0b2tlbl90eXBlIjoicmVmcmVzaCIsImV4cCI6MTczMDE0MTkwMSwiaWF0IjoxNzMwMDU1NTAxLCJqdGkiOiJiNzE4MWMwYTE5ZGM0Y2NkODM5NjlhNDAwMmQzOGQyNSIsInVzZXJfaWQiOjF9.s0MFQfVxzdqNhbKyf_rdIMeTZvKR4e6ydFs3lql-_wI	2024-10-27 21:58:21.735329+03	2024-10-28 21:58:21+03	1	b7181c0a19dc4ccd83969a4002d38d25
299	eyJhbGciOiJIUzI1NiIsInR5cCI6IkpXVCJ9.eyJ0b2tlbl90eXBlIjoicmVmcmVzaCIsImV4cCI6MTczMDE0MzA3NiwiaWF0IjoxNzMwMDU2Njc2LCJqdGkiOiJhY2U5MmY5ZmMwMmY0YTBhYjJhMWQ4M2E5ZTFmZjFlMiIsInVzZXJfaWQiOjF9.USc6JR93ggT6fWc0HW8Sqbp2eaFN_qPlo9zIFuNntBs	2024-10-27 22:17:56.507681+03	2024-10-28 22:17:56+03	1	ace92f9fc02f4a0ab2a1d83a9e1ff1e2
300	eyJhbGciOiJIUzI1NiIsInR5cCI6IkpXVCJ9.eyJ0b2tlbl90eXBlIjoicmVmcmVzaCIsImV4cCI6MTczMDE0NzExMywiaWF0IjoxNzMwMDYwNzEzLCJqdGkiOiI2YzM1YTY2MzZmY2M0YTkyODFkOGYxMTZkYjYyMTlkNyIsInVzZXJfaWQiOjF9._tNH2XWk8CeG-O44KvY94wIPcpsjNSWIJev6vbr9iOk	2024-10-27 23:25:13.253083+03	2024-10-28 23:25:13+03	1	6c35a6636fcc4a9281d8f116db6219d7
301	eyJhbGciOiJIUzI1NiIsInR5cCI6IkpXVCJ9.eyJ0b2tlbl90eXBlIjoicmVmcmVzaCIsImV4cCI6MTczMDE0NzE4MCwiaWF0IjoxNzMwMDYwNzgwLCJqdGkiOiI2Mzc3NmJlZjBmNjc0MWFjOWMxZDcwYzAzYzU3MWMzNCIsInVzZXJfaWQiOjF9.I0hYjswq0v0Ug-rd2GoHPUPatkBQdYGsmBHvEqLT5I4	2024-10-27 23:26:20.752282+03	2024-10-28 23:26:20+03	1	63776bef0f6741ac9c1d70c03c571c34
302	eyJhbGciOiJIUzI1NiIsInR5cCI6IkpXVCJ9.eyJ0b2tlbl90eXBlIjoicmVmcmVzaCIsImV4cCI6MTczMDE0NzMwOSwiaWF0IjoxNzMwMDYwOTA5LCJqdGkiOiI1YTQ2ZmFlNTVjYjg0Y2UwYWU0ZWI3ZGEwZjg1ODA3NSIsInVzZXJfaWQiOjF9.HfqdYFbmrsc21XngYeme8J1YxozOnRV3e9z01Lfr8fQ	2024-10-27 23:28:29.604327+03	2024-10-28 23:28:29+03	1	5a46fae55cb84ce0ae4eb7da0f858075
303	eyJhbGciOiJIUzI1NiIsInR5cCI6IkpXVCJ9.eyJ0b2tlbl90eXBlIjoicmVmcmVzaCIsImV4cCI6MTczMDE0NzU2NywiaWF0IjoxNzMwMDYxMTY3LCJqdGkiOiJhMWRjMTlkYWVjZmE0MDlkYWRiMmRmNzNlMDhmOGIzMyIsInVzZXJfaWQiOjF9.VdCV3oGMhbsdguowUVyAG0iLHCgmvIQPPLfCqZny1UQ	2024-10-27 23:32:47.71466+03	2024-10-28 23:32:47+03	1	a1dc19daecfa409dadb2df73e08f8b33
304	eyJhbGciOiJIUzI1NiIsInR5cCI6IkpXVCJ9.eyJ0b2tlbl90eXBlIjoicmVmcmVzaCIsImV4cCI6MTczMDIwOTQ5NCwiaWF0IjoxNzMwMTIzMDk0LCJqdGkiOiIwNWVjYWY2ZDdjMDg0Yjg0OWFlYzBjZTEwZjAzYjdiNyIsInVzZXJfaWQiOjF9.tjC896LtPUPoYCKDJ_e79WZBG7dy_1za8zVb0il41hY	2024-10-28 16:44:54.552454+03	2024-10-29 16:44:54+03	1	05ecaf6d7c084b849aec0ce10f03b7b7
305	eyJhbGciOiJIUzI1NiIsInR5cCI6IkpXVCJ9.eyJ0b2tlbl90eXBlIjoicmVmcmVzaCIsImV4cCI6MTczMDIxMDY2NiwiaWF0IjoxNzMwMTI0MjY2LCJqdGkiOiJmYWNkOThhMzVkYjg0ZTlhYjYyMjU1NTFjZWY4MzU1ZCIsInVzZXJfaWQiOjF9.eTiffSfkLBQOamgft84qY1LIRLOgjsPh62uDPiYL4B0	2024-10-28 17:04:26.208361+03	2024-10-29 17:04:26+03	1	facd98a35db84e9ab6225551cef8355d
306	eyJhbGciOiJIUzI1NiIsInR5cCI6IkpXVCJ9.eyJ0b2tlbl90eXBlIjoicmVmcmVzaCIsImV4cCI6MTczMDIxOTY1NiwiaWF0IjoxNzMwMTMzMjU2LCJqdGkiOiJhOWU5MGY2Y2IxMDY0NjlkODhkMTA0N2Y2Y2U2YzRhYSIsInVzZXJfaWQiOjF9.RjdhgZz6yA5W_K_sjuhZNRIXeC1GZKGBKgXCCbvRkT8	2024-10-28 19:34:16.904752+03	2024-10-29 19:34:16+03	1	a9e90f6cb106469d88d1047f6ce6c4aa
307	eyJhbGciOiJIUzI1NiIsInR5cCI6IkpXVCJ9.eyJ0b2tlbl90eXBlIjoicmVmcmVzaCIsImV4cCI6MTczMDIyMDAyOSwiaWF0IjoxNzMwMTMzNjI5LCJqdGkiOiIxZmE3ZGI0ODBhNTU0N2UyYjgzZWNlNjNmMThmNzE2YSIsInVzZXJfaWQiOjF9.h9G2UM-j2Z-yBsuksCGB6W4DSXgqxkcebfVFEYDAs5w	2024-10-28 19:40:29.213272+03	2024-10-29 19:40:29+03	1	1fa7db480a5547e2b83ece63f18f716a
308	eyJhbGciOiJIUzI1NiIsInR5cCI6IkpXVCJ9.eyJ0b2tlbl90eXBlIjoicmVmcmVzaCIsImV4cCI6MTczMDIyMDIyMywiaWF0IjoxNzMwMTMzODIzLCJqdGkiOiI0M2QzNTQwOGU1ZWY0MTdlOGE0MjU5YTY4YWNiYTQ4MyIsInVzZXJfaWQiOjF9.8jCEo5Pg08uxc0pTGmdF9yQTTg483zigU1PHeH_2qRQ	2024-10-28 19:43:43.837134+03	2024-10-29 19:43:43+03	1	43d35408e5ef417e8a4259a68acba483
309	eyJhbGciOiJIUzI1NiIsInR5cCI6IkpXVCJ9.eyJ0b2tlbl90eXBlIjoicmVmcmVzaCIsImV4cCI6MTczMDIyMDU5OSwiaWF0IjoxNzMwMTM0MTk5LCJqdGkiOiJkNTJjMjhiYjY4M2E0NGJlOGRkMGRhMjdhYmMyNjE0NiIsInVzZXJfaWQiOjF9.xcQqAUjT1JLOhfSl_2r_ufOUy4YfwOix7jm8S1Yh7uE	2024-10-28 19:49:59.95624+03	2024-10-29 19:49:59+03	1	d52c28bb683a44be8dd0da27abc26146
310	eyJhbGciOiJIUzI1NiIsInR5cCI6IkpXVCJ9.eyJ0b2tlbl90eXBlIjoicmVmcmVzaCIsImV4cCI6MTczMDIyMDcyNSwiaWF0IjoxNzMwMTM0MzI1LCJqdGkiOiI4YWRlYWY0Y2Q5ZDY0ZjhhOGJjMzllMzAwNGNhYjBiYSIsInVzZXJfaWQiOjF9.-kMqpUTZfGrY3ZulprshF6-N62KCdapGnF-pZQB9igs	2024-10-28 19:52:05.657568+03	2024-10-29 19:52:05+03	1	8adeaf4cd9d64f8a8bc39e3004cab0ba
311	eyJhbGciOiJIUzI1NiIsInR5cCI6IkpXVCJ9.eyJ0b2tlbl90eXBlIjoicmVmcmVzaCIsImV4cCI6MTczMDIyMDg1MCwiaWF0IjoxNzMwMTM0NDUwLCJqdGkiOiI4NmQ1OWRiYWNmYTA0OWU1OTdmMDhiMDJlZDRjYTk4NyIsInVzZXJfaWQiOjF9.lbAKB5m1dx17a7JFAAcu44sj4OoBeaqbZmFhLk6Eud8	2024-10-28 19:54:10.690576+03	2024-10-29 19:54:10+03	1	86d59dbacfa049e597f08b02ed4ca987
312	eyJhbGciOiJIUzI1NiIsInR5cCI6IkpXVCJ9.eyJ0b2tlbl90eXBlIjoicmVmcmVzaCIsImV4cCI6MTczMDIyOTk3MSwiaWF0IjoxNzMwMTQzNTcxLCJqdGkiOiJjYzg1MWI1YmE1Zjg0ZDczYjk3NzZkMDAyM2Y1NDFkOSIsInVzZXJfaWQiOjF9.paJdHqKcFMEN6uyCDcfMpiDMfHycsfYmPk2-WC0vnmg	2024-10-28 22:26:11.968508+03	2024-10-29 22:26:11+03	1	cc851b5ba5f84d73b9776d0023f541d9
313	eyJhbGciOiJIUzI1NiIsInR5cCI6IkpXVCJ9.eyJ0b2tlbl90eXBlIjoicmVmcmVzaCIsImV4cCI6MTczMDMxMjYzNSwiaWF0IjoxNzMwMjI2MjM1LCJqdGkiOiI2OTkxZTkxMzI4ZmY0ZjNkODlmMWZjNjU0YzgzNWQ5YyIsInVzZXJfaWQiOjF9.zJs6RHEMYvufND4Sk4-xlV-doc8XxYgS5D_qJGMsHa0	2024-10-29 21:23:55.521443+03	2024-10-30 21:23:55+03	1	6991e91328ff4f3d89f1fc654c835d9c
314	eyJhbGciOiJIUzI1NiIsInR5cCI6IkpXVCJ9.eyJ0b2tlbl90eXBlIjoicmVmcmVzaCIsImV4cCI6MTczMDMxMjg5NiwiaWF0IjoxNzMwMjI2NDk2LCJqdGkiOiI4NWIyNjkwMTUwNzY0MDEyYWRiYjdjZGVlYmZlOTUzYSIsInVzZXJfaWQiOjF9.wC79yRllWGjscLDt-4W_C9RgqrO2aA_oR6UGu1i3Qa4	2024-10-29 21:28:16.803919+03	2024-10-30 21:28:16+03	1	85b2690150764012adbb7cdeebfe953a
315	eyJhbGciOiJIUzI1NiIsInR5cCI6IkpXVCJ9.eyJ0b2tlbl90eXBlIjoicmVmcmVzaCIsImV4cCI6MTczMDMxMjk3OSwiaWF0IjoxNzMwMjI2NTc5LCJqdGkiOiJhMGU4YWMyNzMwNTA0MTg0OWEwZTMxZDlmNjM0NzlmZiIsInVzZXJfaWQiOjF9.6D5EEhftS48LZ88CjZOd-wEiSRs6PBd-62t85sU_8zE	2024-10-29 21:29:39.616331+03	2024-10-30 21:29:39+03	1	a0e8ac27305041849a0e31d9f63479ff
316	eyJhbGciOiJIUzI1NiIsInR5cCI6IkpXVCJ9.eyJ0b2tlbl90eXBlIjoicmVmcmVzaCIsImV4cCI6MTczMDMxMjk5NiwiaWF0IjoxNzMwMjI2NTk2LCJqdGkiOiJiMGUwMWYzZTlhOGQ0ZGE4ODc3YWNkMjVkZjY4NzQ1MyIsInVzZXJfaWQiOjF9.tm5af26PO7CEF177dVecxBmt5nllfQAX6ztvY6MVEdo	2024-10-29 21:29:56.721711+03	2024-10-30 21:29:56+03	1	b0e01f3e9a8d4da8877acd25df687453
317	eyJhbGciOiJIUzI1NiIsInR5cCI6IkpXVCJ9.eyJ0b2tlbl90eXBlIjoicmVmcmVzaCIsImV4cCI6MTczMDMxMzA3MiwiaWF0IjoxNzMwMjI2NjcyLCJqdGkiOiIzZjNhNTc2NTdiY2E0ZDFlOGRlZTJmMDExYTc5ZGNkOSIsInVzZXJfaWQiOjF9.w_51itxxth6W5Lw1pcMtTwC_owhDpUPzLpwFPvnWEbA	2024-10-29 21:31:12.343989+03	2024-10-30 21:31:12+03	1	3f3a57657bca4d1e8dee2f011a79dcd9
318	eyJhbGciOiJIUzI1NiIsInR5cCI6IkpXVCJ9.eyJ0b2tlbl90eXBlIjoicmVmcmVzaCIsImV4cCI6MTczMDMxMzU1OCwiaWF0IjoxNzMwMjI3MTU4LCJqdGkiOiJmNmQ0ZDliNWY3ZTY0MzdiYTQ2OWFlN2FhNDgzYjcyZSIsInVzZXJfaWQiOjF9.a-JidG9gMZg5ueOge725DB17OPqxvJmNm0etj0etoZQ	2024-10-29 21:39:18.720332+03	2024-10-30 21:39:18+03	1	f6d4d9b5f7e6437ba469ae7aa483b72e
319	eyJhbGciOiJIUzI1NiIsInR5cCI6IkpXVCJ9.eyJ0b2tlbl90eXBlIjoicmVmcmVzaCIsImV4cCI6MTczMDMxMzYwNSwiaWF0IjoxNzMwMjI3MjA1LCJqdGkiOiIwMTkzZjNhMmUyMzU0MWE3YTEyMGNkNTczZjEwZjFjNCIsInVzZXJfaWQiOjF9.5Mf1ZnmFk_uaRNybTrkc9K4dWuwCjicmnTlStO7d-h4	2024-10-29 21:40:05.22447+03	2024-10-30 21:40:05+03	1	0193f3a2e23541a7a120cd573f10f1c4
320	eyJhbGciOiJIUzI1NiIsInR5cCI6IkpXVCJ9.eyJ0b2tlbl90eXBlIjoicmVmcmVzaCIsImV4cCI6MTczMDMxMzYyNywiaWF0IjoxNzMwMjI3MjI3LCJqdGkiOiI3ODg3YjQwMGNhMWU0MzFjYjNlNDdhZGQ5Y2JiNTNmZSIsInVzZXJfaWQiOjF9.EEBuuf37CY4qYVuTFL9cTcxaQI5MgzjJ9E5xfSEpvxY	2024-10-29 21:40:27.789054+03	2024-10-30 21:40:27+03	1	7887b400ca1e431cb3e47add9cbb53fe
321	eyJhbGciOiJIUzI1NiIsInR5cCI6IkpXVCJ9.eyJ0b2tlbl90eXBlIjoicmVmcmVzaCIsImV4cCI6MTczMDMxMzczMiwiaWF0IjoxNzMwMjI3MzMyLCJqdGkiOiJkODU3MGMyNWY1YTY0YjJiOGJjYWM5MDNlZWQxMDAzNSIsInVzZXJfaWQiOjF9.jAe2wlRYdSmIkFSJ_pAKvFwpR-sy6W9FrvDy-MeTtIM	2024-10-29 21:42:12.227677+03	2024-10-30 21:42:12+03	1	d8570c25f5a64b2b8bcac903eed10035
322	eyJhbGciOiJIUzI1NiIsInR5cCI6IkpXVCJ9.eyJ0b2tlbl90eXBlIjoicmVmcmVzaCIsImV4cCI6MTczMDMxMzgwNiwiaWF0IjoxNzMwMjI3NDA2LCJqdGkiOiI4Njg0ZDUyZGE3NGU0NzlkYTY3NTUzNmJmZTg1MTZlYyIsInVzZXJfaWQiOjF9.i10x0IdzShuN0Gb8KGSLAKfWpLa-bprCQ-ekoboXu30	2024-10-29 21:43:26.812087+03	2024-10-30 21:43:26+03	1	8684d52da74e479da675536bfe8516ec
323	eyJhbGciOiJIUzI1NiIsInR5cCI6IkpXVCJ9.eyJ0b2tlbl90eXBlIjoicmVmcmVzaCIsImV4cCI6MTczMDMxMzkzMiwiaWF0IjoxNzMwMjI3NTMyLCJqdGkiOiI2ZDE4MGMzNDVjMzM0MTUyYmZlNTg1ZjkxYTJiYzlhZCIsInVzZXJfaWQiOjF9.hLAWRXGgL225Ydgo5bJ6wvOIXiX6EdcwkRyXKRazfXk	2024-10-29 21:45:32.406685+03	2024-10-30 21:45:32+03	1	6d180c345c334152bfe585f91a2bc9ad
324	eyJhbGciOiJIUzI1NiIsInR5cCI6IkpXVCJ9.eyJ0b2tlbl90eXBlIjoicmVmcmVzaCIsImV4cCI6MTczMDMxNDEwMiwiaWF0IjoxNzMwMjI3NzAyLCJqdGkiOiJiNDgyYWZkOTNmYzQ0NDlkYjkwNDVkZWRiOTc0MTcyMiIsInVzZXJfaWQiOjF9.1nSEZOImwy1g72aBg91J3fl22BxSZ-_aU86J5MRze-o	2024-10-29 21:48:22.989261+03	2024-10-30 21:48:22+03	1	b482afd93fc4449db9045dedb9741722
325	eyJhbGciOiJIUzI1NiIsInR5cCI6IkpXVCJ9.eyJ0b2tlbl90eXBlIjoicmVmcmVzaCIsImV4cCI6MTczMDMxNDE0OCwiaWF0IjoxNzMwMjI3NzQ4LCJqdGkiOiJkZjdjMThhYTljN2Q0OWU4YWU3ZjkwYTY5NzJmZjRjNCIsInVzZXJfaWQiOjF9.QvB1J1c3DPo0r9voVExClWK8Z3uhS6ULeKgcl5A1Co8	2024-10-29 21:49:08.911971+03	2024-10-30 21:49:08+03	1	df7c18aa9c7d49e8ae7f90a6972ff4c4
326	eyJhbGciOiJIUzI1NiIsInR5cCI6IkpXVCJ9.eyJ0b2tlbl90eXBlIjoicmVmcmVzaCIsImV4cCI6MTczMDMxNDI1OCwiaWF0IjoxNzMwMjI3ODU4LCJqdGkiOiJhNjdkMTA0YzgxMjE0YzI0YjQ2MDYzMmMyMDk4ZDQ4MSIsInVzZXJfaWQiOjF9.7s4LG13R2hEZuRK1ukKGbRnXx37LFlmsiRZBwcUanlo	2024-10-29 21:50:58.087183+03	2024-10-30 21:50:58+03	1	a67d104c81214c24b460632c2098d481
327	eyJhbGciOiJIUzI1NiIsInR5cCI6IkpXVCJ9.eyJ0b2tlbl90eXBlIjoicmVmcmVzaCIsImV4cCI6MTczMDMxNDkxNiwiaWF0IjoxNzMwMjI4NTE2LCJqdGkiOiI0ZjhmYjUyODU4OGU0NDNjOTg5NDhiMmVmMmNjYzU4MSIsInVzZXJfaWQiOjF9.oKnPkQVDMDIEgkOvlEvI0XAA14ijkoBv0ZfUGiSWrIo	2024-10-29 22:01:56.062481+03	2024-10-30 22:01:56+03	1	4f8fb528588e443c98948b2ef2ccc581
328	eyJhbGciOiJIUzI1NiIsInR5cCI6IkpXVCJ9.eyJ0b2tlbl90eXBlIjoicmVmcmVzaCIsImV4cCI6MTczMDMxNTg3NywiaWF0IjoxNzMwMjI5NDc3LCJqdGkiOiI1Yzk0ZjhiMTY0ZTM0ZWY0OWMyMDU4ZTk0ZjAzNGEyMSIsInVzZXJfaWQiOjF9.v5tkrewDuwm72xAYbHdP1jJUdwYm93yZzWQ3Z6rGFkQ	2024-10-29 22:17:57.470361+03	2024-10-30 22:17:57+03	1	5c94f8b164e34ef49c2058e94f034a21
329	eyJhbGciOiJIUzI1NiIsInR5cCI6IkpXVCJ9.eyJ0b2tlbl90eXBlIjoicmVmcmVzaCIsImV4cCI6MTczMDMxNjA1OCwiaWF0IjoxNzMwMjI5NjU4LCJqdGkiOiJlZWZmMTg2ODRlZGE0YTkzODRlMjJiOWU4MDEzMWQ3NCIsInVzZXJfaWQiOjF9.2bFhjAo8mM-DOh2MbChXmScBqiyJD9FN8B-mE_bDycE	2024-10-29 22:20:58.690224+03	2024-10-30 22:20:58+03	1	eeff18684eda4a9384e22b9e80131d74
330	eyJhbGciOiJIUzI1NiIsInR5cCI6IkpXVCJ9.eyJ0b2tlbl90eXBlIjoicmVmcmVzaCIsImV4cCI6MTczMDMxNjM0OCwiaWF0IjoxNzMwMjI5OTQ4LCJqdGkiOiI1NDNjMGE1ZjllMDA0OTNjOTFlNTYxZThjMmQyOTIwMyIsInVzZXJfaWQiOjF9.I2QiUuvLjzWlV-psOGPYJ-Lqvvs6wTrQsUe-HCh3Aoc	2024-10-29 22:25:48.646574+03	2024-10-30 22:25:48+03	1	543c0a5f9e00493c91e561e8c2d29203
331	eyJhbGciOiJIUzI1NiIsInR5cCI6IkpXVCJ9.eyJ0b2tlbl90eXBlIjoicmVmcmVzaCIsImV4cCI6MTczMDMxNzI1NywiaWF0IjoxNzMwMjMwODU3LCJqdGkiOiI4MWIzZGFjYzg4OTM0Y2JlODUyMjgwNWI1OWZjOTYxZiJ9.uEx2DNwJE0Wjx25cTsZZ4JY1EaCI3ZdoIMH5ieME2Tc	\N	2024-10-30 22:40:57+03	\N	81b3dacc88934cbe8522805b59fc961f
332	eyJhbGciOiJIUzI1NiIsInR5cCI6IkpXVCJ9.eyJ0b2tlbl90eXBlIjoicmVmcmVzaCIsImV4cCI6MTczMDMxNzM3MSwiaWF0IjoxNzMwMjMwOTcxLCJqdGkiOiI5MzExYTU1ZDViODc0MGRmYmNjYjkyOGY3MjY4Zjk0ZCIsInVzZXJfaWQiOjF9.GxJD6iuCf7R4KSganzcHGSrpGcWVFjVTgjynLYu2qfo	2024-10-29 22:42:51.914214+03	2024-10-30 22:42:51+03	1	9311a55d5b8740dfbccb928f7268f94d
333	eyJhbGciOiJIUzI1NiIsInR5cCI6IkpXVCJ9.eyJ0b2tlbl90eXBlIjoicmVmcmVzaCIsImV4cCI6MTczMDMxOTA1MywiaWF0IjoxNzMwMjMyNjUzLCJqdGkiOiI0ZTI0NTY1YWVjOTM0YzE4OGVjNTBjNjhiZjY4ZTYxYyIsInVzZXJfaWQiOjF9.sXGydDHgiaWHSpOqR3nFtvLKgvSlLQYM4fG30IwFVcQ	2024-10-29 23:10:53.247445+03	2024-10-30 23:10:53+03	1	4e24565aec934c188ec50c68bf68e61c
334	eyJhbGciOiJIUzI1NiIsInR5cCI6IkpXVCJ9.eyJ0b2tlbl90eXBlIjoicmVmcmVzaCIsImV4cCI6MTczMDMyMDQ2OCwiaWF0IjoxNzMwMjM0MDY4LCJqdGkiOiJkOWQ5NWU1MTE3YzY0OWIzODQ4ZjM4Mjk2NDJiZjZkYyIsInVzZXJfaWQiOjF9.KScylyOO3yS1n8c_mDeKzYVv-KaWu-J_9AdrFVyabIQ	2024-10-29 23:34:28.696024+03	2024-10-30 23:34:28+03	1	d9d95e5117c649b3848f3829642bf6dc
335	eyJhbGciOiJIUzI1NiIsInR5cCI6IkpXVCJ9.eyJ0b2tlbl90eXBlIjoicmVmcmVzaCIsImV4cCI6MTczMDMyMTAxNSwiaWF0IjoxNzMwMjM0NjE1LCJqdGkiOiJmZGEzYjA0Y2VkZWM0ZjYwOTQ2ZjkyOTBkMzBjNzYxNSIsInVzZXJfaWQiOjF9.V0dDABe9jN3kLYYJAsaM_qErQgZpHVxCp8lxwYVRa1Q	2024-10-29 23:43:35.90974+03	2024-10-30 23:43:35+03	1	fda3b04cedec4f60946f9290d30c7615
336	eyJhbGciOiJIUzI1NiIsInR5cCI6IkpXVCJ9.eyJ0b2tlbl90eXBlIjoicmVmcmVzaCIsImV4cCI6MTczMDMyMTA0NSwiaWF0IjoxNzMwMjM0NjQ1LCJqdGkiOiIzOTc2YmQzMzE2Zjg0MTgzOWNlNmQ4ODk3MWJiMjI3YSIsInVzZXJfaWQiOjF9.6jk354Utt6CgD-wxUTtnRM0eUA-dJPtsrKqKCOsj3xs	2024-10-29 23:44:05.119637+03	2024-10-30 23:44:05+03	1	3976bd3316f841839ce6d88971bb227a
337	eyJhbGciOiJIUzI1NiIsInR5cCI6IkpXVCJ9.eyJ0b2tlbl90eXBlIjoicmVmcmVzaCIsImV4cCI6MTczMDMyMTU5MCwiaWF0IjoxNzMwMjM1MTkwLCJqdGkiOiJkOTVmN2M4ZDc2NDQ0YWNjYjZhY2VmMTY0Mzk5YWJmYSIsInVzZXJfaWQiOjF9.wkqeXXbwT9KjGSZWaFPX1Hpg5P6wvubo77LTvAWnNsk	2024-10-29 23:53:10.713089+03	2024-10-30 23:53:10+03	1	d95f7c8d76444accb6acef164399abfa
338	eyJhbGciOiJIUzI1NiIsInR5cCI6IkpXVCJ9.eyJ0b2tlbl90eXBlIjoicmVmcmVzaCIsImV4cCI6MTczMDMyNDU2NywiaWF0IjoxNzMwMjM4MTY3LCJqdGkiOiJiM2FjZTUyYWE2ZTM0MGI5OTM1NTJlZjBlNTU2Mzg5MyIsInVzZXJfaWQiOjF9.frSo4kMP81Gib6tjRh1mY767zCXwihqgsUIPa-kWKRM	2024-10-30 00:42:47.768901+03	2024-10-31 00:42:47+03	1	b3ace52aa6e340b993552ef0e5563893
339	eyJhbGciOiJIUzI1NiIsInR5cCI6IkpXVCJ9.eyJ0b2tlbl90eXBlIjoicmVmcmVzaCIsImV4cCI6MTczMDM5ODI4NCwiaWF0IjoxNzMwMzExODg0LCJqdGkiOiI0OWQyYmYyOWFhNjE0MzQ2YmY4NjI1MGIwYjA2YjQ5YyIsInVzZXJfaWQiOjF9.MhP__pAh3W7QG4Q9TklH3wP0qBvmcTJn57x6poWhpxg	2024-10-30 21:11:24.307886+03	2024-10-31 21:11:24+03	1	49d2bf29aa614346bf86250b0b06b49c
340	eyJhbGciOiJIUzI1NiIsInR5cCI6IkpXVCJ9.eyJ0b2tlbl90eXBlIjoicmVmcmVzaCIsImV4cCI6MTczMDM5ODY2NiwiaWF0IjoxNzMwMzEyMjY2LCJqdGkiOiJjNjFkNDllOGJiOGY0Mjk0YTJmZjJiOTg0YmFkMDkwNyIsInVzZXJfaWQiOjF9.zGJEtX3mXTlio9vYFBY2jf26JIBhc3ruv6XWVRB2_4I	2024-10-30 21:17:46.618913+03	2024-10-31 21:17:46+03	1	c61d49e8bb8f4294a2ff2b984bad0907
341	eyJhbGciOiJIUzI1NiIsInR5cCI6IkpXVCJ9.eyJ0b2tlbl90eXBlIjoicmVmcmVzaCIsImV4cCI6MTczMDM5ODc0NiwiaWF0IjoxNzMwMzEyMzQ2LCJqdGkiOiIyNDI1ZThjYmZiMzg0NzhhODkxZjdhMmM5ZTk0YTZmYSIsInVzZXJfaWQiOjF9.OxXEMumaG5aW31CYePpN8cBMySoqXlQgIYE9mKERvcE	2024-10-30 21:19:06.462864+03	2024-10-31 21:19:06+03	1	2425e8cbfb38478a891f7a2c9e94a6fa
342	eyJhbGciOiJIUzI1NiIsInR5cCI6IkpXVCJ9.eyJ0b2tlbl90eXBlIjoicmVmcmVzaCIsImV4cCI6MTczMDM5ODc3NSwiaWF0IjoxNzMwMzEyMzc1LCJqdGkiOiIwZDVmZDhkMDQ1ZDE0MmI2ODhkZGE0N2U2NGVlMWIxMSIsInVzZXJfaWQiOjF9.Wo7ESwr2kX1hNlw1gt4BL1FFsV7sn_e7csH9lj-L3nU	2024-10-30 21:19:35.615225+03	2024-10-31 21:19:35+03	1	0d5fd8d045d142b688dda47e64ee1b11
343	eyJhbGciOiJIUzI1NiIsInR5cCI6IkpXVCJ9.eyJ0b2tlbl90eXBlIjoicmVmcmVzaCIsImV4cCI6MTczMDM5ODc5NSwiaWF0IjoxNzMwMzEyMzk1LCJqdGkiOiI4ZThjYTBmZjM2OTM0NDU2YTBkODY5ZTBjNjE0M2ViNCIsInVzZXJfaWQiOjF9.YC_gmXqvbTACluVRLPXQuxDjSHdPkjuihxZoiH0g_-s	2024-10-30 21:19:55.408744+03	2024-10-31 21:19:55+03	1	8e8ca0ff36934456a0d869e0c6143eb4
344	eyJhbGciOiJIUzI1NiIsInR5cCI6IkpXVCJ9.eyJ0b2tlbl90eXBlIjoicmVmcmVzaCIsImV4cCI6MTczMDM5OTQ1NywiaWF0IjoxNzMwMzEzMDU3LCJqdGkiOiJmOTZjMWQxZTI4OWE0MjU1ODQzYzhhZDM2ZTM1MmZmZSIsInVzZXJfaWQiOjF9.M_EQu1bpXHac3yN3bybwLF5qj_tdZPvVpe71pRqX_zU	2024-10-30 21:30:57.03698+03	2024-10-31 21:30:57+03	1	f96c1d1e289a4255843c8ad36e352ffe
345	eyJhbGciOiJIUzI1NiIsInR5cCI6IkpXVCJ9.eyJ0b2tlbl90eXBlIjoicmVmcmVzaCIsImV4cCI6MTczMDM5OTcyMSwiaWF0IjoxNzMwMzEzMzIxLCJqdGkiOiJmZWQ2NzAxNzdhMTA0N2MxYjQxYjIzMmE5MjIwMGYyMiIsInVzZXJfaWQiOjF9.8yNFW4GDJjB7eSs73Eu_nMHnPwu9Xa96qbW6pHl1rx4	2024-10-30 21:35:21.652595+03	2024-10-31 21:35:21+03	1	fed670177a1047c1b41b232a92200f22
346	eyJhbGciOiJIUzI1NiIsInR5cCI6IkpXVCJ9.eyJ0b2tlbl90eXBlIjoicmVmcmVzaCIsImV4cCI6MTczMDM5OTgyMywiaWF0IjoxNzMwMzEzNDIzLCJqdGkiOiI3YzlmOWQxZTI5ZmE0NTU2ODM2ZDFhMzM5NjE0ZjFkZiIsInVzZXJfaWQiOjF9.rKmXJ_2VHGo9rAOr98SVosb4sDkNXZp1CUF-1ClXRxQ	2024-10-30 21:37:03.15313+03	2024-10-31 21:37:03+03	1	7c9f9d1e29fa4556836d1a339614f1df
347	eyJhbGciOiJIUzI1NiIsInR5cCI6IkpXVCJ9.eyJ0b2tlbl90eXBlIjoicmVmcmVzaCIsImV4cCI6MTczMDM5OTk5MSwiaWF0IjoxNzMwMzEzNTkxLCJqdGkiOiJjMzA3YWM2YzZhZDc0YjFhYjE5ODQ3MzA3ZTA1MGU1ZSIsInVzZXJfaWQiOjF9.W1clMGeEU-L_p77eKb5LY1ZTCTkjvOvoxxUkJzc67R0	2024-10-30 21:39:51.783468+03	2024-10-31 21:39:51+03	1	c307ac6c6ad74b1ab19847307e050e5e
348	eyJhbGciOiJIUzI1NiIsInR5cCI6IkpXVCJ9.eyJ0b2tlbl90eXBlIjoicmVmcmVzaCIsImV4cCI6MTczMDQwMjE2NSwiaWF0IjoxNzMwMzE1NzY1LCJqdGkiOiIxN2Y2NDcwOGY5YTg0YjQzOWEwNzcwN2U5OWI3YTllNSIsInVzZXJfaWQiOjF9.A2pSFPexbZlB62IFRf72JUuPJ_g_-d_eg8L74eRjCZ0	2024-10-30 22:16:05.467205+03	2024-10-31 22:16:05+03	1	17f64708f9a84b439a07707e99b7a9e5
349	eyJhbGciOiJIUzI1NiIsInR5cCI6IkpXVCJ9.eyJ0b2tlbl90eXBlIjoicmVmcmVzaCIsImV4cCI6MTczMDQwMjg3NSwiaWF0IjoxNzMwMzE2NDc1LCJqdGkiOiIyMzNmNzExZDZlM2Q0NjMxYjdjZmJjOWU2NDhkZjc4NCIsInVzZXJfaWQiOjF9.WNGBcglplh3XkDAqv6mB82w3rYMRdZqWxZCIINn0iww	2024-10-30 22:27:55.312303+03	2024-10-31 22:27:55+03	1	233f711d6e3d4631b7cfbc9e648df784
350	eyJhbGciOiJIUzI1NiIsInR5cCI6IkpXVCJ9.eyJ0b2tlbl90eXBlIjoicmVmcmVzaCIsImV4cCI6MTczMDQwMzAxNSwiaWF0IjoxNzMwMzE2NjE1LCJqdGkiOiIxOGU1NjFhZDQxZTE0ZjJmYjZjZWMyMWVlM2UxMjI2OCIsInVzZXJfaWQiOjF9.qrINO9K6r9jwSZTC1L9uD8-_NGq2TzY3nyb5PwWZbuA	2024-10-30 22:30:15.358152+03	2024-10-31 22:30:15+03	1	18e561ad41e14f2fb6cec21ee3e12268
351	eyJhbGciOiJIUzI1NiIsInR5cCI6IkpXVCJ9.eyJ0b2tlbl90eXBlIjoicmVmcmVzaCIsImV4cCI6MTczMDQwMzA3NCwiaWF0IjoxNzMwMzE2Njc0LCJqdGkiOiJkYzJmZTRlMWZkZWE0YzUwOGYxMTkyNzI0YWI0ZTE5OCIsInVzZXJfaWQiOjF9.QrNtqWn_o6kyNpklStkk1eMxCWdcNmUuvpdxX42Ofc0	2024-10-30 22:31:14.034069+03	2024-10-31 22:31:14+03	1	dc2fe4e1fdea4c508f1192724ab4e198
352	eyJhbGciOiJIUzI1NiIsInR5cCI6IkpXVCJ9.eyJ0b2tlbl90eXBlIjoicmVmcmVzaCIsImV4cCI6MTczMDQwMzI5NywiaWF0IjoxNzMwMzE2ODk3LCJqdGkiOiI5NGIwMTQzY2I4Zjk0ZGY1YjUyZTY3MzI4ODE0ZTJhMSIsInVzZXJfaWQiOjF9.opYhnmm4lXPkgke4UsjUlhQ7pzez8KHez9BP73qFg1o	2024-10-30 22:34:57.288199+03	2024-10-31 22:34:57+03	1	94b0143cb8f94df5b52e67328814e2a1
353	eyJhbGciOiJIUzI1NiIsInR5cCI6IkpXVCJ9.eyJ0b2tlbl90eXBlIjoicmVmcmVzaCIsImV4cCI6MTczMDQwMzM2OSwiaWF0IjoxNzMwMzE2OTY5LCJqdGkiOiJiNTI2NWZjY2Y4ZTk0NmI1YWEyN2Y4MTI5OGM0ZTllZSIsInVzZXJfaWQiOjF9.T8yuEgmPzFLFPncw0nEV9ksXc5jUUptw0rk8yYF7S5o	2024-10-30 22:36:09.975837+03	2024-10-31 22:36:09+03	1	b5265fccf8e946b5aa27f81298c4e9ee
354	eyJhbGciOiJIUzI1NiIsInR5cCI6IkpXVCJ9.eyJ0b2tlbl90eXBlIjoicmVmcmVzaCIsImV4cCI6MTczMDQ1MTE1NSwiaWF0IjoxNzMwMzY0NzU1LCJqdGkiOiI1N2M3YWRhMzgzMzE0YTFmOGMxNmNjMjNhMGI3YjQ0MiIsInVzZXJfaWQiOjF9.d854Aa6tuviWAhNcr90u9YAjbbcx7duR8_ihDmPvYiI	2024-10-31 11:52:35.529976+03	2024-11-01 11:52:35+03	1	57c7ada383314a1f8c16cc23a0b7b442
355	eyJhbGciOiJIUzI1NiIsInR5cCI6IkpXVCJ9.eyJ0b2tlbl90eXBlIjoicmVmcmVzaCIsImV4cCI6MTczMDQ2MTY3MywiaWF0IjoxNzMwMzc1MjczLCJqdGkiOiIzODFlOWMxMjAxZDY0ZTcwYTMyNmEyY2MxZjRkNTBiYyIsInVzZXJfaWQiOjF9.NhTm_BeVvJ1y_cd6T-rlVb8_xY4Ztbqu5uCIC8cTo80	2024-10-31 14:47:53.227867+03	2024-11-01 14:47:53+03	1	381e9c1201d64e70a326a2cc1f4d50bc
356	eyJhbGciOiJIUzI1NiIsInR5cCI6IkpXVCJ9.eyJ0b2tlbl90eXBlIjoicmVmcmVzaCIsImV4cCI6MTczMDQ4MTk0NiwiaWF0IjoxNzMwMzk1NTQ2LCJqdGkiOiIwMGVkOWMwZDEzZmY0YzhhYTk4ZTNiODRiZTVjMGU3NiIsInVzZXJfaWQiOjF9.X1FTLty9KpX8DJZz3jufUwz0kaABoszgxA5iV4kDJh0	2024-10-31 20:25:46.634594+03	2024-11-01 20:25:46+03	1	00ed9c0d13ff4c8aa98e3b84be5c0e76
357	eyJhbGciOiJIUzI1NiIsInR5cCI6IkpXVCJ9.eyJ0b2tlbl90eXBlIjoicmVmcmVzaCIsImV4cCI6MTczMDQ4NTg2NiwiaWF0IjoxNzMwMzk5NDY2LCJqdGkiOiIwMjEwMmY2ZGQ4ZjA0ZjIwYjhjMzVjZWZkZGExY2ZlNCIsInVzZXJfaWQiOjF9.jGVtn9vXLfaSexz-hmxrjG0jC8M7v79ee0Y9Ds5VCpE	2024-10-31 21:31:06.502469+03	2024-11-01 21:31:06+03	1	02102f6dd8f04f20b8c35cefdda1cfe4
358	eyJhbGciOiJIUzI1NiIsInR5cCI6IkpXVCJ9.eyJ0b2tlbl90eXBlIjoicmVmcmVzaCIsImV4cCI6MTczMDQ4NjA1OSwiaWF0IjoxNzMwMzk5NjU5LCJqdGkiOiJmNzRhYzRjZTY4NTY0ZjBjYjQwNzVhMjlmYmE0MjE4MyIsInVzZXJfaWQiOjF9.PWsNWbN96G04oLjTl32_sCu4FcgYfe6Q45EYWKxgMZ0	2024-10-31 21:34:19.64925+03	2024-11-01 21:34:19+03	1	f74ac4ce68564f0cb4075a29fba42183
359	eyJhbGciOiJIUzI1NiIsInR5cCI6IkpXVCJ9.eyJ0b2tlbl90eXBlIjoicmVmcmVzaCIsImV4cCI6MTczMDQ4NjE0NSwiaWF0IjoxNzMwMzk5NzQ1LCJqdGkiOiIzMmIyMTRlODJlZDc0NDM3YjZmYWQ5NDU0NjI2M2Y1MCIsInVzZXJfaWQiOjF9.XYf1Zb7s7Pla8s36OkdOYlUPli_ryrdqGuYs2tX_gfo	2024-10-31 21:35:45.557603+03	2024-11-01 21:35:45+03	1	32b214e82ed74437b6fad94546263f50
360	eyJhbGciOiJIUzI1NiIsInR5cCI6IkpXVCJ9.eyJ0b2tlbl90eXBlIjoicmVmcmVzaCIsImV4cCI6MTczMDQ4NjIxMywiaWF0IjoxNzMwMzk5ODEzLCJqdGkiOiJjY2FiYTk5OWRhNTk0YTYzYjc1NmYyMDgzMzE2MDEwZiIsInVzZXJfaWQiOjF9.hWaEMKVUdnmc4662hU0s7ox-CY0Klh_P22-aRoAdjco	2024-10-31 21:36:53.633794+03	2024-11-01 21:36:53+03	1	ccaba999da594a63b756f2083316010f
361	eyJhbGciOiJIUzI1NiIsInR5cCI6IkpXVCJ9.eyJ0b2tlbl90eXBlIjoicmVmcmVzaCIsImV4cCI6MTczMDUzODA1MSwiaWF0IjoxNzMwNDUxNjUxLCJqdGkiOiJkMDIyNjM4OGFkOTQ0Y2Y3YjlhZmFkMzllMGE2ZWM2YiIsInVzZXJfaWQiOjF9.pVeq_Y4Y2xE1XbwlETRCQIxRxEomz_1YfIaYv2B5f18	2024-11-01 12:00:51.656268+03	2024-11-02 12:00:51+03	1	d0226388ad944cf7b9afad39e0a6ec6b
362	eyJhbGciOiJIUzI1NiIsInR5cCI6IkpXVCJ9.eyJ0b2tlbl90eXBlIjoicmVmcmVzaCIsImV4cCI6MTczMDU0ODE2MywiaWF0IjoxNzMwNDYxNzYzLCJqdGkiOiI2ZTA3NGYxMTI0YmY0YTA1OWU5MDdjYWZkZjMzNTE2ZCIsInVzZXJfaWQiOjF9.197izGLVSVF6NazeMC0vVMTpoHjrF5qqv3TLiYApAus	2024-11-01 14:49:23.188081+03	2024-11-02 14:49:23+03	1	6e074f1124bf4a059e907cafdf33516d
363	eyJhbGciOiJIUzI1NiIsInR5cCI6IkpXVCJ9.eyJ0b2tlbl90eXBlIjoicmVmcmVzaCIsImV4cCI6MTczMDU0ODcyMCwiaWF0IjoxNzMwNDYyMzIwLCJqdGkiOiJiNzk3MWFiNmEzN2I0Y2M4OGI4ZTBkYjRmMWVjNTU3YyIsInVzZXJfaWQiOjF9.U-G_9HzMnWd5Xp6kNoaPbOp4Y6n49Qk3r_TJUZhTlyQ	2024-11-01 14:58:40.968054+03	2024-11-02 14:58:40+03	1	b7971ab6a37b4cc88b8e0db4f1ec557c
364	eyJhbGciOiJIUzI1NiIsInR5cCI6IkpXVCJ9.eyJ0b2tlbl90eXBlIjoicmVmcmVzaCIsImV4cCI6MTczMDU0OTMzNywiaWF0IjoxNzMwNDYyOTM3LCJqdGkiOiI3NTA0OTFlMjIwOTc0MjBiYTRkMGIyYWIyODc1NzBiMSIsInVzZXJfaWQiOjF9.v7eFqTexpqMiURG7tsvbWRIya4fYDXQ8lCBRuQ41lXA	2024-11-01 15:08:57.137948+03	2024-11-02 15:08:57+03	1	750491e22097420ba4d0b2ab287570b1
365	eyJhbGciOiJIUzI1NiIsInR5cCI6IkpXVCJ9.eyJ0b2tlbl90eXBlIjoicmVmcmVzaCIsImV4cCI6MTczMDU1MDc3NywiaWF0IjoxNzMwNDY0Mzc3LCJqdGkiOiJlYmE5ZmY5MjI5MWE0NjM2YTg2NWVhMTQ4YTUzOWMyMSIsInVzZXJfaWQiOjF9.N1_9XIqoj7MEJSLNZqfKGO0rDoMSxzZVSpyDibuxMlc	2024-11-01 15:32:57.646771+03	2024-11-02 15:32:57+03	1	eba9ff92291a4636a865ea148a539c21
366	eyJhbGciOiJIUzI1NiIsInR5cCI6IkpXVCJ9.eyJ0b2tlbl90eXBlIjoicmVmcmVzaCIsImV4cCI6MTczMDU1NTgxMywiaWF0IjoxNzMwNDY5NDEzLCJqdGkiOiJlZDI4MjdiNmYxMDU0MWYzOGNlNzNmZmMzM2FmMWU1OCIsInVzZXJfaWQiOjF9.s2JyrexNclxhVt3WkMwihPiP_Rzm-UnYtd2WElf_2XE	2024-11-01 16:56:53.507073+03	2024-11-02 16:56:53+03	1	ed2827b6f10541f38ce73ffc33af1e58
367	eyJhbGciOiJIUzI1NiIsInR5cCI6IkpXVCJ9.eyJ0b2tlbl90eXBlIjoicmVmcmVzaCIsImV4cCI6MTczMDU1Njg5MiwiaWF0IjoxNzMwNDcwNDkyLCJqdGkiOiJjMDFhYmQzY2M2MWE0ZmQzODNkMzgyYWZlZDQyZjE4OSIsInVzZXJfaWQiOjF9.aTMQkBGi-SLNBqqxkLxi0ad2Lj8vlD_E7OipywOM45M	2024-11-01 17:14:52.805177+03	2024-11-02 17:14:52+03	1	c01abd3cc61a4fd383d382afed42f189
368	eyJhbGciOiJIUzI1NiIsInR5cCI6IkpXVCJ9.eyJ0b2tlbl90eXBlIjoicmVmcmVzaCIsImV4cCI6MTczMDU1NzgxNiwiaWF0IjoxNzMwNDcxNDE2LCJqdGkiOiJmMjZkYTlkZDBlMmQ0OWVmODVlNTIwN2UxN2Y4ZTk4MCIsInVzZXJfaWQiOjF9.IPebKKcdxP3X8fy7H5e-tFWsXAHj5N-SThYIQUvrA1o	2024-11-01 17:30:16.021361+03	2024-11-02 17:30:16+03	1	f26da9dd0e2d49ef85e5207e17f8e980
369	eyJhbGciOiJIUzI1NiIsInR5cCI6IkpXVCJ9.eyJ0b2tlbl90eXBlIjoicmVmcmVzaCIsImV4cCI6MTczMDU3NDA0MCwiaWF0IjoxNzMwNDg3NjQwLCJqdGkiOiJjZWRiNjAyNTMwMWQ0NDhkYjZkNThjOGE2ZTQyNDZmNiIsInVzZXJfaWQiOjF9.WYw_w_WvlIYE_j6jvznPQYZCO5cevHDoTJzuGJG9ZX0	2024-11-01 22:00:40.654604+03	2024-11-02 22:00:40+03	1	cedb6025301d448db6d58c8a6e4246f6
370	eyJhbGciOiJIUzI1NiIsInR5cCI6IkpXVCJ9.eyJ0b2tlbl90eXBlIjoicmVmcmVzaCIsImV4cCI6MTczMDYzNjg4MywiaWF0IjoxNzMwNTUwNDgzLCJqdGkiOiI5OThkY2M2ZTBlNGE0Yzg5Yjk0Y2NhOWFiYmJkNTE3YSIsInVzZXJfaWQiOjF9.NVSd4w5HeXtTyO015C0w_7d3EYgxw_XcKDX9-XfPV1s	2024-11-02 15:28:03.191879+03	2024-11-03 15:28:03+03	1	998dcc6e0e4a4c89b94cca9abbbd517a
371	eyJhbGciOiJIUzI1NiIsInR5cCI6IkpXVCJ9.eyJ0b2tlbl90eXBlIjoicmVmcmVzaCIsImV4cCI6MTczMDYzNzYxNywiaWF0IjoxNzMwNTUxMjE3LCJqdGkiOiI3MTUwNGNiMzU0Y2Q0NDI1OGM0OGEzOTE5MzI0NDNiYiIsInVzZXJfaWQiOjF9.4UTMM3WhnTT6mkM7a4UZhfUp2wQTlVxZp7p7nojl_BU	2024-11-02 15:40:17.068699+03	2024-11-03 15:40:17+03	1	71504cb354cd44258c48a391932443bb
372	eyJhbGciOiJIUzI1NiIsInR5cCI6IkpXVCJ9.eyJ0b2tlbl90eXBlIjoicmVmcmVzaCIsImV4cCI6MTczMDYzNzkwMCwiaWF0IjoxNzMwNTUxNTAwLCJqdGkiOiIxZGI4NDkyZWI2NDQ0ZmNlOGI5Mjg5NmMwZmFhNTAxNCIsInVzZXJfaWQiOjF9.Q9JuOBiob02pjjUxBKfQMav2UFi85Gx8RrxFB7FpI0M	2024-11-02 15:45:00.054119+03	2024-11-03 15:45:00+03	1	1db8492eb6444fce8b92896c0faa5014
373	eyJhbGciOiJIUzI1NiIsInR5cCI6IkpXVCJ9.eyJ0b2tlbl90eXBlIjoicmVmcmVzaCIsImV4cCI6MTczMDYzOTY4NCwiaWF0IjoxNzMwNTUzMjg0LCJqdGkiOiJkNmUxODU2OTk3ZjY0YTY5YTRkYTU5MjI0MzY0NTU3NSIsInVzZXJfaWQiOjF9.lJ6jzLJWwpMkXdjvf71fwZ1n5lwC_DkDQypuNBYAXf8	2024-11-02 16:14:44.779605+03	2024-11-03 16:14:44+03	1	d6e1856997f64a69a4da592243645575
374	eyJhbGciOiJIUzI1NiIsInR5cCI6IkpXVCJ9.eyJ0b2tlbl90eXBlIjoicmVmcmVzaCIsImV4cCI6MTczMDY0MDA1NCwiaWF0IjoxNzMwNTUzNjU0LCJqdGkiOiIyYzhiZTk4MGM2ODQ0NTY3ODJmNzM2MGZmYmU4ZDE1NSIsInVzZXJfaWQiOjF9.Kap7cyUJtDbvsIrxDodOWBPW-AofgRhnCfRhO1AV6VI	2024-11-02 16:20:54.481188+03	2024-11-03 16:20:54+03	1	2c8be980c684456782f7360ffbe8d155
375	eyJhbGciOiJIUzI1NiIsInR5cCI6IkpXVCJ9.eyJ0b2tlbl90eXBlIjoicmVmcmVzaCIsImV4cCI6MTczMDY2MTU3OCwiaWF0IjoxNzMwNTc1MTc4LCJqdGkiOiI4YTg4Y2I5OTg0Y2U0OGFhODRjOTI2MWQ5NWIzYmI3YSIsInVzZXJfaWQiOjF9.GF6nsVQM0YnaOa9NWRLK8raw_ZWyoaqcmHmY7P7YDA0	2024-11-02 22:19:38.874614+03	2024-11-03 22:19:38+03	1	8a88cb9984ce48aa84c9261d95b3bb7a
376	eyJhbGciOiJIUzI1NiIsInR5cCI6IkpXVCJ9.eyJ0b2tlbl90eXBlIjoicmVmcmVzaCIsImV4cCI6MTczMDcyMzk5OSwiaWF0IjoxNzMwNjM3NTk5LCJqdGkiOiIyYmRmYTgzNmZjOTQ0Njg2ODNjNzEzZjhlNmQ2ZmUzZiIsInVzZXJfaWQiOjF9.heUUq3IqRQnNLdm6AGO2YMbYLnswK5QXrSeaK-lp1-Y	2024-11-03 15:39:59.690732+03	2024-11-04 15:39:59+03	1	2bdfa836fc94468683c713f8e6d6fe3f
377	eyJhbGciOiJIUzI1NiIsInR5cCI6IkpXVCJ9.eyJ0b2tlbl90eXBlIjoicmVmcmVzaCIsImV4cCI6MTczMDcyNTczOSwiaWF0IjoxNzMwNjM5MzM5LCJqdGkiOiI5Y2ZkNjlhZTYyMGI0MWYwOTA1N2FiZGExYjVlNDg3MiIsInVzZXJfaWQiOjF9.H_euiK81h35AsF-nR_bF4yVGlI7AhPrEPIBXjIchOsY	2024-11-03 16:08:59.172178+03	2024-11-04 16:08:59+03	1	9cfd69ae620b41f09057abda1b5e4872
378	eyJhbGciOiJIUzI1NiIsInR5cCI6IkpXVCJ9.eyJ0b2tlbl90eXBlIjoicmVmcmVzaCIsImV4cCI6MTczMDcyOTYxNSwiaWF0IjoxNzMwNjQzMjE1LCJqdGkiOiIzZGVlYTIwNjhlNzc0MzAwODYwOTZkNTY2MDQyOWFlNyIsInVzZXJfaWQiOjF9.T9zBryoE_cjD9K7mAPFZL_uWeiRm5vfz_Jc5I8do6Lg	2024-11-03 17:13:35.642072+03	2024-11-04 17:13:35+03	1	3deea2068e77430086096d5660429ae7
379	eyJhbGciOiJIUzI1NiIsInR5cCI6IkpXVCJ9.eyJ0b2tlbl90eXBlIjoicmVmcmVzaCIsImV4cCI6MTczMDcyOTc4OCwiaWF0IjoxNzMwNjQzMzg4LCJqdGkiOiJmYzRiOTk4OWMzMGU0ZDdmODRjMGJhNjIxY2JiN2FiZCIsInVzZXJfaWQiOjF9._XzFi2lHGM3zBNKlriXc6Lk5h-45QCY0O7lyUSIE1_4	2024-11-03 17:16:28.920866+03	2024-11-04 17:16:28+03	1	fc4b9989c30e4d7f84c0ba621cbb7abd
380	eyJhbGciOiJIUzI1NiIsInR5cCI6IkpXVCJ9.eyJ0b2tlbl90eXBlIjoicmVmcmVzaCIsImV4cCI6MTczMDczMDg4NCwiaWF0IjoxNzMwNjQ0NDg0LCJqdGkiOiIzYWI5OGZiNzExODI0OWRmODJmNzZmZTI0MDMyY2YxNCIsInVzZXJfaWQiOjF9.dbKgCjm1TO_oYyV5p2rFM4IYYiRJrUcv1INjou2funs	2024-11-03 17:34:44.656668+03	2024-11-04 17:34:44+03	1	3ab98fb7118249df82f76fe24032cf14
381	eyJhbGciOiJIUzI1NiIsInR5cCI6IkpXVCJ9.eyJ0b2tlbl90eXBlIjoicmVmcmVzaCIsImV4cCI6MTczMDczMTMyNCwiaWF0IjoxNzMwNjQ0OTI0LCJqdGkiOiJhNjhmNTAwODIyODU0ZDE5OTJkZjRlMTRkNTNhMTFmYiIsInVzZXJfaWQiOjF9.Js9kTi42wDE8EwEMnlMnZBOEqeTK1qTP_icMosXFX-M	2024-11-03 17:42:04.573057+03	2024-11-04 17:42:04+03	1	a68f500822854d1992df4e14d53a11fb
382	eyJhbGciOiJIUzI1NiIsInR5cCI6IkpXVCJ9.eyJ0b2tlbl90eXBlIjoicmVmcmVzaCIsImV4cCI6MTczMDc0MjU1MiwiaWF0IjoxNzMwNjU2MTUyLCJqdGkiOiJlZWVkMjExYjc2ZDA0ODlmODg3ZjRjYWVlYmI5Y2JlZCIsInVzZXJfaWQiOjF9.xRFYDy9qZTqFVDp76Bx6f2YBZaUmiAqLPjH33eYkb5c	2024-11-03 20:49:12.774871+03	2024-11-04 20:49:12+03	1	eeed211b76d0489f887f4caeebb9cbed
383	eyJhbGciOiJIUzI1NiIsInR5cCI6IkpXVCJ9.eyJ0b2tlbl90eXBlIjoicmVmcmVzaCIsImV4cCI6MTczMDc0MjgwMSwiaWF0IjoxNzMwNjU2NDAxLCJqdGkiOiIyZDE4MjA4Njg2ZWY0NTU2YTdhM2FjNDViODQzMTE3ZSIsInVzZXJfaWQiOjF9.w2D48k_piNvTgUlP-2R-IHSoFqYFBtjHWRZlfTSaClY	2024-11-03 20:53:21.065352+03	2024-11-04 20:53:21+03	1	2d18208686ef4556a7a3ac45b843117e
384	eyJhbGciOiJIUzI1NiIsInR5cCI6IkpXVCJ9.eyJ0b2tlbl90eXBlIjoicmVmcmVzaCIsImV4cCI6MTczMDc0NTI5MCwiaWF0IjoxNzMwNjU4ODkwLCJqdGkiOiI2Y2M3ZmZlYzUzN2Q0M2U2OGJhYmFhZmU4MmUxZGVkMyIsInVzZXJfaWQiOjF9.w50Cf5KDXTMuU4dWGVxWHVu2SYxv9Dr7RkQRZsEXKVw	2024-11-03 21:34:50.748762+03	2024-11-04 21:34:50+03	1	6cc7ffec537d43e68babaafe82e1ded3
385	eyJhbGciOiJIUzI1NiIsInR5cCI6IkpXVCJ9.eyJ0b2tlbl90eXBlIjoicmVmcmVzaCIsImV4cCI6MTczMDc0Njk1OSwiaWF0IjoxNzMwNjYwNTU5LCJqdGkiOiJiNTFkODU4ZjBiZmQ0YmIwYmVlNWM5MzBiOGQzMmI4MiIsInVzZXJfaWQiOjF9.3_rnhGzjHNHEfl0PKJJUq0o2yovhtYPlYdtDkuqsj8E	2024-11-03 22:02:39.85216+03	2024-11-04 22:02:39+03	1	b51d858f0bfd4bb0bee5c930b8d32b82
386	eyJhbGciOiJIUzI1NiIsInR5cCI6IkpXVCJ9.eyJ0b2tlbl90eXBlIjoicmVmcmVzaCIsImV4cCI6MTczMDgzMTMxMCwiaWF0IjoxNzMwNzQ0OTEwLCJqdGkiOiIyNzBlZDZmZGJhZjc0MGRjOWNkYWIyYjI0YjgzODVjYiIsInVzZXJfaWQiOjF9.aXS6fKzl0qCMGiu3DyjF-6DvyU_3b_tLGXD0xe1etrE	2024-11-04 21:28:30.957867+03	2024-11-05 21:28:30+03	1	270ed6fdbaf740dc9cdab2b24b8385cb
387	eyJhbGciOiJIUzI1NiIsInR5cCI6IkpXVCJ9.eyJ0b2tlbl90eXBlIjoicmVmcmVzaCIsImV4cCI6MTczMDg5ODQ1MywiaWF0IjoxNzMwODEyMDUzLCJqdGkiOiJiM2M4YzhkODM2ZWI0YWI4YjkzNzc3OTM5MjY2MGI1NSIsInVzZXJfaWQiOjF9.AJz3jdnRVNkZvo0h6b6xKfr0lOMiQDu9zOuxU1OB7zs	2024-11-05 16:07:33.293775+03	2024-11-06 16:07:33+03	1	b3c8c8d836eb4ab8b937779392660b55
388	eyJhbGciOiJIUzI1NiIsInR5cCI6IkpXVCJ9.eyJ0b2tlbl90eXBlIjoicmVmcmVzaCIsImV4cCI6MTczMDg5ODU3MiwiaWF0IjoxNzMwODEyMTcyLCJqdGkiOiIyMWRkZGRmODAwZWM0NDEzOTVmOTNiNDI1ZjY2NzA1NCIsInVzZXJfaWQiOjF9.LKvPn-5haAYR3-ELGLzxiIO_muk2sJp8-xUmsDeyVa4	2024-11-05 16:09:32.329491+03	2024-11-06 16:09:32+03	1	21ddddf800ec441395f93b425f667054
389	eyJhbGciOiJIUzI1NiIsInR5cCI6IkpXVCJ9.eyJ0b2tlbl90eXBlIjoicmVmcmVzaCIsImV4cCI6MTczMDkwMzE2MCwiaWF0IjoxNzMwODE2NzYwLCJqdGkiOiJiYzVjM2QxM2IwMTg0YjFlYjAwMWExOGYzN2FmM2JjMSIsInVzZXJfaWQiOjR9.QySNhXIGPN9XjsaQaqsPswBTnTdh9bgG0E4Lonk60Qs	2024-11-05 17:26:00.00791+03	2024-11-06 17:26:00+03	4	bc5c3d13b0184b1eb001a18f37af3bc1
390	eyJhbGciOiJIUzI1NiIsInR5cCI6IkpXVCJ9.eyJ0b2tlbl90eXBlIjoicmVmcmVzaCIsImV4cCI6MTczMDkwMzIxMiwiaWF0IjoxNzMwODE2ODEyLCJqdGkiOiIwOWI2Y2QyYTU0Nzg0OGJhODM3Y2ZmNDZlMTA3NzhiNCIsInVzZXJfaWQiOjR9.SHNmjFkuVJGqxJ_avpNp16-ynTcDyAlhwd3JXVOHRro	2024-11-05 17:26:52.914444+03	2024-11-06 17:26:52+03	4	09b6cd2a547848ba837cff46e10778b4
391	eyJhbGciOiJIUzI1NiIsInR5cCI6IkpXVCJ9.eyJ0b2tlbl90eXBlIjoicmVmcmVzaCIsImV4cCI6MTczMDkwNjQzNiwiaWF0IjoxNzMwODIwMDM2LCJqdGkiOiJmMWE5ZjUyYTExNDc0NDRiYmZiZDVlNTkzNGJkZWQ4MSIsInVzZXJfaWQiOjF9.1DAZqiFoGSEfPt6aqy_SnT93mH-hcXR3xmdE7G_dnMQ	2024-11-05 18:20:36.581648+03	2024-11-06 18:20:36+03	1	f1a9f52a1147444bbfbd5e5934bded81
392	eyJhbGciOiJIUzI1NiIsInR5cCI6IkpXVCJ9.eyJ0b2tlbl90eXBlIjoicmVmcmVzaCIsImV4cCI6MTczMDkwNzM3NSwiaWF0IjoxNzMwODIwOTc1LCJqdGkiOiIwMTNjMDU4YjVhN2U0NzE1YmM3ZjNkNDIwZTUyZDEyYSIsInVzZXJfaWQiOjF9.BhjesFJDb6hVsFJbc8QLnxpBL7EwWG5lOKnpkIrsFJI	2024-11-05 18:36:15.977491+03	2024-11-06 18:36:15+03	1	013c058b5a7e4715bc7f3d420e52d12a
393	eyJhbGciOiJIUzI1NiIsInR5cCI6IkpXVCJ9.eyJ0b2tlbl90eXBlIjoicmVmcmVzaCIsImV4cCI6MTczMDkxNjgyNCwiaWF0IjoxNzMwODMwNDI0LCJqdGkiOiIyZGU5Nzg1OTM1ODQ0MmJhYmYyMDYwYjk0YjEzMTg5NSIsInVzZXJfaWQiOjF9.ssL63dnZEmYV5cjRFHwu0IFdPRh82eMYbSdNEH0HC9A	2024-11-05 21:13:44.310339+03	2024-11-06 21:13:44+03	1	2de97859358442babf2060b94b131895
394	eyJhbGciOiJIUzI1NiIsInR5cCI6IkpXVCJ9.eyJ0b2tlbl90eXBlIjoicmVmcmVzaCIsImV4cCI6MTczMDkyMDU4NiwiaWF0IjoxNzMwODM0MTg2LCJqdGkiOiJlN2Y5MzBkZTkxOWQ0NzIxOGRkMWU0OWVkZWMzNTI2OSIsInVzZXJfaWQiOjF9.HmuHQ2Wbn0YBTg6-5xfInef3lBVtxGe3dnftdfhgGHU	2024-11-05 22:16:26.578459+03	2024-11-06 22:16:26+03	1	e7f930de919d47218dd1e49edec35269
395	eyJhbGciOiJIUzI1NiIsInR5cCI6IkpXVCJ9.eyJ0b2tlbl90eXBlIjoicmVmcmVzaCIsImV4cCI6MTczMDk3NTE3MywiaWF0IjoxNzMwODg4NzczLCJqdGkiOiI0NjhlNzI2MmVhZTA0NzQ4YjRlMDM5OTY1NjU3ZmNmNyIsInVzZXJfaWQiOjF9.5yYvJrn1LIf0jaw4kGu5wekkiMaMlzvRUX4jQIKATlg	2024-11-06 13:26:13.284744+03	2024-11-07 13:26:13+03	1	468e7262eae04748b4e039965657fcf7
396	eyJhbGciOiJIUzI1NiIsInR5cCI6IkpXVCJ9.eyJ0b2tlbl90eXBlIjoicmVmcmVzaCIsImV4cCI6MTczMDk3NjU1MSwiaWF0IjoxNzMwODkwMTUxLCJqdGkiOiIzZDE0ZDI2MWIzYzI0MzI0YTJmOWJjM2UxMjEwNDE2YSIsInVzZXJfaWQiOjF9.AGhW3nVcG2cmFPlFW3n3C3kadkGMiC6C6k6xLbO-oyg	2024-11-06 13:49:11.817926+03	2024-11-07 13:49:11+03	1	3d14d261b3c24324a2f9bc3e1210416a
397	eyJhbGciOiJIUzI1NiIsInR5cCI6IkpXVCJ9.eyJ0b2tlbl90eXBlIjoicmVmcmVzaCIsImV4cCI6MTczMDk3NzA5NCwiaWF0IjoxNzMwODkwNjk0LCJqdGkiOiI4YWM4NTk3NmMyNTY0Y2ZmOTM2ZWYwOGVjYjNiMjhmNSIsInVzZXJfaWQiOjF9.xygm29KEnUr5s4nirEXEnVFOFCwofq3pzxqpRKnUk8o	2024-11-06 13:58:14.321295+03	2024-11-07 13:58:14+03	1	8ac85976c2564cff936ef08ecb3b28f5
398	eyJhbGciOiJIUzI1NiIsInR5cCI6IkpXVCJ9.eyJ0b2tlbl90eXBlIjoicmVmcmVzaCIsImV4cCI6MTczMDk3NzY1NSwiaWF0IjoxNzMwODkxMjU1LCJqdGkiOiJmY2ExMzE2MzkwYjI0MjFlYjFmM2MwZTY4Zjg4ZTQwYiIsInVzZXJfaWQiOjF9.vDS_9rA1u5bE7EHpMUMdNArH0alubo7d32dKmbbf_wY	2024-11-06 14:07:35.506313+03	2024-11-07 14:07:35+03	1	fca1316390b2421eb1f3c0e68f88e40b
399	eyJhbGciOiJIUzI1NiIsInR5cCI6IkpXVCJ9.eyJ0b2tlbl90eXBlIjoicmVmcmVzaCIsImV4cCI6MTczMDk3Nzg0MCwiaWF0IjoxNzMwODkxNDQwLCJqdGkiOiJlYzFkNjQwMTkwMzY0NGIzYjFkZmM0NzkzZDViN2M5MyIsInVzZXJfaWQiOjF9.ttf_vpo_hw9jno1yYC7TOzNQAfwwK8ShdWIbcaQ1TLY	2024-11-06 14:10:40.698047+03	2024-11-07 14:10:40+03	1	ec1d6401903644b3b1dfc4793d5b7c93
400	eyJhbGciOiJIUzI1NiIsInR5cCI6IkpXVCJ9.eyJ0b2tlbl90eXBlIjoicmVmcmVzaCIsImV4cCI6MTczMDk4MTgzMSwiaWF0IjoxNzMwODk1NDMxLCJqdGkiOiI3MmVjZTE1Y2I4ZTk0NGU3YWQ3MmRhOTg4ZjU1OTI0ZSIsInVzZXJfaWQiOjF9.oaAl_o88-UjHd0fJg7BTC7YFOYl-MwN81MgZf18Buj0	2024-11-06 15:17:11.703472+03	2024-11-07 15:17:11+03	1	72ece15cb8e944e7ad72da988f55924e
401	eyJhbGciOiJIUzI1NiIsInR5cCI6IkpXVCJ9.eyJ0b2tlbl90eXBlIjoicmVmcmVzaCIsImV4cCI6MTczMDk4NzQyNSwiaWF0IjoxNzMwOTAxMDI1LCJqdGkiOiJmZWY4ZjQxZTkyZDI0NmYwYjQxZjNmNWY5NThiNDc5NCIsInVzZXJfaWQiOjF9.hs1PMxsc9dJJ4UT1BzwTTq6LMvjuy1Xjh75irRFRjiQ	2024-11-06 16:50:25.164123+03	2024-11-07 16:50:25+03	1	fef8f41e92d246f0b41f3f5f958b4794
402	eyJhbGciOiJIUzI1NiIsInR5cCI6IkpXVCJ9.eyJ0b2tlbl90eXBlIjoicmVmcmVzaCIsImV4cCI6MTczMDk4NzczMywiaWF0IjoxNzMwOTAxMzMzLCJqdGkiOiJkNGVkMTJhYWJmOWU0OWI0OTM5NGE4Y2MyYjcyMTU3MSIsInVzZXJfaWQiOjF9.xwRvBAKU07rBcyDtTpYmIzt5jJZmpUsnndWqKhfZ74U	2024-11-06 16:55:33.993725+03	2024-11-07 16:55:33+03	1	d4ed12aabf9e49b49394a8cc2b721571
403	eyJhbGciOiJIUzI1NiIsInR5cCI6IkpXVCJ9.eyJ0b2tlbl90eXBlIjoicmVmcmVzaCIsImV4cCI6MTczMDk5MDgxOCwiaWF0IjoxNzMwOTA0NDE4LCJqdGkiOiI1OGY5NzQwY2E4ZTc0MDA4YTg4MjJiN2UyMmRkM2NjOSIsInVzZXJfaWQiOjF9.LKbWfFxRQxTgupRMpEy3cqtKbj_bBn30KluGUzQst_0	2024-11-06 17:46:58.514167+03	2024-11-07 17:46:58+03	1	58f9740ca8e74008a8822b7e22dd3cc9
404	eyJhbGciOiJIUzI1NiIsInR5cCI6IkpXVCJ9.eyJ0b2tlbl90eXBlIjoicmVmcmVzaCIsImV4cCI6MTczMTAwMTM5NSwiaWF0IjoxNzMwOTE0OTk1LCJqdGkiOiJjNjVjNjNiYjFiNjE0Mjg3YmQ2ZjZjZWQ3NGJhZGJjMSIsInVzZXJfaWQiOjF9.b6V_yvtPWN8ThsrgT1FbAdy09CUf6kLhFPnRxNoWPVs	2024-11-06 20:43:15.202441+03	2024-11-07 20:43:15+03	1	c65c63bb1b614287bd6f6ced74badbc1
405	eyJhbGciOiJIUzI1NiIsInR5cCI6IkpXVCJ9.eyJ0b2tlbl90eXBlIjoicmVmcmVzaCIsImV4cCI6MTczMTAwMjI1MiwiaWF0IjoxNzMwOTE1ODUyLCJqdGkiOiI4YjdiNTUwNDFjYTY0NzE2OWNiYTVkYzIwMTZlOGM5NiIsInVzZXJfaWQiOjF9.LJ6-mDmzOWofDzaR_YcBTrI9dc2FHfRsezwRMD7Mw_c	2024-11-06 20:57:32.530727+03	2024-11-07 20:57:32+03	1	8b7b55041ca647169cba5dc2016e8c96
408	eyJhbGciOiJIUzI1NiIsInR5cCI6IkpXVCJ9.eyJ0b2tlbl90eXBlIjoicmVmcmVzaCIsImV4cCI6MTczMTA2MjAwNCwiaWF0IjoxNzMwOTc1NjA0LCJqdGkiOiI0NDFkMzMyMjM0Y2Q0OTczOTkwN2I3NGM5MzIzZWM5MSIsInVzZXJfaWQiOjF9.Uo5d_8YAYVXPOig-c4L8J5r3muJ8SRxi4tqFZU6XbLI	2024-11-07 13:33:24.287938+03	2024-11-08 13:33:24+03	1	441d332234cd49739907b74c9323ec91
410	eyJhbGciOiJIUzI1NiIsInR5cCI6IkpXVCJ9.eyJ0b2tlbl90eXBlIjoicmVmcmVzaCIsImV4cCI6MTczMTA4NjExNCwiaWF0IjoxNzMwOTk5NzE0LCJqdGkiOiJkZWFiZGM3ZmJiYjY0MGQ4OGE5YmRhMTI4MjllN2NkOSIsInVzZXJfaWQiOjF9.rL2r1HnPSP4pfFXlHmmkRT0J3pmxl8Z5EF4dbtYhm5M	2024-11-07 20:15:14.925036+03	2024-11-08 20:15:14+03	1	deabdc7fbbb640d88a9bda12829e7cd9
406	eyJhbGciOiJIUzI1NiIsInR5cCI6IkpXVCJ9.eyJ0b2tlbl90eXBlIjoicmVmcmVzaCIsImV4cCI6MTczMTAwNzc5NSwiaWF0IjoxNzMwOTIxMzk1LCJqdGkiOiI1ZDA0MjNlZDRkNjE0OTQzYTVmN2JkYmEwNjY2ZDYxNCIsInVzZXJfaWQiOjE1fQ.J6cTu8GZDUDoJHEDpRgn0r5UVMFkZjFHILE__4q6ckM	2024-11-06 22:29:55.642918+03	2024-11-07 22:29:55+03	\N	5d0423ed4d614943a5f7bdba0666d614
407	eyJhbGciOiJIUzI1NiIsInR5cCI6IkpXVCJ9.eyJ0b2tlbl90eXBlIjoicmVmcmVzaCIsImV4cCI6MTczMTAwOTg2MiwiaWF0IjoxNzMwOTIzNDYyLCJqdGkiOiIyYzYxZWQwYjllMzk0YzNkYjkyYjMzNmQ1YWY3NDI3ZCIsInVzZXJfaWQiOjE1fQ._fbSdV3srS4DL0v6T3-fHixPeT2mdvb6Ap16xd9DyYM	2024-11-06 23:04:22.207761+03	2024-11-07 23:04:22+03	\N	2c61ed0b9e394c3db92b336d5af7427d
409	eyJhbGciOiJIUzI1NiIsInR5cCI6IkpXVCJ9.eyJ0b2tlbl90eXBlIjoicmVmcmVzaCIsImV4cCI6MTczMTA2MjAyNSwiaWF0IjoxNzMwOTc1NjI1LCJqdGkiOiI1MzcyZWM5Y2I4OWI0YTM2OTY3N2MzODYyODgxMzcyYSIsInVzZXJfaWQiOjE1fQ.idsrWRmXLGvh4dPB3Ve6nmm5behOo3FnSom1QPw_ASU	2024-11-07 13:33:45.543271+03	2024-11-08 13:33:45+03	\N	5372ec9cb89b4a369677c3862881372a
29	eyJhbGciOiJIUzI1NiIsInR5cCI6IkpXVCJ9.eyJ0b2tlbl90eXBlIjoicmVmcmVzaCIsImV4cCI6MTcyNjYwNTcxNywiaWF0IjoxNzI2NTE5MzE3LCJqdGkiOiIyOGY3ZTQ0ZmUyZGU0MTJlOTNlMmUxODdmOGM5MWE4OCIsInVzZXJfaWQiOjd9.tDflNod4CcHvCPlNYFXJZSFUWeWIjUNZOZ3ho9exTkg	2024-09-16 23:41:57.290696+03	2024-09-17 23:41:57+03	\N	28f7e44fe2de412e93e2e187f8c91a88
57	eyJhbGciOiJIUzI1NiIsInR5cCI6IkpXVCJ9.eyJ0b2tlbl90eXBlIjoicmVmcmVzaCIsImV4cCI6MTcyNjk4NDg0OSwiaWF0IjoxNzI2ODk4NDQ5LCJqdGkiOiI3ZTY1NzUyODIyMWM0ODc3ODc0OTMwNzkwMmJlYzliYyIsInVzZXJfaWQiOjd9.79lE3v9Xat9ys4bkRDp8zEKKINzdoRkzOTqvE7C0Hhc	2024-09-21 09:00:49.885314+03	2024-09-22 09:00:49+03	\N	7e657528221c48778749307902bec9bc
66	eyJhbGciOiJIUzI1NiIsInR5cCI6IkpXVCJ9.eyJ0b2tlbl90eXBlIjoicmVmcmVzaCIsImV4cCI6MTcyNjk4Nzg2NSwiaWF0IjoxNzI2OTAxNDY1LCJqdGkiOiJlZmQzNzhiZjJjNjE0MTk5YTRkNGMwZWNiNzZmMDFhNiIsInVzZXJfaWQiOjd9.n32cTFwdNnvJGFnmNPw2cZf7HSYNdCbQTxbUyahY76w	2024-09-21 09:51:05.617767+03	2024-09-22 09:51:05+03	\N	efd378bf2c614199a4d4c0ecb76f01a6
13	eyJhbGciOiJIUzI1NiIsInR5cCI6IkpXVCJ9.eyJ0b2tlbl90eXBlIjoicmVmcmVzaCIsImV4cCI6MTcyNjYwMDUxMSwiaWF0IjoxNzI2NTE0MTExLCJqdGkiOiJlYWM0ZDQwZTVmNDE0OTc2YjQ2MjUwYzQ3YjIzNjFjNiIsInVzZXJfaWQiOjV9.qTkYR0s-JtB-ZkFlrmE6HD30mVSkRYB5NYIdLfyXDFU	2024-09-16 22:15:11.681318+03	2024-09-17 22:15:11+03	\N	eac4d40e5f414976b46250c47b2361c6
16	eyJhbGciOiJIUzI1NiIsInR5cCI6IkpXVCJ9.eyJ0b2tlbl90eXBlIjoicmVmcmVzaCIsImV4cCI6MTcyNjYwMTQ1NiwiaWF0IjoxNzI2NTE1MDU2LCJqdGkiOiI3NjRiMjE5OTA5NTI0MWI2OGU2ODA5NTU4ZDQwNDMwMiIsInVzZXJfaWQiOjV9.zffmIClnUop7FiyOXNWNQ3QK6hG3xQ22KTBna2BAym4	2024-09-16 22:30:56.860913+03	2024-09-17 22:30:56+03	\N	764b2199095241b68e6809558d404302
21	eyJhbGciOiJIUzI1NiIsInR5cCI6IkpXVCJ9.eyJ0b2tlbl90eXBlIjoicmVmcmVzaCIsImV4cCI6MTcyNjYwMzQ0MiwiaWF0IjoxNzI2NTE3MDQyLCJqdGkiOiJlYmNlMjFlY2ZhZTI0NDRjODI2OWUzYTU0MmE5Y2E1ZSIsInVzZXJfaWQiOjV9.Z2vAazUONIS7JEJ0YN4TESwlX_rJBRrJOmgtJyPsQSY	2024-09-16 23:04:02.962925+03	2024-09-17 23:04:02+03	\N	ebce21ecfae2444c8269e3a542a9ca5e
31	eyJhbGciOiJIUzI1NiIsInR5cCI6IkpXVCJ9.eyJ0b2tlbl90eXBlIjoicmVmcmVzaCIsImV4cCI6MTcyNjYwNTg5MywiaWF0IjoxNzI2NTE5NDkzLCJqdGkiOiI2ZmY4ZmMyNGQ2YTM0OGJhODRlZTVhMTBkNDUxMTQzYyIsInVzZXJfaWQiOjV9._s3f9xQS1mxNNyXSF9-QUcuyu_KIDU8q11MKCNwnVNk	2024-09-16 23:44:53.264359+03	2024-09-17 23:44:53+03	\N	6ff8fc24d6a348ba84ee5a10d451143c
411	eyJhbGciOiJIUzI1NiIsInR5cCI6IkpXVCJ9.eyJ0b2tlbl90eXBlIjoicmVmcmVzaCIsImV4cCI6MTczMTA5MzkyOSwiaWF0IjoxNzMxMDA3NTI5LCJqdGkiOiI4MzY4YjliNTBjOTI0Yzk5OWZkNTExODkyY2EzMzFiMCIsInVzZXJfaWQiOjF9.4J503K01scfGgu_xpCyjB2uwCJDhnlkrNMYDENGBtSA	2024-11-07 22:25:29.854627+03	2024-11-08 22:25:29+03	1	8368b9b50c924c999fd511892ca331b0
412	eyJhbGciOiJIUzI1NiIsInR5cCI6IkpXVCJ9.eyJ0b2tlbl90eXBlIjoicmVmcmVzaCIsImV4cCI6MTczMTE0MTM0OSwiaWF0IjoxNzMxMDU0OTQ5LCJqdGkiOiJhMjU4ZDgwYTE5YTU0MzNkOTg4ZGVjNGU1ZDE4YWU5MCIsInVzZXJfaWQiOjF9.NksiPQs8eKg_-s-VNAGU6GDG6wB66jyPKpUVnGndIlg	2024-11-08 11:35:49.823854+03	2024-11-09 11:35:49+03	1	a258d80a19a5433d988dec4e5d18ae90
414	eyJhbGciOiJIUzI1NiIsInR5cCI6IkpXVCJ9.eyJ0b2tlbl90eXBlIjoicmVmcmVzaCIsImV4cCI6MTczMTE0MjAyNywiaWF0IjoxNzMxMDU1NjI3LCJqdGkiOiJiMjg4MDE3ZTczMTY0N2QyOGI3Mjg4ZmJkODQ1YWJiYiIsInVzZXJfaWQiOjF9.OLEjIu5dkxv5Dfmp4-wXPJk9tekyEg0M132gl0DCi9E	2024-11-08 11:47:07.079106+03	2024-11-09 11:47:07+03	1	b288017e731647d28b7288fbd845abbb
416	eyJhbGciOiJIUzI1NiIsInR5cCI6IkpXVCJ9.eyJ0b2tlbl90eXBlIjoicmVmcmVzaCIsImV4cCI6MTczMTE0MzE1MiwiaWF0IjoxNzMxMDU2NzUyLCJqdGkiOiIyYjFjYmE2ZmExMDk0OTA2OTA0Y2ZkMzhiYTZjYjQ3ZiIsInVzZXJfaWQiOjF9.0sgUqMM59Gy_Aaxen_XF16FW2f4XeUPI9oTHM9DU5Zg	2024-11-08 12:05:52.857935+03	2024-11-09 12:05:52+03	1	2b1cba6fa1094906904cfd38ba6cb47f
417	eyJhbGciOiJIUzI1NiIsInR5cCI6IkpXVCJ9.eyJ0b2tlbl90eXBlIjoicmVmcmVzaCIsImV4cCI6MTczMTE3NzA2NSwiaWF0IjoxNzMxMDkwNjY1LCJqdGkiOiJhNjU1ZDM0MTA4YzU0NWRiYjNmOThhNjg4NDM3ODFkMCIsInVzZXJfaWQiOjF9.tOgxrubRbfclrSz6CYjwlH5GVlhwrv4QcW73wWZddwg	2024-11-08 21:31:05.587453+03	2024-11-09 21:31:05+03	1	a655d34108c545dbb3f98a68843781d0
419	eyJhbGciOiJIUzI1NiIsInR5cCI6IkpXVCJ9.eyJ0b2tlbl90eXBlIjoicmVmcmVzaCIsImV4cCI6MTczMTI1NzQ3NCwiaWF0IjoxNzMxMTcxMDc0LCJqdGkiOiIzODM0YTk5MmJiZTI0ZWVlOTYzZmY0ZGNhODhhYTY4ZCIsInVzZXJfaWQiOjF9.qg8hTwieDuo7aTyzcev250o5FdWnLprPakxXL2Qosu0	2024-11-09 19:51:14.050063+03	2024-11-10 19:51:14+03	1	3834a992bbe24eee963ff4dca88aa68d
422	eyJhbGciOiJIUzI1NiIsInR5cCI6IkpXVCJ9.eyJ0b2tlbl90eXBlIjoicmVmcmVzaCIsImV4cCI6MTczMTI2NTc2OCwiaWF0IjoxNzMxMTc5MzY4LCJqdGkiOiJkMTkzOWVkZDI0Mzc0YjRlOWMyMjkxNzdkNzYxZWYzZCIsInVzZXJfaWQiOjF9.MCxoSceV0MmoYKmCAh8gU7oEdgRuZzBQvaJTWfk8hrI	2024-11-09 22:09:28.662284+03	2024-11-10 22:09:28+03	1	d1939edd24374b4e9c229177d761ef3d
423	eyJhbGciOiJIUzI1NiIsInR5cCI6IkpXVCJ9.eyJ0b2tlbl90eXBlIjoicmVmcmVzaCIsImV4cCI6MTczMTMzMTAyNywiaWF0IjoxNzMxMjQ0NjI3LCJqdGkiOiI5YTRlY2Q2YWQ1NWU0ZjI0OTM4OTAwNmY1ZDhjODk4NSIsInVzZXJfaWQiOjF9.w4r0WG_p9j4AeJiusWAyX42BOSfW2H1tdmUj0SHMr-I	2024-11-10 16:17:07.723249+03	2024-11-11 16:17:07+03	1	9a4ecd6ad55e4f249389006f5d8c8985
424	eyJhbGciOiJIUzI1NiIsInR5cCI6IkpXVCJ9.eyJ0b2tlbl90eXBlIjoicmVmcmVzaCIsImV4cCI6MTczMTM0MzM2NCwiaWF0IjoxNzMxMjU2OTY0LCJqdGkiOiIxMDJkN2I4NzllNzU0Y2VkYjRmMTQ0MGRhZjQ1NWEyNyIsInVzZXJfaWQiOjF9.AHFbbNjtBQghgpMHul_sKPEBspzaefcCeoJ5I75580k	2024-11-10 19:42:44.866885+03	2024-11-11 19:42:44+03	1	102d7b879e754cedb4f1440daf455a27
425	eyJhbGciOiJIUzI1NiIsInR5cCI6IkpXVCJ9.eyJ0b2tlbl90eXBlIjoicmVmcmVzaCIsImV4cCI6MTczMTM0ODQ4OSwiaWF0IjoxNzMxMjYyMDg5LCJqdGkiOiIxMDZkNTVkYmM2YWQ0YmRjYmJiYjAxNDE1ZmRhMGNhYSIsInVzZXJfaWQiOjF9.ohE254dx8eSpv7iXvMG-iYa-OM_o_eOHob3Y0l_b1cU	2024-11-10 21:08:09.061891+03	2024-11-11 21:08:09+03	1	106d55dbc6ad4bdcbbbb01415fda0caa
427	eyJhbGciOiJIUzI1NiIsInR5cCI6IkpXVCJ9.eyJ0b2tlbl90eXBlIjoicmVmcmVzaCIsImV4cCI6MTczMTQ0Mzk2NiwiaWF0IjoxNzMxMzU3NTY2LCJqdGkiOiJmMjgyZDA1YjA0NTk0NDdjYjU2NWYwNjc5ZTM1NTQ4MyIsInVzZXJfaWQiOjF9.IoizudzMKPa3KnXVi2m9J_Hcw2d8vgsG6j5sZTJ_o1c	2024-11-11 23:39:26.041152+03	2024-11-12 23:39:26+03	1	f282d05b0459447cb565f0679e355483
428	eyJhbGciOiJIUzI1NiIsInR5cCI6IkpXVCJ9.eyJ0b2tlbl90eXBlIjoicmVmcmVzaCIsImV4cCI6MTczMTUwNjUzMiwiaWF0IjoxNzMxNDIwMTMyLCJqdGkiOiIwY2NmNmM0OGExNGE0ZmNmOGNkZTZmNDUwZmZlNTFlOSIsInVzZXJfaWQiOjF9.V0va3BYIKcxjlyONN8a6UlrsZgKJCz8hwic0ktSytpk	2024-11-12 17:02:12.788222+03	2024-11-13 17:02:12+03	1	0ccf6c48a14a4fcf8cde6f450ffe51e9
429	eyJhbGciOiJIUzI1NiIsInR5cCI6IkpXVCJ9.eyJ0b2tlbl90eXBlIjoicmVmcmVzaCIsImV4cCI6MTczMTUxOTg3MiwiaWF0IjoxNzMxNDMzNDcyLCJqdGkiOiIxZGJhYmI1NzIyNWQ0YTExYmVjNjVjNTRhNjZhYWE1ZSIsInVzZXJfaWQiOjF9.rsj_r9RpKldrnY4JnYa1yr9qs3EWjtndXwvuOMVzcwQ	2024-11-12 20:44:32.238258+03	2024-11-13 20:44:32+03	1	1dbabb57225d4a11bec65c54a66aaa5e
430	eyJhbGciOiJIUzI1NiIsInR5cCI6IkpXVCJ9.eyJ0b2tlbl90eXBlIjoicmVmcmVzaCIsImV4cCI6MTczMTUyNTY5MiwiaWF0IjoxNzMxNDM5MjkyLCJqdGkiOiIzODgzNTEwMjE3ZWY0MzdhYTBlYTBmOGRiNmUwYzc0ZCIsInVzZXJfaWQiOjF9.XN3bNXleliAl-y0GLlQWKSQ87kXdnSDHgVUClbls8cM	2024-11-12 22:21:32.005727+03	2024-11-13 22:21:32+03	1	3883510217ef437aa0ea0f8db6e0c74d
431	eyJhbGciOiJIUzI1NiIsInR5cCI6IkpXVCJ9.eyJ0b2tlbl90eXBlIjoicmVmcmVzaCIsImV4cCI6MTczMTUyODQzMSwiaWF0IjoxNzMxNDQyMDMxLCJqdGkiOiJiY2RiYmJhMjdlZmM0MDFjYjI1MzcwYTQzYzhjNWI0ZSIsInVzZXJfaWQiOjF9.nsqIfPNG95TR63e4rwRZHL2xjGFKjEGzgjA8-hK2zi0	2024-11-12 23:07:11.549387+03	2024-11-13 23:07:11+03	1	bcdbbba27efc401cb25370a43c8c5b4e
432	eyJhbGciOiJIUzI1NiIsInR5cCI6IkpXVCJ9.eyJ0b2tlbl90eXBlIjoicmVmcmVzaCIsImV4cCI6MTczMTUyOTQzOCwiaWF0IjoxNzMxNDQzMDM4LCJqdGkiOiI0ZWE4ZjQ4ODBmZjA0NWRiODJjNTYwY2JiMDQ4ZTljOCIsInVzZXJfaWQiOjF9.cuKfP0vBXsCSfVJdfNcEIlaRxlYA7KTfjWR-aoitlmA	2024-11-12 23:23:58.600896+03	2024-11-13 23:23:58+03	1	4ea8f4880ff045db82c560cbb048e9c8
433	eyJhbGciOiJIUzI1NiIsInR5cCI6IkpXVCJ9.eyJ0b2tlbl90eXBlIjoicmVmcmVzaCIsImV4cCI6MTczMTUyOTcxNywiaWF0IjoxNzMxNDQzMzE3LCJqdGkiOiI0MmQwMWM5ODYyNzI0MTdkYmViMDFmMTQ5OTc1ZGViOSIsInVzZXJfaWQiOjF9.J7NOCUAe0RfCVYyEQCJKoizBA5DbESxHGki1UOaYoxA	2024-11-12 23:28:37.959391+03	2024-11-13 23:28:37+03	1	42d01c986272417dbeb01f149975deb9
434	eyJhbGciOiJIUzI1NiIsInR5cCI6IkpXVCJ9.eyJ0b2tlbl90eXBlIjoicmVmcmVzaCIsImV4cCI6MTczMTU4NzY4MSwiaWF0IjoxNzMxNTAxMjgxLCJqdGkiOiJmYWJlM2NmNGZhMTE0Y2U2OGNjZTAyMTAzMWUwODc1NSIsInVzZXJfaWQiOjF9.Oc4uSdZ3pITzZNDdNDpZnlyJkAHVbkF0zIzAsAJFp70	2024-11-13 15:34:41.821029+03	2024-11-14 15:34:41+03	1	fabe3cf4fa114ce68cce021031e08755
435	eyJhbGciOiJIUzI1NiIsInR5cCI6IkpXVCJ9.eyJ0b2tlbl90eXBlIjoicmVmcmVzaCIsImV4cCI6MTczMTU4ODMwMCwiaWF0IjoxNzMxNTAxOTAwLCJqdGkiOiJkYjkxNmZjNTU0M2M0Y2RjYmEzYjBmMzFlYzVmMTEyZSIsInVzZXJfaWQiOjF9.iN4HzPd2TUON03bY9zQc-HRHdvfvWKQY8u6Z_7tUEPI	2024-11-13 15:45:00.820437+03	2024-11-14 15:45:00+03	1	db916fc5543c4cdcba3b0f31ec5f112e
436	eyJhbGciOiJIUzI1NiIsInR5cCI6IkpXVCJ9.eyJ0b2tlbl90eXBlIjoicmVmcmVzaCIsImV4cCI6MTczMTU5MDQzMCwiaWF0IjoxNzMxNTA0MDMwLCJqdGkiOiIyNWNjMTQyZjg5ZDk0YzM4OTIyYmJmN2YyM2ZmYzk0OSIsInVzZXJfaWQiOjF9.sDEC_FrjR6aykM7kXxTMIreuM8YbbVGx2OOfSDxL2go	2024-11-13 16:20:30.575876+03	2024-11-14 16:20:30+03	1	25cc142f89d94c38922bbf7f23ffc949
437	eyJhbGciOiJIUzI1NiIsInR5cCI6IkpXVCJ9.eyJ0b2tlbl90eXBlIjoicmVmcmVzaCIsImV4cCI6MTczMTYwNjU5NiwiaWF0IjoxNzMxNTIwMTk2LCJqdGkiOiIyN2E0MDAxNTc2NzM0ZjVjYWY5NTFjYjc5OWU2ZDg3ZiIsInVzZXJfaWQiOjF9.8BHJJHMfsJ826_0X9iRhF_dOdFpt8KFgjiBnCaIObpQ	2024-11-13 20:49:56.157161+03	2024-11-14 20:49:56+03	1	27a4001576734f5caf951cb799e6d87f
438	eyJhbGciOiJIUzI1NiIsInR5cCI6IkpXVCJ9.eyJ0b2tlbl90eXBlIjoicmVmcmVzaCIsImV4cCI6MTczMTY4NzMxOSwiaWF0IjoxNzMxNjAwOTE5LCJqdGkiOiI4Y2VlN2FiOGM5OGU0ZjY3YmEyNzllNzdjNGQ0OWExZiIsInVzZXJfaWQiOjF9.SyqrMH3P0Nr8WQiwLP4L-EWVSf2u6YAhHPJtlJCEfbU	2024-11-14 19:15:19.300516+03	2024-11-15 19:15:19+03	1	8cee7ab8c98e4f67ba279e77c4d49a1f
439	eyJhbGciOiJIUzI1NiIsInR5cCI6IkpXVCJ9.eyJ0b2tlbl90eXBlIjoicmVmcmVzaCIsImV4cCI6MTczMTc2MTczNCwiaWF0IjoxNzMxNjc1MzM0LCJqdGkiOiIwOTE4MGUyYjU3MGE0M2RkYTYzZmY5YmQ2ODlkNjk4ZSIsInVzZXJfaWQiOjF9.W_kGboHQoti1U8AYXWYbCvF2Eky93h95lF4wc3hqNQk	2024-11-15 15:55:34.596568+03	2024-11-16 15:55:34+03	1	09180e2b570a43dda63ff9bd689d698e
440	eyJhbGciOiJIUzI1NiIsInR5cCI6IkpXVCJ9.eyJ0b2tlbl90eXBlIjoicmVmcmVzaCIsImV4cCI6MTczMTc5NDE4NSwiaWF0IjoxNzMxNzA3Nzg1LCJqdGkiOiIzZGZiNWMxMGJkNGY0N2I5ODJhNDIxYjY0ZjlhMTc5MiIsInVzZXJfaWQiOjF9.5OnRXNOHqElXnlHNP63cPV7Ldzrsxai98AMOyYnN6ZE	2024-11-16 00:56:25.830921+03	2024-11-17 00:56:25+03	1	3dfb5c10bd4f47b982a421b64f9a1792
442	eyJhbGciOiJIUzI1NiIsInR5cCI6IkpXVCJ9.eyJ0b2tlbl90eXBlIjoicmVmcmVzaCIsImV4cCI6MTczMTc5NjY4MywiaWF0IjoxNzMxNzEwMjgzLCJqdGkiOiJkZWM5NzdmYmYwNjA0ZmEyOWE0NjYyMmJhMjMwYjkxMyIsInVzZXJfaWQiOjF9.C4HWCZA5LLfa69x478mvvtVX0p5tW7iH16Ct8V9VF7A	2024-11-16 01:38:03.924798+03	2024-11-17 01:38:03+03	1	dec977fbf0604fa29a46622ba230b913
443	eyJhbGciOiJIUzI1NiIsInR5cCI6IkpXVCJ9.eyJ0b2tlbl90eXBlIjoicmVmcmVzaCIsImV4cCI6MTczMTk1MzM2MywiaWF0IjoxNzMxODY2OTYzLCJqdGkiOiIxOGQyYzFlZDk0OGM0NThkOWQ4ODliMzQ4YTRjZGYzOSIsInVzZXJfaWQiOjF9.ncGhDn28xCR-dpCx7J0cv_rOPmpCxIDeX2uq8YP107s	2024-11-17 21:09:23.069991+03	2024-11-18 21:09:23+03	1	18d2c1ed948c458d9d889b348a4cdf39
444	eyJhbGciOiJIUzI1NiIsInR5cCI6IkpXVCJ9.eyJ0b2tlbl90eXBlIjoicmVmcmVzaCIsImV4cCI6MTczMTk1MzUwMSwiaWF0IjoxNzMxODY3MTAxLCJqdGkiOiIwMjdiYTQ0MGI5MGU0MDI3OWY4OGRhZjA3OTQ2NWZiZiIsInVzZXJfaWQiOjF9.i4-cEQXW79LtEnBBGejaA5pSvvtlaDgEUTb_EkEpbnc	2024-11-17 21:11:41.181171+03	2024-11-18 21:11:41+03	1	027ba440b90e40279f88daf079465fbf
445	eyJhbGciOiJIUzI1NiIsInR5cCI6IkpXVCJ9.eyJ0b2tlbl90eXBlIjoicmVmcmVzaCIsImV4cCI6MTczMTk1NTI2MSwiaWF0IjoxNzMxODY4ODYxLCJqdGkiOiI4MGYzODQ1NDMyMmM0OTkxYjQ4M2VlYWNkZmFlZGEyNCIsInVzZXJfaWQiOjF9.6q_VWFVZZepp59FGJUsLXoc5vOAmGuOddNuqPerATIw	2024-11-17 21:41:01.297112+03	2024-11-18 21:41:01+03	1	80f38454322c4991b483eeacdfaeda24
446	eyJhbGciOiJIUzI1NiIsInR5cCI6IkpXVCJ9.eyJ0b2tlbl90eXBlIjoicmVmcmVzaCIsImV4cCI6MTczMjAzODcwNCwiaWF0IjoxNzMxOTUyMzA0LCJqdGkiOiJiMjRjMzk0ZmQyMmE0ZjkzODVmZTc3NjUzMjljMjRjMSIsInVzZXJfaWQiOjF9.hK6u0KDi6XM1zhMOiceS_-0yousrTuHMRxU07o9C9-U	2024-11-18 20:51:44.880583+03	2024-11-19 20:51:44+03	1	b24c394fd22a4f9385fe7765329c24c1
452	eyJhbGciOiJIUzI1NiIsInR5cCI6IkpXVCJ9.eyJ0b2tlbl90eXBlIjoicmVmcmVzaCIsImV4cCI6MTczMjA0MTAwMiwiaWF0IjoxNzMxOTU0NjAyLCJqdGkiOiIwOTUyZTAyZDMzODE0ZmY1OTNmZTc1ZmVjNjNmOTM4MyIsInVzZXJfaWQiOjF9.Bek60j8AGi-fnYIaC-WeHL14-DzBvMMKlL73vIiyblU	2024-11-18 21:30:02.469665+03	2024-11-19 21:30:02+03	1	0952e02d33814ff593fe75fec63f9383
453	eyJhbGciOiJIUzI1NiIsInR5cCI6IkpXVCJ9.eyJ0b2tlbl90eXBlIjoicmVmcmVzaCIsImV4cCI6MTczMjA0MTczOCwiaWF0IjoxNzMxOTU1MzM4LCJqdGkiOiJlN2FhZmNjMWE3YWE0OTBlODM0MjBmYTk5NWIzZTdhNSIsInVzZXJfaWQiOjF9.Pr2IXQPtkxqcBB3EW4xcSBBlC6AJEUVW2TzmbiqlxQs	2024-11-18 21:42:18.761829+03	2024-11-19 21:42:18+03	1	e7aafcc1a7aa490e83420fa995b3e7a5
454	eyJhbGciOiJIUzI1NiIsInR5cCI6IkpXVCJ9.eyJ0b2tlbl90eXBlIjoicmVmcmVzaCIsImV4cCI6MTczMjA0NzU5NSwiaWF0IjoxNzMxOTYxMTk1LCJqdGkiOiIzMjEwMDgxMTAxMzY0ODFjYmFjODRlNGRiYzQxMDhjZiIsInVzZXJfaWQiOjF9.2Q4UgnnkgOmz78ATDAFRRJmDZVuNvSTTWSxNzQ6Xkvw	2024-11-18 23:19:55.642505+03	2024-11-19 23:19:55+03	1	321008110136481cbac84e4dbc4108cf
455	eyJhbGciOiJIUzI1NiIsInR5cCI6IkpXVCJ9.eyJ0b2tlbl90eXBlIjoicmVmcmVzaCIsImV4cCI6MTczMjA0Nzg2MiwiaWF0IjoxNzMxOTYxNDYyLCJqdGkiOiIzMWJiOTc3NTczMTM0ZDdhYjEzOWI2YmU4OWEzOWJmOSIsInVzZXJfaWQiOjF9.usRb6rsYcXKQ12nmEN6fyot5lx8FDGU9NOJKtNgrwdY	2024-11-18 23:24:22.474847+03	2024-11-19 23:24:22+03	1	31bb977573134d7ab139b6be89a39bf9
456	eyJhbGciOiJIUzI1NiIsInR5cCI6IkpXVCJ9.eyJ0b2tlbl90eXBlIjoicmVmcmVzaCIsImV4cCI6MTczMjA0ODAwMCwiaWF0IjoxNzMxOTYxNjAwLCJqdGkiOiIyMjc4NzE5ZDEzOTM0ZDBlYjZjZWRiZDhiMDVjZGFmZiIsInVzZXJfaWQiOjF9.jHHaJrNMctBIAM7-Lq3duhWBWt3FHpSzR2NcTzrngTk	2024-11-18 23:26:40.41158+03	2024-11-19 23:26:40+03	1	2278719d13934d0eb6cedbd8b05cdaff
457	eyJhbGciOiJIUzI1NiIsInR5cCI6IkpXVCJ9.eyJ0b2tlbl90eXBlIjoicmVmcmVzaCIsImV4cCI6MTczMjA0ODAzNywiaWF0IjoxNzMxOTYxNjM3LCJqdGkiOiIxMDk3ZDg0MGQ5OTI0N2QwODIxZTVlMDU5NDc2YWI2OSIsInVzZXJfaWQiOjF9.zG8W0TDDuKbst6OBMbM3d30p0VcH14haJY_cdPw0Axk	2024-11-18 23:27:17.751222+03	2024-11-19 23:27:17+03	1	1097d840d99247d0821e5e059476ab69
458	eyJhbGciOiJIUzI1NiIsInR5cCI6IkpXVCJ9.eyJ0b2tlbl90eXBlIjoicmVmcmVzaCIsImV4cCI6MTczMjA0ODE1NCwiaWF0IjoxNzMxOTYxNzU0LCJqdGkiOiI5NTUyMjRiZjZjMDg0ZTE3YTE5ZDZjOTQwMDU4YzMyNSIsInVzZXJfaWQiOjF9.bwgCLb8ohO4oQuPBaM5PXZ7R1sTuJ2iYncBkJ6Qox9k	2024-11-18 23:29:14.353246+03	2024-11-19 23:29:14+03	1	955224bf6c084e17a19d6c940058c325
459	eyJhbGciOiJIUzI1NiIsInR5cCI6IkpXVCJ9.eyJ0b2tlbl90eXBlIjoicmVmcmVzaCIsImV4cCI6MTczMjA0ODQxNCwiaWF0IjoxNzMxOTYyMDE0LCJqdGkiOiI4YTU3NWVmMjUwNTY0ZjIyOTYyMmRmYjk2Y2ZiZGYzMSIsInVzZXJfaWQiOjF9.AZZ_NMirYuVvj0aaSXWvCngiBEQOgVDjcA3NZfyzL1U	2024-11-18 23:33:34.755356+03	2024-11-19 23:33:34+03	1	8a575ef250564f229622dfb96cfbdf31
460	eyJhbGciOiJIUzI1NiIsInR5cCI6IkpXVCJ9.eyJ0b2tlbl90eXBlIjoicmVmcmVzaCIsImV4cCI6MTczMjA0ODQ4MiwiaWF0IjoxNzMxOTYyMDgyLCJqdGkiOiJiODZjZDNmZGFmYjg0NzVlODU3OTgzNjUyZjE2MDZkNyIsInVzZXJfaWQiOjF9.k_vX7wRFS3xL1nHoXu9LKR_OexFn6ZHlQz23lmGnQ4o	2024-11-18 23:34:42.262848+03	2024-11-19 23:34:42+03	1	b86cd3fdafb8475e857983652f1606d7
461	eyJhbGciOiJIUzI1NiIsInR5cCI6IkpXVCJ9.eyJ0b2tlbl90eXBlIjoicmVmcmVzaCIsImV4cCI6MTczMjEyNjY3OCwiaWF0IjoxNzMyMDQwMjc4LCJqdGkiOiJlNWM4MjU4YTNlYmY0MTllODY1NTMxMTFhMzMyZjRjYyIsInVzZXJfaWQiOjF9.tQ5wpEn4ZunrgGoa2JZkYg54z8kFYEqPUuwddFWoPbU	2024-11-19 21:17:58.954719+03	2024-11-20 21:17:58+03	1	e5c8258a3ebf419e86553111a332f4cc
462	eyJhbGciOiJIUzI1NiIsInR5cCI6IkpXVCJ9.eyJ0b2tlbl90eXBlIjoicmVmcmVzaCIsImV4cCI6MTczMjEyNzE2MiwiaWF0IjoxNzMyMDQwNzYyLCJqdGkiOiJjYjk3YmM2NTg1NTY0ZDkwOTUwMGZiMDRkODAyNWIzZSIsInVzZXJfaWQiOjF9.dFY-a7-0eTRDjDorz7yIcpHU0afyZUawtK67sFUy2EY	2024-11-19 21:26:02.634586+03	2024-11-20 21:26:02+03	1	cb97bc6585564d909500fb04d8025b3e
470	eyJhbGciOiJIUzI1NiIsInR5cCI6IkpXVCJ9.eyJ0b2tlbl90eXBlIjoicmVmcmVzaCIsImV4cCI6MTczMjEzMDMxNiwiaWF0IjoxNzMyMDQzOTE2LCJqdGkiOiIxM2RjYjNlM2E2ODc0N2UzYmFhYjQ5NDlmMTRkMzhkYyIsInVzZXJfaWQiOjF9.nTtuzyadaz7BOZUMFu-L23XjQkiFKfy77OtfwcMRat8	2024-11-19 22:18:36.535242+03	2024-11-20 22:18:36+03	1	13dcb3e3a68747e3baab4949f14d38dc
471	eyJhbGciOiJIUzI1NiIsInR5cCI6IkpXVCJ9.eyJ0b2tlbl90eXBlIjoicmVmcmVzaCIsImV4cCI6MTczMjEzMDY1MywiaWF0IjoxNzMyMDQ0MjUzLCJqdGkiOiJiM2NlYmMxODgwOGE0YmNiYjk4OWQwYmQ4NGQyNTJjOCIsInVzZXJfaWQiOjF9.q6wU37f2Tcw0qi8L5ms5FbkZWLWxuBg1lQgsm1FfHEg	2024-11-19 22:24:13.38996+03	2024-11-20 22:24:13+03	1	b3cebc18808a4bcbb989d0bd84d252c8
473	eyJhbGciOiJIUzI1NiIsInR5cCI6IkpXVCJ9.eyJ0b2tlbl90eXBlIjoicmVmcmVzaCIsImV4cCI6MTczMjIwNzk5NywiaWF0IjoxNzMyMTIxNTk3LCJqdGkiOiIyMmRlYTc3ZGVhOGE0YzE5YTIyOTA3YzFkOTQ5NjRkYSIsInVzZXJfaWQiOjF9.chVt91NvHNr-FVkInj-ptfD7ypy8QgF986v-EFP4v6g	2024-11-20 19:53:17.690608+03	2024-11-21 19:53:17+03	1	22dea77dea8a4c19a22907c1d94964da
486	eyJhbGciOiJIUzI1NiIsInR5cCI6IkpXVCJ9.eyJ0b2tlbl90eXBlIjoicmVmcmVzaCIsImV4cCI6MTczMjIxOTk0OSwiaWF0IjoxNzMyMTMzNTQ5LCJqdGkiOiJlODY2MDc2YWI3ZTA0OTYyODZhM2M3YTBmMmZmMTI5YyIsInVzZXJfaWQiOjF9.CtWoWYBO6Ir1ZN05vja1uSGUqvAYFg9mlwlSrR0JL6Q	2024-11-20 23:12:29.17533+03	2024-11-21 23:12:29+03	1	e866076ab7e0496286a3c7a0f2ff129c
488	eyJhbGciOiJIUzI1NiIsInR5cCI6IkpXVCJ9.eyJ0b2tlbl90eXBlIjoicmVmcmVzaCIsImV4cCI6MTczMjM2NTU4MiwiaWF0IjoxNzMyMjc5MTgyLCJqdGkiOiIwN2M2ZjhhNDEwYzM0ZDljODg0MWM0Y2U2ZThhZTQwYiIsInVzZXJfaWQiOjF9.eYsHYYDx4fBzz9jIo57gKg-S8tahA3YhqRpftSkH5_8	2024-11-22 15:39:42.254565+03	2024-11-23 15:39:42+03	1	07c6f8a410c34d9c8841c4ce6e8ae40b
490	eyJhbGciOiJIUzI1NiIsInR5cCI6IkpXVCJ9.eyJ0b2tlbl90eXBlIjoicmVmcmVzaCIsImV4cCI6MTczMjQ2ODI2NSwiaWF0IjoxNzMyMzgxODY1LCJqdGkiOiIxNDhlM2JlMTY4ZTQ0N2E5OTNlNjRlZDEzMmVjODE5NiIsInVzZXJfaWQiOjF9.ZWC51LCFQwy4-wIB8MkgCIboNUChyVYJiewmh3cRBYA	2024-11-23 20:11:05.847698+03	2024-11-24 20:11:05+03	1	148e3be168e447a993e64ed132ec8196
492	eyJhbGciOiJIUzI1NiIsInR5cCI6IkpXVCJ9.eyJ0b2tlbl90eXBlIjoicmVmcmVzaCIsImV4cCI6MTczMjQ3MDc3NiwiaWF0IjoxNzMyMzg0Mzc2LCJqdGkiOiIzMDZmYWM4YWI5MWM0NmJjOGNmOWE0Y2E5OTUyNDJjMyIsInVzZXJfaWQiOjE3fQ.MUbJi7dZ2UxxZswTDra2DL06DOhwiL7YbB5FNGiTIM0	2024-11-23 20:52:56.733577+03	2024-11-24 20:52:56+03	17	306fac8ab91c46bc8cf9a4ca995242c3
493	eyJhbGciOiJIUzI1NiIsInR5cCI6IkpXVCJ9.eyJ0b2tlbl90eXBlIjoicmVmcmVzaCIsImV4cCI6MTczMjQ3MDk1MywiaWF0IjoxNzMyMzg0NTUzLCJqdGkiOiJhM2UxM2FiZDM0MzU0YzVjYjVjMGJiNGI3YjcwYTFmYSIsInVzZXJfaWQiOjR9.CZ-ejT9cyJ_A2r9KDpmoCieB59HnsbLzpZoVpl2Cm74	2024-11-23 20:55:53.215272+03	2024-11-24 20:55:53+03	4	a3e13abd34354c5cb5c0bb4b7b70a1fa
494	eyJhbGciOiJIUzI1NiIsInR5cCI6IkpXVCJ9.eyJ0b2tlbl90eXBlIjoicmVmcmVzaCIsImV4cCI6MTczMjQ3MDk3NiwiaWF0IjoxNzMyMzg0NTc2LCJqdGkiOiI5YWE2MDFmMWEwZmY0YWYyYTczYWUwMDg0OGZjNjM5ZiIsInVzZXJfaWQiOjJ9.fqp1015LjurQ00Mm7nbcRUjiscsLZH79m_FjtrlLub4	2024-11-23 20:56:16.690855+03	2024-11-24 20:56:16+03	2	9aa601f1a0ff4af2a73ae00848fc639f
496	eyJhbGciOiJIUzI1NiIsInR5cCI6IkpXVCJ9.eyJ0b2tlbl90eXBlIjoicmVmcmVzaCIsImV4cCI6MTczMjQ3MjAyNywiaWF0IjoxNzMyMzg1NjI3LCJqdGkiOiIwYTIzMzQxY2IxNTg0M2I1YjdjMDlkNzRhMTkxNzYwYSIsInVzZXJfaWQiOjF9.KBZNnV7fo8fMsy-KTe3A6K3SbUTgcMOIcaBSe5TBPUw	2024-11-23 21:13:47.58898+03	2024-11-24 21:13:47+03	1	0a23341cb15843b5b7c09d74a191760a
497	eyJhbGciOiJIUzI1NiIsInR5cCI6IkpXVCJ9.eyJ0b2tlbl90eXBlIjoicmVmcmVzaCIsImV4cCI6MTczMjQ3MjY2MiwiaWF0IjoxNzMyMzg2MjYyLCJqdGkiOiIxMWY2ZjkyODNhZjM0OGU5OTFhNDU5M2YzMzZhNmQ4NyIsInVzZXJfaWQiOjF9.cqQrunYQeu2TWNQwleQG6x3KpDBqnWh3HH0AIp64QZM	2024-11-23 21:24:22.389141+03	2024-11-24 21:24:22+03	1	11f6f9283af348e991a4593f336a6d87
510	eyJhbGciOiJIUzI1NiIsInR5cCI6IkpXVCJ9.eyJ0b2tlbl90eXBlIjoicmVmcmVzaCIsImV4cCI6MTczMjU1Nzk3NCwiaWF0IjoxNzMyNDcxNTc0LCJqdGkiOiIzZWNiMTQ5NDg5ODU0NWU4OGRhZWMxZGJkMTJjMTVlMCIsInVzZXJfaWQiOjF9.foPh0MTdd6_lfhWH2fQ7W8l7oHmm55f_qTLl_xJoQio	2024-11-24 21:06:14.351299+03	2024-11-25 21:06:14+03	1	3ecb1494898545e88daec1dbd12c15e0
511	eyJhbGciOiJIUzI1NiIsInR5cCI6IkpXVCJ9.eyJ0b2tlbl90eXBlIjoicmVmcmVzaCIsImV4cCI6MTczMjU2MDg0MywiaWF0IjoxNzMyNDc0NDQzLCJqdGkiOiI3MTMwZjJiYjRhN2I0NTYxYmZmNWQ4NTMwYmUzZjU1ZSIsInVzZXJfaWQiOjR9.3V8gSwHQ2aXEDRiSFibl9ymKo_E_MN0dy96jffnfs7k	2024-11-24 21:54:03.823456+03	2024-11-25 21:54:03+03	4	7130f2bb4a7b4561bff5d8530be3f55e
513	eyJhbGciOiJIUzI1NiIsInR5cCI6IkpXVCJ9.eyJ0b2tlbl90eXBlIjoicmVmcmVzaCIsImV4cCI6MTczMjczMjg4NSwiaWF0IjoxNzMyNjQ2NDg1LCJqdGkiOiIwNDcwZTZjOTE4MTk0ZTgzOGY1YzI3Y2JiNmMxNGM2OCIsInVzZXJfaWQiOjF9.MeoSdChT4BChSqOHglFFR8HWKPV5aCQCo5Jwij5ZH-A	2024-11-26 21:41:25.543381+03	2024-11-27 21:41:25+03	1	0470e6c918194e838f5c27cbb6c14c68
514	eyJhbGciOiJIUzI1NiIsInR5cCI6IkpXVCJ9.eyJ0b2tlbl90eXBlIjoicmVmcmVzaCIsImV4cCI6MTczMjc5NzI1MiwiaWF0IjoxNzMyNzEwODUyLCJqdGkiOiJjZGIzZjJlZTY2YWY0OTZkODM3NGRkMGZmMzBlOGRlMiIsInVzZXJfaWQiOjF9.g4FCUahzTGSmFBmf6V_AnfeF9dJi6g6JV8byeR1mOI0	2024-11-27 15:34:12.295594+03	2024-11-28 15:34:12+03	1	cdb3f2ee66af496d8374dd0ff30e8de2
515	eyJhbGciOiJIUzI1NiIsInR5cCI6IkpXVCJ9.eyJ0b2tlbl90eXBlIjoicmVmcmVzaCIsImV4cCI6MTczMjc5OTY5NSwiaWF0IjoxNzMyNzEzMjk1LCJqdGkiOiI3OTMzOGRhY2UxYzc0YzQwYTY5YmY3NTc5MGE0ZjIwYyIsInVzZXJfaWQiOjF9.OaaXD7hkqU-AWB7v0EIeRXWWEQk1LcqaXygLUO9ggIs	2024-11-27 16:14:55.133745+03	2024-11-28 16:14:55+03	1	79338dace1c74c40a69bf75790a4f20c
516	eyJhbGciOiJIUzI1NiIsInR5cCI6IkpXVCJ9.eyJ0b2tlbl90eXBlIjoicmVmcmVzaCIsImV4cCI6MTczMjgwMzY0NywiaWF0IjoxNzMyNzE3MjQ3LCJqdGkiOiIxMDdjZDNiNTIxMTk0N2NiYTQxYzk0M2Q3YzlmMWFhNiIsInVzZXJfaWQiOjF9.27oaiSWjNm_6xGwWqf3rUxkjEglteB-pFvR_CU_kITk	2024-11-27 17:20:47.490491+03	2024-11-28 17:20:47+03	1	107cd3b5211947cba41c943d7c9f1aa6
517	eyJhbGciOiJIUzI1NiIsInR5cCI6IkpXVCJ9.eyJ0b2tlbl90eXBlIjoicmVmcmVzaCIsImV4cCI6MTczMjgxODM0NywiaWF0IjoxNzMyNzMxOTQ3LCJqdGkiOiI4ODdiMzAyZjNhNTA0NDM0OTI0NzU4YjU5MjE4NjlmNSIsInVzZXJfaWQiOjF9.I_p1F_NXR7-x-A29fmwbYdZ9cgjd0CjN8-lw-Frbu7A	2024-11-27 21:25:47.525703+03	2024-11-28 21:25:47+03	1	887b302f3a504434924758b5921869f5
518	eyJhbGciOiJIUzI1NiIsInR5cCI6IkpXVCJ9.eyJ0b2tlbl90eXBlIjoicmVmcmVzaCIsImV4cCI6MTczMjgxODM5MCwiaWF0IjoxNzMyNzMxOTkwLCJqdGkiOiJhMWRhZDBmYTZmOTM0MTk1OGU1ZTg5NGNiNWRjNTc0ZSIsInVzZXJfaWQiOjF9.QtYvPOShQrbkc5R7CWJ3LQ8L0ynhMFlZTLhS2762LxI	2024-11-27 21:26:30.072252+03	2024-11-28 21:26:30+03	1	a1dad0fa6f9341958e5e894cb5dc574e
519	eyJhbGciOiJIUzI1NiIsInR5cCI6IkpXVCJ9.eyJ0b2tlbl90eXBlIjoicmVmcmVzaCIsImV4cCI6MTczMjgxODU2OSwiaWF0IjoxNzMyNzMyMTY5LCJqdGkiOiJhZjQ2NTY0Mzg1NDE0NjA2OTdkNmEyZTBmMjM2ZGYyOCIsInVzZXJfaWQiOjF9.KFCvGwthLFwbqYH_DRWJlEJZW4PYpCGzA5c6CGwpjRg	2024-11-27 21:29:29.659054+03	2024-11-28 21:29:29+03	1	af4656438541460697d6a2e0f236df28
520	eyJhbGciOiJIUzI1NiIsInR5cCI6IkpXVCJ9.eyJ0b2tlbl90eXBlIjoicmVmcmVzaCIsImV4cCI6MTczMjg3MDAzNiwiaWF0IjoxNzMyNzgzNjM2LCJqdGkiOiIwOTI4ZTk5Nzg0MWU0ZmFlOWU1MDhiNjVlMWFjZmI1YSIsInVzZXJfaWQiOjF9.kxzedaX9no00GmzQZ1gAPPLT1FeHhMQVlF98QAETX6Q	2024-11-28 11:47:16.124506+03	2024-11-29 11:47:16+03	1	0928e997841e4fae9e508b65e1acfb5a
521	eyJhbGciOiJIUzI1NiIsInR5cCI6IkpXVCJ9.eyJ0b2tlbl90eXBlIjoicmVmcmVzaCIsImV4cCI6MTczMjg3MDIxMywiaWF0IjoxNzMyNzgzODEzLCJqdGkiOiIxY2JkYTQzZmE1YzY0MmQzYjFlMWMwODA3YTRiZGRkOCIsInVzZXJfaWQiOjF9.IwtQstTfqDXgi36m-Bi9l1ye361CYpHSM_si-LKSAS0	2024-11-28 11:50:13.456423+03	2024-11-29 11:50:13+03	1	1cbda43fa5c642d3b1e1c0807a4bddd8
522	eyJhbGciOiJIUzI1NiIsInR5cCI6IkpXVCJ9.eyJ0b2tlbl90eXBlIjoicmVmcmVzaCIsImV4cCI6MTczMjg3MDI2NywiaWF0IjoxNzMyNzgzODY3LCJqdGkiOiJiMGQ5ZTVmZWVlZTM0M2Y0YTJhMDg1ZGM0NzA2YzcxNCIsInVzZXJfaWQiOjF9.Ki1Wae2RnH5EH-9P4cZ9NiYUIwycQlZ4M8w5IBwnTw4	2024-11-28 11:51:07.245287+03	2024-11-29 11:51:07+03	1	b0d9e5feeee343f4a2a085dc4706c714
523	eyJhbGciOiJIUzI1NiIsInR5cCI6IkpXVCJ9.eyJ0b2tlbl90eXBlIjoicmVmcmVzaCIsImV4cCI6MTczMjg3MDMwMCwiaWF0IjoxNzMyNzgzOTAwLCJqdGkiOiJiZGRiNWVmZmFkODY0YjZlOTUxZjk4ZDk4MDYyOTZhZCIsInVzZXJfaWQiOjF9.BmgHIv24R3LxturZClQa-yju8rXi0KQDZnJUBpKKNMs	2024-11-28 11:51:40.726658+03	2024-11-29 11:51:40+03	1	bddb5effad864b6e951f98d9806296ad
524	eyJhbGciOiJIUzI1NiIsInR5cCI6IkpXVCJ9.eyJ0b2tlbl90eXBlIjoicmVmcmVzaCIsImV4cCI6MTczMjg3MDQwMywiaWF0IjoxNzMyNzg0MDAzLCJqdGkiOiI2NjFmMzA5ODIyYTU0NTdkYTM2MTNkNTk4N2FjM2Q4YSIsInVzZXJfaWQiOjF9.O3PLXe15BHH9RH3VkENSu1Gtz41gp2l7LsU-3uVkEno	2024-11-28 11:53:23.507614+03	2024-11-29 11:53:23+03	1	661f309822a5457da3613d5987ac3d8a
525	eyJhbGciOiJIUzI1NiIsInR5cCI6IkpXVCJ9.eyJ0b2tlbl90eXBlIjoicmVmcmVzaCIsImV4cCI6MTczMjg3MjE5NSwiaWF0IjoxNzMyNzg1Nzk1LCJqdGkiOiI0NzEwZDMyYzVjZTc0M2E0Yjk3OGMyZWYxODczZDIxYSIsInVzZXJfaWQiOjF9.p9KlyRFms6J8J3fzXInnnsSxuS2W-XLxn_WlxWlbQWo	2024-11-28 12:23:15.076537+03	2024-11-29 12:23:15+03	1	4710d32c5ce743a4b978c2ef1873d21a
526	eyJhbGciOiJIUzI1NiIsInR5cCI6IkpXVCJ9.eyJ0b2tlbl90eXBlIjoicmVmcmVzaCIsImV4cCI6MTczMjg3OTk1OCwiaWF0IjoxNzMyNzkzNTU4LCJqdGkiOiIzNmEzYzI2MWRlMDU0MTkwODQxMzc0ZTg4NjNhNTNhNiIsInVzZXJfaWQiOjR9.NbKPy_g8_eIO1elMF2vVmKGeVIecQIzpNMv_hCku2G4	2024-11-28 14:32:38.316578+03	2024-11-29 14:32:38+03	4	36a3c261de054190841374e8863a53a6
527	eyJhbGciOiJIUzI1NiIsInR5cCI6IkpXVCJ9.eyJ0b2tlbl90eXBlIjoicmVmcmVzaCIsImV4cCI6MTczMjg4MDY3NCwiaWF0IjoxNzMyNzk0Mjc0LCJqdGkiOiIwMzFhNDU4OGQ3MjE0YWIzOGNhNDA2NWZiNTY0ZDU1ZSIsInVzZXJfaWQiOjR9.EiAAI-55tF7b7f3uAJjM0vyIFbb3LpdKaW7zY9KyLI4	2024-11-28 14:44:34.755511+03	2024-11-29 14:44:34+03	4	031a4588d7214ab38ca4065fb564d55e
528	eyJhbGciOiJIUzI1NiIsInR5cCI6IkpXVCJ9.eyJ0b2tlbl90eXBlIjoicmVmcmVzaCIsImV4cCI6MTczMjg4MDc3NCwiaWF0IjoxNzMyNzk0Mzc0LCJqdGkiOiI3ZjY4YzJmZTc1OTM0NTIyOTAyNTc1NzRmMGMwZTUxYSIsInVzZXJfaWQiOjR9.H75eSa4cDe_c4fGTT-xI0WizbSb55CUf20V6qzJf7B0	2024-11-28 14:46:14.164481+03	2024-11-29 14:46:14+03	4	7f68c2fe7593452290257574f0c0e51a
529	eyJhbGciOiJIUzI1NiIsInR5cCI6IkpXVCJ9.eyJ0b2tlbl90eXBlIjoicmVmcmVzaCIsImV4cCI6MTczMjg4MTAyMiwiaWF0IjoxNzMyNzk0NjIyLCJqdGkiOiIwYTdkYWI3NzM2M2U0ZDJkODZiMzUzMWEzZjE0Zjg2MiIsInVzZXJfaWQiOjR9.WgTCiFwl9zZp2VJXJrW5pKy-VejlD-m_CIc43nHoGVo	2024-11-28 14:50:22.438695+03	2024-11-29 14:50:22+03	4	0a7dab77363e4d2d86b3531a3f14f862
530	eyJhbGciOiJIUzI1NiIsInR5cCI6IkpXVCJ9.eyJ0b2tlbl90eXBlIjoicmVmcmVzaCIsImV4cCI6MTczMjg4MjQ2NiwiaWF0IjoxNzMyNzk2MDY2LCJqdGkiOiJiM2YxZjZiNDQ2YjY0NDA5OTBhN2FhZjM3MjQ5ZmRkYSIsInVzZXJfaWQiOjF9.7-rkK009DyVb_PLJYcr71YO-A01-ikG1gESeM5PKMrE	2024-11-28 15:14:26.083031+03	2024-11-29 15:14:26+03	1	b3f1f6b446b6440990a7aaf37249fdda
531	eyJhbGciOiJIUzI1NiIsInR5cCI6IkpXVCJ9.eyJ0b2tlbl90eXBlIjoicmVmcmVzaCIsImV4cCI6MTczMjg5NTUyNywiaWF0IjoxNzMyODA5MTI3LCJqdGkiOiJiYmNkYWFkZDgxZWY0YTQ0YmQ3NzdjOTJmMGQ5OGE2OCIsInVzZXJfaWQiOjF9.7S5ToTheSGq_zs_lXEPYRTdteZUyRw6Rcx2Hm6rJZDk	2024-11-28 18:52:07.140112+03	2024-11-29 18:52:07+03	1	bbcdaadd81ef4a44bd777c92f0d98a68
532	eyJhbGciOiJIUzI1NiIsInR5cCI6IkpXVCJ9.eyJ0b2tlbl90eXBlIjoicmVmcmVzaCIsImV4cCI6MTczMjg5NjU1NiwiaWF0IjoxNzMyODEwMTU2LCJqdGkiOiIyZmEzYmRkN2I3OTQ0MDZlYTk1MzJkMGFjMjQ1ZDAyNiIsInVzZXJfaWQiOjF9.CULqdtHh2_T_F7xZYajMEtranT-u_3Sjfse_eHkyiLM	2024-11-28 19:09:16.641709+03	2024-11-29 19:09:16+03	1	2fa3bdd7b794406ea9532d0ac245d026
533	eyJhbGciOiJIUzI1NiIsInR5cCI6IkpXVCJ9.eyJ0b2tlbl90eXBlIjoicmVmcmVzaCIsImV4cCI6MTczMjg5NjgzOCwiaWF0IjoxNzMyODEwNDM4LCJqdGkiOiI0MGE2NmQyZTk5NzY0NGE5OTY0YzUzNmUwMDUzMWE1ZCIsInVzZXJfaWQiOjF9.-_PtlIhRRc9MF2kN4i_vZ2pGJ_xR6HpAH6x8EXMUH6U	2024-11-28 19:13:58.25243+03	2024-11-29 19:13:58+03	1	40a66d2e997644a9964c536e00531a5d
534	eyJhbGciOiJIUzI1NiIsInR5cCI6IkpXVCJ9.eyJ0b2tlbl90eXBlIjoicmVmcmVzaCIsImV4cCI6MTczMjg5NzM5MCwiaWF0IjoxNzMyODEwOTkwLCJqdGkiOiIzNDE5OGNkMTc3YWM0ZWM4OWVlYmIzMDFiMzUzM2UwMSIsInVzZXJfaWQiOjF9.ciHBGqCSl5XSDGuMo94A5y1VrBtNql4VbJazHfZfzJo	2024-11-28 19:23:10.312494+03	2024-11-29 19:23:10+03	1	34198cd177ac4ec89eebb301b3533e01
535	eyJhbGciOiJIUzI1NiIsInR5cCI6IkpXVCJ9.eyJ0b2tlbl90eXBlIjoicmVmcmVzaCIsImV4cCI6MTczMjg5OTkxMiwiaWF0IjoxNzMyODEzNTEyLCJqdGkiOiIwYWY1M2JlYmEyZDE0MmEwYTcyMTQ1ZTNmYTQzMTBmNSIsInVzZXJfaWQiOjF9.X95xS5q8sIV-NEMHzZyCidS0bYi4l8jxtxIo8K8pqBE	2024-11-28 20:05:12.761549+03	2024-11-29 20:05:12+03	1	0af53beba2d142a0a72145e3fa4310f5
536	eyJhbGciOiJIUzI1NiIsInR5cCI6IkpXVCJ9.eyJ0b2tlbl90eXBlIjoicmVmcmVzaCIsImV4cCI6MTczMjkwMDA3MCwiaWF0IjoxNzMyODEzNjcwLCJqdGkiOiI3Nzg1YzBkZjIyYzk0MmY4OGM5NjZjMzk2ZWI0NDE3NyIsInVzZXJfaWQiOjF9.zsxW_QSEWrfleBRW6h4juYr-fb_zkylfWSjdqQ5v1dg	2024-11-28 20:07:50.855082+03	2024-11-29 20:07:50+03	1	7785c0df22c942f88c966c396eb44177
537	eyJhbGciOiJIUzI1NiIsInR5cCI6IkpXVCJ9.eyJ0b2tlbl90eXBlIjoicmVmcmVzaCIsImV4cCI6MTczMjk4NTQzOSwiaWF0IjoxNzMyODk5MDM5LCJqdGkiOiJjMzE4MjUwNTcwNzM0NjllYTZiZDc4OWQ1OGU1NTFhNyIsInVzZXJfaWQiOjF9.bh9xxJr129HX793HxoIJ91Y4AEXCCGLAAYIHt2OYtw8	2024-11-29 19:50:39.403199+03	2024-11-30 19:50:39+03	1	c31825057073469ea6bd789d58e551a7
538	eyJhbGciOiJIUzI1NiIsInR5cCI6IkpXVCJ9.eyJ0b2tlbl90eXBlIjoicmVmcmVzaCIsImV4cCI6MTczMjk5MTgwNSwiaWF0IjoxNzMyOTA1NDA1LCJqdGkiOiIyNGMwYTJiNzg3ZmE0NTUyYjlhOGQ1YTM1NjFkYWE1ZCIsInVzZXJfaWQiOjF9.lS8-qPTj54XS_pAB9znBFWP98_N0z7Yf4CT0ujxeKeU	2024-11-29 21:36:45.120373+03	2024-11-30 21:36:45+03	1	24c0a2b787fa4552b9a8d5a3561daa5d
541	eyJhbGciOiJIUzI1NiIsInR5cCI6IkpXVCJ9.eyJ0b2tlbl90eXBlIjoicmVmcmVzaCIsImV4cCI6MTczMzIzNDE4MSwiaWF0IjoxNzMzMTQ3NzgxLCJqdGkiOiI3M2ZhMDU2YmU0OTA0YzgzYWIxMjFhZjg5ZDM2OWIyZSIsInVzZXJfaWQiOjF9.jL32RqfdNlzPpREcGE898jXGIEOlcfk0xagsSpvSjAY	2024-12-02 16:56:21.717861+03	2024-12-03 16:56:21+03	1	73fa056be4904c83ab121af89d369b2e
542	eyJhbGciOiJIUzI1NiIsInR5cCI6IkpXVCJ9.eyJ0b2tlbl90eXBlIjoicmVmcmVzaCIsImV4cCI6MTczMzI0ODg2OCwiaWF0IjoxNzMzMTYyNDY4LCJqdGkiOiIxMDQyN2VmMTdmYjA0MmQ3ODMzYmFiZDc4YTc4ZjNhMCIsInVzZXJfaWQiOjF9.gKIPWf_3PU5hyz7Ht8jY3GFA_m4aopibbzquRmKJNwY	2024-12-02 21:01:08.672999+03	2024-12-03 21:01:08+03	1	10427ef17fb042d7833babd78a78f3a0
539	eyJhbGciOiJIUzI1NiIsInR5cCI6IkpXVCJ9.eyJ0b2tlbl90eXBlIjoicmVmcmVzaCIsImV4cCI6MTczMjk5NTUxMSwiaWF0IjoxNzMyOTA5MTExLCJqdGkiOiJkNGMwNWY0MTlmNDI0N2IwOGQ3MmNkNWNkNzFiYzA4OCIsInVzZXJfaWQiOjE2fQ.LI3gV5wkWPo9sOIf4ZSyFTgJMjb3ctuFP210-0JTBpQ	2024-11-29 22:38:31.520665+03	2024-11-30 22:38:31+03	\N	d4c05f419f4247b08d72cd5cd71bc088
540	eyJhbGciOiJIUzI1NiIsInR5cCI6IkpXVCJ9.eyJ0b2tlbl90eXBlIjoicmVmcmVzaCIsImV4cCI6MTczMjk5NTcwNCwiaWF0IjoxNzMyOTA5MzA0LCJqdGkiOiIyMTY4MmQxZDA4NTc0Mjc3OWI5ZTFiYTM2OWIyYTI3YSIsInVzZXJfaWQiOjE2fQ.aNC3IJIy7nzmRuEc3Lre2YagdK5MWiy2Q4bRp9eppBk	2024-11-29 22:41:44.896199+03	2024-11-30 22:41:44+03	\N	21682d1d085742779b9e1ba369b2a27a
543	eyJhbGciOiJIUzI1NiIsInR5cCI6IkpXVCJ9.eyJ0b2tlbl90eXBlIjoicmVmcmVzaCIsImV4cCI6MTczMzI1NTI5MywiaWF0IjoxNzMzMTY4ODkzLCJqdGkiOiIxMTUzZmEzZTM2ODM0MmRjYTUyY2RiYTVjZmQ2ZjU3MyIsInVzZXJfaWQiOiIxIn0.nNBiK_i16fbGU9qWD4wBsshW98ArzzUsdQDCfqNgN-M	2024-12-02 22:48:13.31613+03	2024-12-03 22:48:13+03	1	1153fa3e368342dca52cdba5cfd6f573
544	eyJhbGciOiJIUzI1NiIsInR5cCI6IkpXVCJ9.eyJ0b2tlbl90eXBlIjoicmVmcmVzaCIsImV4cCI6MTczMzI1NTMxNywiaWF0IjoxNzMzMTY4OTE3LCJqdGkiOiIxOTRhZTFmM2Q2MGI0NmE0ODk5YThhNjkyOTczZTkzNSIsInVzZXJfaWQiOiIxIn0.ERKTgvNR82WI5oGlqghP-Wt9ND_iVembXML9cr0feP4	2024-12-02 22:48:37.99214+03	2024-12-03 22:48:37+03	1	194ae1f3d60b46a4899a8a692973e935
545	eyJhbGciOiJIUzI1NiIsInR5cCI6IkpXVCJ9.eyJ0b2tlbl90eXBlIjoicmVmcmVzaCIsImV4cCI6MTczMzI1NTQ4NSwiaWF0IjoxNzMzMTY5MDg1LCJqdGkiOiIyM2YyMzc2ODliNGI0YzMxODk3MGI1Nzc0Y2Y5ZWVlMSIsInVzZXJfaWQiOiIxIn0.5BRT6XOGph4dyW6dlmrMEMcEFv-y8it5iM52uw0JX_g	2024-12-02 22:51:25.283672+03	2024-12-03 22:51:25+03	1	23f237689b4b4c318970b5774cf9eee1
546	eyJhbGciOiJIUzI1NiIsInR5cCI6IkpXVCJ9.eyJ0b2tlbl90eXBlIjoicmVmcmVzaCIsImV4cCI6MTczMzI1NTUyMiwiaWF0IjoxNzMzMTY5MTIyLCJqdGkiOiJhMzA1M2U2NjcwMTg0MTI1OGU3MmUwYzczYzkzMTUyNyIsInVzZXJfaWQiOiJkNTgwMmUzMy1kNDZkLTRiYmItYmNjYi0zMmZlNGYxNDQ2YmMifQ.BvMXdQAZ8Tn0kSyQ199K9p6gzaGSgVtH9C1KXDIe1qA	2024-12-02 22:52:02.408802+03	2024-12-03 22:52:02+03	d5802e33-d46d-4bbb-bccb-32fe4f1446bc	a3053e66701841258e72e0c73c931527
547	eyJhbGciOiJIUzI1NiIsInR5cCI6IkpXVCJ9.eyJ0b2tlbl90eXBlIjoicmVmcmVzaCIsImV4cCI6MTczMzUwNDA0NiwiaWF0IjoxNzMzNDE3NjQ2LCJqdGkiOiIyYzcyNTNkNTgxODM0Y2M4YThkNWRkNzBlZDE3ZDg4NCIsInVzZXJfaWQiOiIxIn0.ETbl83Rb0ZJpLwlFLZhP2gP52qR5ixV9x0EGEMJkqGM	2024-12-05 19:54:06.989492+03	2024-12-06 19:54:06+03	1	2c7253d581834cc8a8d5dd70ed17d884
548	eyJhbGciOiJIUzI1NiIsInR5cCI6IkpXVCJ9.eyJ0b2tlbl90eXBlIjoicmVmcmVzaCIsImV4cCI6MTczMzUwNDA3NCwiaWF0IjoxNzMzNDE3Njc0LCJqdGkiOiIzODNhOTZlZmZiOTA0NDM4OGFkZDhkMWE3MzFmZjJiOCIsInVzZXJfaWQiOiIxIn0.CpcqSsRQFLKecuJ_fGJmijzWzstpcp8S2ldQCFh3ePQ	2024-12-05 19:54:34.408439+03	2024-12-06 19:54:34+03	1	383a96effb9044388add8d1a731ff2b8
549	eyJhbGciOiJIUzI1NiIsInR5cCI6IkpXVCJ9.eyJ0b2tlbl90eXBlIjoicmVmcmVzaCIsImV4cCI6MTczMzUwNDA5OCwiaWF0IjoxNzMzNDE3Njk4LCJqdGkiOiIzMzQ2OWM1OWZjMmE0ZjE1OGU0NDQ2MDk2MzM0YTBiNyIsInVzZXJfaWQiOiIxIn0.-mNhwv4jzCvMsRQEwRnX0xTDn1OycTVVUn1mmWccH0g	2024-12-05 19:54:58.148833+03	2024-12-06 19:54:58+03	1	33469c59fc2a4f158e4446096334a0b7
550	eyJhbGciOiJIUzI1NiIsInR5cCI6IkpXVCJ9.eyJ0b2tlbl90eXBlIjoicmVmcmVzaCIsImV4cCI6MTczMzUwNDk5NCwiaWF0IjoxNzMzNDE4NTk0LCJqdGkiOiI3MWM1ZmNjZDVhNmI0NmVkOTFjNGZiMzA1ZmViMTE0YyIsInVzZXJfaWQiOiIxIn0.YfT_DEHrtNwJlU0AcOiGynwGbwxWydnbyDH4UfxBgbQ	2024-12-05 20:09:54.191293+03	2024-12-06 20:09:54+03	1	71c5fccd5a6b46ed91c4fb305feb114c
551	eyJhbGciOiJIUzI1NiIsInR5cCI6IkpXVCJ9.eyJ0b2tlbl90eXBlIjoicmVmcmVzaCIsImV4cCI6MTczMzUwNTYyNSwiaWF0IjoxNzMzNDE5MjI1LCJqdGkiOiI0ZDhmN2Q2MjVjOTI0YTI5OWZkNGYwODJlNDZmYjI0OSIsInVzZXJfaWQiOiIxIn0._Sd6ReJPXi8yD0bCDIkBKoHXms2GdhOO060kNux5Nx0	2024-12-05 20:20:25.718943+03	2024-12-06 20:20:25+03	1	4d8f7d625c924a299fd4f082e46fb249
552	eyJhbGciOiJIUzI1NiIsInR5cCI6IkpXVCJ9.eyJ0b2tlbl90eXBlIjoicmVmcmVzaCIsImV4cCI6MTczMzUwOTI0OCwiaWF0IjoxNzMzNDIyODQ4LCJqdGkiOiIzMDc4MWM4Mzc0ZDQ0NDQ0YmJjZjZhYTczZGU5MTQyNCIsInVzZXJfaWQiOiIxIn0.u1FUmZT5NOenbpR6Tno5qEkZY5VyyQmljhhfaJFIa2I	2024-12-05 21:20:48.599866+03	2024-12-06 21:20:48+03	1	30781c8374d44444bbcf6aa73de91424
553	eyJhbGciOiJIUzI1NiIsInR5cCI6IkpXVCJ9.eyJ0b2tlbl90eXBlIjoicmVmcmVzaCIsImV4cCI6MTczMzU3MzA0NCwiaWF0IjoxNzMzNDg2NjQ0LCJqdGkiOiIxYjNiYTU0ZDU1Y2U0OGQ5OGM3NWY1OWUwZThlN2E4OCIsInVzZXJfaWQiOiIxIn0.lSBV1QkVRXiMnK4o0wCgOmOI1XaJvTCQnv9zd_vaNk4	2024-12-06 15:04:04.818883+03	2024-12-07 15:04:04+03	1	1b3ba54d55ce48d98c75f59e0e8e7a88
554	eyJhbGciOiJIUzI1NiIsInR5cCI6IkpXVCJ9.eyJ0b2tlbl90eXBlIjoicmVmcmVzaCIsImV4cCI6MTczMzU3NDM0OCwiaWF0IjoxNzMzNDg3OTQ4LCJqdGkiOiI4ZTVjODk0NjI2MzU0NTc4YmRjYTk5ZWE3YjU3ZDgwNCIsInVzZXJfaWQiOiIxIn0.y_maxf5TdPbhxGrN9wvQT8owErm6W_tvHem7IKZHpGk	2024-12-06 15:25:48.851227+03	2024-12-07 15:25:48+03	1	8e5c894626354578bdca99ea7b57d804
413	eyJhbGciOiJIUzI1NiIsInR5cCI6IkpXVCJ9.eyJ0b2tlbl90eXBlIjoicmVmcmVzaCIsImV4cCI6MTczMTE0MTY0MiwiaWF0IjoxNzMxMDU1MjQyLCJqdGkiOiI1ODgyZDI1ZWRkYTQ0YTk4YmJhM2QwNmFiODFkNGNjZSIsInVzZXJfaWQiOjE2fQ.UrN2crTLXU31nQy4koHDNFV2gXWICzMlLiWjD73hg7Y	2024-11-08 11:40:42.680596+03	2024-11-09 11:40:42+03	\N	5882d25edda44a98bba3d06ab81d4cce
415	eyJhbGciOiJIUzI1NiIsInR5cCI6IkpXVCJ9.eyJ0b2tlbl90eXBlIjoicmVmcmVzaCIsImV4cCI6MTczMTE0MzEzMCwiaWF0IjoxNzMxMDU2NzMwLCJqdGkiOiI5MGU1OWQ5MGNjNTc0ZDk2ODEyNWRhODY2MGRjMmU1NyIsInVzZXJfaWQiOjE2fQ.hrhO4odSaU2-p0wv6qVNNu7swRU-GH-CTuUIbbv-H1c	2024-11-08 12:05:30.512173+03	2024-11-09 12:05:30+03	\N	90e59d90cc574d968125da8660dc2e57
418	eyJhbGciOiJIUzI1NiIsInR5cCI6IkpXVCJ9.eyJ0b2tlbl90eXBlIjoicmVmcmVzaCIsImV4cCI6MTczMTE3ODAyNiwiaWF0IjoxNzMxMDkxNjI2LCJqdGkiOiI0MjUxNjM4MGIzNzA0ODY1YTgzZjYwOTg5MGM0NDYxYSIsInVzZXJfaWQiOjE2fQ.M9K_zU_D1Jsg67JfonT8Nq77KABpWy_CerwTYebq5-k	2024-11-08 21:47:06.216408+03	2024-11-09 21:47:06+03	\N	42516380b3704865a83f609890c4461a
420	eyJhbGciOiJIUzI1NiIsInR5cCI6IkpXVCJ9.eyJ0b2tlbl90eXBlIjoicmVmcmVzaCIsImV4cCI6MTczMTI2MjAxMywiaWF0IjoxNzMxMTc1NjEzLCJqdGkiOiI3NTUyYmEzNDMwYTA0ODhjYWYyMDYyZjQ1OGFkMGFjNSIsInVzZXJfaWQiOjE2fQ.RlaZZgZh0hAFsZPyH2EB278D9YRi8uaENXJmiw3MYAM	2024-11-09 21:06:53.427819+03	2024-11-10 21:06:53+03	\N	7552ba3430a0488caf2062f458ad0ac5
421	eyJhbGciOiJIUzI1NiIsInR5cCI6IkpXVCJ9.eyJ0b2tlbl90eXBlIjoicmVmcmVzaCIsImV4cCI6MTczMTI2Mzg5OCwiaWF0IjoxNzMxMTc3NDk4LCJqdGkiOiJiZDYyMWFkNDk4OTM0MmFjOTlmMDliMzZlNThjNTg3MyIsInVzZXJfaWQiOjE2fQ.oSf88fZQNDUYQI4CZeIybeu4qaE-f1jQCJc0ArfnYEg	2024-11-09 21:38:18.170821+03	2024-11-10 21:38:18+03	\N	bd621ad4989342ac99f09b36e58c5873
426	eyJhbGciOiJIUzI1NiIsInR5cCI6IkpXVCJ9.eyJ0b2tlbl90eXBlIjoicmVmcmVzaCIsImV4cCI6MTczMTM0ODUyNSwiaWF0IjoxNzMxMjYyMTI1LCJqdGkiOiI5OTEzNWE4NmFhN2M0YmNjOWFmM2E3ZDk2Y2Q5NTA4MyIsInVzZXJfaWQiOjE2fQ.jRC8NC6Df56BfZVl97IEKJt4XasWpzTT3XtpYvuPngw	2024-11-10 21:08:45.042459+03	2024-11-11 21:08:45+03	\N	99135a86aa7c4bcc9af3a7d96cd95083
441	eyJhbGciOiJIUzI1NiIsInR5cCI6IkpXVCJ9.eyJ0b2tlbl90eXBlIjoicmVmcmVzaCIsImV4cCI6MTczMTc5NTc0OSwiaWF0IjoxNzMxNzA5MzQ5LCJqdGkiOiJmMzM1YjlkYWYzMjg0M2IxOWRkZjAyMmZhNGNiMjk3NyIsInVzZXJfaWQiOjE2fQ.Rdl8zqMXuji09uPU-4VPmHqxjsszXI5qDdZRDJDNFSk	2024-11-16 01:22:29.728325+03	2024-11-17 01:22:29+03	\N	f335b9daf32843b19ddf022fa4cb2977
447	eyJhbGciOiJIUzI1NiIsInR5cCI6IkpXVCJ9.eyJ0b2tlbl90eXBlIjoicmVmcmVzaCIsImV4cCI6MTczMjA0MDAwMSwiaWF0IjoxNzMxOTUzNjAxLCJqdGkiOiI1ZjU1ZjJmNjc2NzQ0NDAzODI1ZDBkNTljOGVlYWRkZiIsInVzZXJfaWQiOjE2fQ.9OMb44rOgjTqi9BkdqLCZLNmlFZLhXROHDneJD9RLEY	2024-11-18 21:13:21.349888+03	2024-11-19 21:13:21+03	\N	5f55f2f676744403825d0d59c8eeaddf
448	eyJhbGciOiJIUzI1NiIsInR5cCI6IkpXVCJ9.eyJ0b2tlbl90eXBlIjoicmVmcmVzaCIsImV4cCI6MTczMjA0MDI1NiwiaWF0IjoxNzMxOTUzODU2LCJqdGkiOiIzYzM0MTYxODgxNGY0NzRiYjc3N2UwNDllZGViZjZmMCIsInVzZXJfaWQiOjE2fQ.dD2vNNyz61LrF-v4kiDxhkc1aFxFOqKdlXrS5ETkz8A	2024-11-18 21:17:36.310964+03	2024-11-19 21:17:36+03	\N	3c341618814f474bb777e049edebf6f0
449	eyJhbGciOiJIUzI1NiIsInR5cCI6IkpXVCJ9.eyJ0b2tlbl90eXBlIjoicmVmcmVzaCIsImV4cCI6MTczMjA0MDQzMCwiaWF0IjoxNzMxOTU0MDMwLCJqdGkiOiI0ZmJkYmUxMmU3NzM0Yjk2OTRiMTU1Y2NlMGVhZjBmYiIsInVzZXJfaWQiOjE2fQ.fkjSWbzIXJia0HfxQBdDbxxzTYTH-kRINYcH3PVPmB4	2024-11-18 21:20:30.977392+03	2024-11-19 21:20:30+03	\N	4fbdbe12e7734b9694b155cce0eaf0fb
450	eyJhbGciOiJIUzI1NiIsInR5cCI6IkpXVCJ9.eyJ0b2tlbl90eXBlIjoicmVmcmVzaCIsImV4cCI6MTczMjA0MDYwMywiaWF0IjoxNzMxOTU0MjAzLCJqdGkiOiI0ZGI4N2Y3OTIyMTY0MTRkYTVjNzM0YmY4MGQ4ZDA0YyIsInVzZXJfaWQiOjE2fQ.cecLeKdx7X-UmPZohxRuXqAYbLrIpyZf32akpI1_lBs	2024-11-18 21:23:23.295178+03	2024-11-19 21:23:23+03	\N	4db87f792216414da5c734bf80d8d04c
451	eyJhbGciOiJIUzI1NiIsInR5cCI6IkpXVCJ9.eyJ0b2tlbl90eXBlIjoicmVmcmVzaCIsImV4cCI6MTczMjA0MDg1OSwiaWF0IjoxNzMxOTU0NDU5LCJqdGkiOiJlMmRhMmYyNjMzYTM0N2ZmYjg5MDhjNGRiM2U2Nzk2MyIsInVzZXJfaWQiOjE2fQ.cLsVsVt3GSLl7iHUl6Yhgv70BsVPmG7Hnf-_mTJ8iFg	2024-11-18 21:27:39.398072+03	2024-11-19 21:27:39+03	\N	e2da2f2633a347ffb8908c4db3e67963
463	eyJhbGciOiJIUzI1NiIsInR5cCI6IkpXVCJ9.eyJ0b2tlbl90eXBlIjoicmVmcmVzaCIsImV4cCI6MTczMjEyODM2NCwiaWF0IjoxNzMyMDQxOTY0LCJqdGkiOiJlN2JkNWM0M2UwZmI0MjBhOTA2NTY1NjEyODRjMWYwMyIsInVzZXJfaWQiOjE2fQ.ne4kt1NA2k3f4APv_qzG5F1Zqybl5-Bj1ON9Kzw2tbY	2024-11-19 21:46:04.970114+03	2024-11-20 21:46:04+03	\N	e7bd5c43e0fb420a90656561284c1f03
464	eyJhbGciOiJIUzI1NiIsInR5cCI6IkpXVCJ9.eyJ0b2tlbl90eXBlIjoicmVmcmVzaCIsImV4cCI6MTczMjEyODU0OCwiaWF0IjoxNzMyMDQyMTQ4LCJqdGkiOiJlZmRiYjFlMDQ0ZTU0YTBhOTc2Y2QyM2MyZmFmMDhhZCIsInVzZXJfaWQiOjE2fQ.rfwOH75oW1XtCq1J3-vtvm42QOTd0JkD3hFmmRdzTP4	2024-11-19 21:49:08.446592+03	2024-11-20 21:49:08+03	\N	efdbb1e044e54a0a976cd23c2faf08ad
465	eyJhbGciOiJIUzI1NiIsInR5cCI6IkpXVCJ9.eyJ0b2tlbl90eXBlIjoicmVmcmVzaCIsImV4cCI6MTczMjEyODY3MCwiaWF0IjoxNzMyMDQyMjcwLCJqdGkiOiIyNmI5NjRkMzI1NTc0ZTY3YmY1YWI1MjI5OTU1NTFhZiIsInVzZXJfaWQiOjE2fQ.8mhNVF0DvZ9-3vFD19O0_lLln246ocT-DwKkKX9_eT4	2024-11-19 21:51:10.683071+03	2024-11-20 21:51:10+03	\N	26b964d325574e67bf5ab522995551af
466	eyJhbGciOiJIUzI1NiIsInR5cCI6IkpXVCJ9.eyJ0b2tlbl90eXBlIjoicmVmcmVzaCIsImV4cCI6MTczMjEyODg3MSwiaWF0IjoxNzMyMDQyNDcxLCJqdGkiOiJiNzVmNDBkNzI4Mzc0MDZlYjAyNmQ0ZmJkNjY3OTU2ZCIsInVzZXJfaWQiOjE2fQ.WoROMgO3gPK1ChWslp9hSRzwo0ieYFFMvX_nfCp7eEg	2024-11-19 21:54:31.50493+03	2024-11-20 21:54:31+03	\N	b75f40d72837406eb026d4fbd667956d
467	eyJhbGciOiJIUzI1NiIsInR5cCI6IkpXVCJ9.eyJ0b2tlbl90eXBlIjoicmVmcmVzaCIsImV4cCI6MTczMjEyODk1MiwiaWF0IjoxNzMyMDQyNTUyLCJqdGkiOiJiMzRmMjJlZGI5ZWI0Y2Y4YWJmMDNhOGU3ZGE0MDQ3YSIsInVzZXJfaWQiOjE2fQ.tY62pRQe3ofRHTdFrU3Rk2hPglJVLJmWWG-mjjxxdA4	2024-11-19 21:55:52.520649+03	2024-11-20 21:55:52+03	\N	b34f22edb9eb4cf8abf03a8e7da4047a
468	eyJhbGciOiJIUzI1NiIsInR5cCI6IkpXVCJ9.eyJ0b2tlbl90eXBlIjoicmVmcmVzaCIsImV4cCI6MTczMjEyOTY5NSwiaWF0IjoxNzMyMDQzMjk1LCJqdGkiOiIwOTEwNGJiMTdhODg0MTFmOWJlMzczYzIwNTk1YjdjYiIsInVzZXJfaWQiOjE2fQ.ki7_GPcrxQ9J2rfxpta9lWK-g_ibKnN63iDfbEQ7tas	2024-11-19 22:08:15.341215+03	2024-11-20 22:08:15+03	\N	09104bb17a88411f9be373c20595b7cb
469	eyJhbGciOiJIUzI1NiIsInR5cCI6IkpXVCJ9.eyJ0b2tlbl90eXBlIjoicmVmcmVzaCIsImV4cCI6MTczMjEzMDI4NiwiaWF0IjoxNzMyMDQzODg2LCJqdGkiOiI0YzE1OGM3MWFmNTI0ZTk1OGExYmQwNTEzZThmODkzYiIsInVzZXJfaWQiOjE2fQ.u8tHoH9HV7xO6twoe2ulas8Szwv6JAGgz_DDn1HxYxI	2024-11-19 22:18:06.149178+03	2024-11-20 22:18:06+03	\N	4c158c71af524e958a1bd0513e8f893b
472	eyJhbGciOiJIUzI1NiIsInR5cCI6IkpXVCJ9.eyJ0b2tlbl90eXBlIjoicmVmcmVzaCIsImV4cCI6MTczMjEzMDY5MywiaWF0IjoxNzMyMDQ0MjkzLCJqdGkiOiI2NjExYTBkNDVmNDg0OTc1YjUyYjYzY2EwMGMwMGE5NCIsInVzZXJfaWQiOjE2fQ.vQAmlHtVVkka6_cUb-ioLquadJlch2MAZDpaDd52Jy0	2024-11-19 22:24:53.95477+03	2024-11-20 22:24:53+03	\N	6611a0d45f484975b52b63ca00c00a94
474	eyJhbGciOiJIUzI1NiIsInR5cCI6IkpXVCJ9.eyJ0b2tlbl90eXBlIjoicmVmcmVzaCIsImV4cCI6MTczMjIwOTAxNSwiaWF0IjoxNzMyMTIyNjE1LCJqdGkiOiJmNjQ2NzAyZmVmNGI0ODdkYmZmY2ExNDQxZjI5NzM5YSIsInVzZXJfaWQiOjE2fQ.28XSm_7B6TVhRGSFPbGNBPs-vc9YuSrB3ku_nIKOIeI	2024-11-20 20:10:15.376641+03	2024-11-21 20:10:15+03	\N	f646702fef4b487dbffca1441f29739a
475	eyJhbGciOiJIUzI1NiIsInR5cCI6IkpXVCJ9.eyJ0b2tlbl90eXBlIjoicmVmcmVzaCIsImV4cCI6MTczMjIxNjU4OSwiaWF0IjoxNzMyMTMwMTg5LCJqdGkiOiIwODFhMTRiNzQyOTI0OGZkOGY3ZjEzODhhMzE1NWI1MSIsInVzZXJfaWQiOjE2fQ.Gq3XJqlF8gJkVoflavis0IyLuEHFIfBlStUu1GN9cNo	2024-11-20 22:16:29.710057+03	2024-11-21 22:16:29+03	\N	081a14b7429248fd8f7f1388a3155b51
476	eyJhbGciOiJIUzI1NiIsInR5cCI6IkpXVCJ9.eyJ0b2tlbl90eXBlIjoicmVmcmVzaCIsImV4cCI6MTczMjIxNjgyMywiaWF0IjoxNzMyMTMwNDIzLCJqdGkiOiI1N2UzMmI4ZTA3MDk0NTU2YmFkYWQ0ODExZmRiZDNkNSIsInVzZXJfaWQiOjE2fQ._Xx2qwC3vJ2rOm7tE8aqLDxTTOipemMqb3itFt0qC7I	2024-11-20 22:20:23.220889+03	2024-11-21 22:20:23+03	\N	57e32b8e07094556badad4811fdbd3d5
477	eyJhbGciOiJIUzI1NiIsInR5cCI6IkpXVCJ9.eyJ0b2tlbl90eXBlIjoicmVmcmVzaCIsImV4cCI6MTczMjIxNjg5MCwiaWF0IjoxNzMyMTMwNDkwLCJqdGkiOiI1ZDJiZTE0YTY4YzI0NDBmYmQ5NjQ3ZmUyNDRiODA0NCIsInVzZXJfaWQiOjE2fQ.luGv8jBXWFO1H2_DIKEmI-WaH_vYGb34Ft2YrtEW4Y0	2024-11-20 22:21:30.367947+03	2024-11-21 22:21:30+03	\N	5d2be14a68c2440fbd9647fe244b8044
478	eyJhbGciOiJIUzI1NiIsInR5cCI6IkpXVCJ9.eyJ0b2tlbl90eXBlIjoicmVmcmVzaCIsImV4cCI6MTczMjIxNzIzMSwiaWF0IjoxNzMyMTMwODMxLCJqdGkiOiI0NjgyMDQ2ZjU4ZDU0ODQxODkzMzVlNjBlODJmZmJiMSIsInVzZXJfaWQiOjE2fQ.OpCLY1UaT9WkH5REMwhDov2B6ZRGLA2AAsZdmssmOLA	2024-11-20 22:27:11.731532+03	2024-11-21 22:27:11+03	\N	4682046f58d5484189335e60e82ffbb1
479	eyJhbGciOiJIUzI1NiIsInR5cCI6IkpXVCJ9.eyJ0b2tlbl90eXBlIjoicmVmcmVzaCIsImV4cCI6MTczMjIxNzYzNCwiaWF0IjoxNzMyMTMxMjM0LCJqdGkiOiI1MzRjYmQ5MDkyNDA0MWI3OTdiOTA1NDlkNjZkNGFhNCIsInVzZXJfaWQiOjE2fQ.UDqzdpgQ07FmZcTKQMd34SrtMys7rf4JcQC_ChTc6rU	2024-11-20 22:33:54.47375+03	2024-11-21 22:33:54+03	\N	534cbd90924041b797b90549d66d4aa4
480	eyJhbGciOiJIUzI1NiIsInR5cCI6IkpXVCJ9.eyJ0b2tlbl90eXBlIjoicmVmcmVzaCIsImV4cCI6MTczMjIxNzg5MiwiaWF0IjoxNzMyMTMxNDkyLCJqdGkiOiJjMDY0NTM1MWFjOTM0MzExYjk1YWNmZTRlZDFmMTBmOCIsInVzZXJfaWQiOjE2fQ.roPk-to--gnssU-X3tBxExIDu7sdXacZSjiu7SNXW0Q	2024-11-20 22:38:12.071081+03	2024-11-21 22:38:12+03	\N	c0645351ac934311b95acfe4ed1f10f8
481	eyJhbGciOiJIUzI1NiIsInR5cCI6IkpXVCJ9.eyJ0b2tlbl90eXBlIjoicmVmcmVzaCIsImV4cCI6MTczMjIxNzk2OCwiaWF0IjoxNzMyMTMxNTY4LCJqdGkiOiJmNmRjZWIzOWE0YzU0ODQyODhjNGY4ZDVkMWZjZDdmNiIsInVzZXJfaWQiOjE2fQ.6ucZ_mhxgX7kbOin3B9L0r6Bzn4wvh1J4E13XvGaFPU	2024-11-20 22:39:28.833177+03	2024-11-21 22:39:28+03	\N	f6dceb39a4c5484288c4f8d5d1fcd7f6
482	eyJhbGciOiJIUzI1NiIsInR5cCI6IkpXVCJ9.eyJ0b2tlbl90eXBlIjoicmVmcmVzaCIsImV4cCI6MTczMjIxODMyNiwiaWF0IjoxNzMyMTMxOTI2LCJqdGkiOiI5ZTc5ZDg5MzdlNTQ0MjlhOTg1ZDk5YmI0MjM5M2Y2YSIsInVzZXJfaWQiOjE2fQ.f6bzMQrqV75liVVwOb97OAxtx-yy7PI8Mpq0RX451X4	2024-11-20 22:45:26.671911+03	2024-11-21 22:45:26+03	\N	9e79d8937e54429a985d99bb42393f6a
483	eyJhbGciOiJIUzI1NiIsInR5cCI6IkpXVCJ9.eyJ0b2tlbl90eXBlIjoicmVmcmVzaCIsImV4cCI6MTczMjIxODM4MCwiaWF0IjoxNzMyMTMxOTgwLCJqdGkiOiJiZTI1NWE4ZjdkYjI0OGU1YThkYjI1NjU3NzBmZjNiYyIsInVzZXJfaWQiOjE2fQ.UvXK3zIQjt8hsLkV172bjyzc1u8GFjeDU5qp0MsQpNc	2024-11-20 22:46:20.597211+03	2024-11-21 22:46:20+03	\N	be255a8f7db248e5a8db2565770ff3bc
484	eyJhbGciOiJIUzI1NiIsInR5cCI6IkpXVCJ9.eyJ0b2tlbl90eXBlIjoicmVmcmVzaCIsImV4cCI6MTczMjIxODYwMiwiaWF0IjoxNzMyMTMyMjAyLCJqdGkiOiJjYmFhYmZjMWU4NmE0NzY0OWE5OTdjMGZkZTUzMmM0YSIsInVzZXJfaWQiOjE2fQ.8onokzdknX0rlBPEUAWF7hwENwFdtKjsU0ZX0homDwg	2024-11-20 22:50:02.946831+03	2024-11-21 22:50:02+03	\N	cbaabfc1e86a47649a997c0fde532c4a
485	eyJhbGciOiJIUzI1NiIsInR5cCI6IkpXVCJ9.eyJ0b2tlbl90eXBlIjoicmVmcmVzaCIsImV4cCI6MTczMjIxODk2NCwiaWF0IjoxNzMyMTMyNTY0LCJqdGkiOiJiMmZkN2FhYmExZmE0Y2I0YjY3ODM2YjdlODZlYWE5NyIsInVzZXJfaWQiOjE2fQ.fQ3s9AvdoLCufIySdFHyC0d2h7trmQ6sXdOsrQ0Ov-A	2024-11-20 22:56:04.458782+03	2024-11-21 22:56:04+03	\N	b2fd7aaba1fa4cb4b67836b7e86eaa97
487	eyJhbGciOiJIUzI1NiIsInR5cCI6IkpXVCJ9.eyJ0b2tlbl90eXBlIjoicmVmcmVzaCIsImV4cCI6MTczMjIyMDU3MiwiaWF0IjoxNzMyMTM0MTcyLCJqdGkiOiIxMGJmNzg2ZTAwN2M0NjVlOGNjMTQwMzJkNzk4MmM0MCIsInVzZXJfaWQiOjE2fQ.hZVePvOi32qtSAj88jTbwhGAlbpWPOEbbfYIUBFZFNE	2024-11-20 23:22:52.131814+03	2024-11-21 23:22:52+03	\N	10bf786e007c465e8cc14032d7982c40
489	eyJhbGciOiJIUzI1NiIsInR5cCI6IkpXVCJ9.eyJ0b2tlbl90eXBlIjoicmVmcmVzaCIsImV4cCI6MTczMjM4ODAwNiwiaWF0IjoxNzMyMzAxNjA2LCJqdGkiOiIyMGE5ZWE5OGIzYzQ0YWRiYjFlMGNkNWIzNGQ5MTExNyIsInVzZXJfaWQiOjE2fQ.jXliiN1sxdVaesG0rni9aFhQ51lN4dHGxdHTGXVZ0eI	2024-11-22 21:53:26.06182+03	2024-11-23 21:53:26+03	\N	20a9ea98b3c44adbb1e0cd5b34d91117
491	eyJhbGciOiJIUzI1NiIsInR5cCI6IkpXVCJ9.eyJ0b2tlbl90eXBlIjoicmVmcmVzaCIsImV4cCI6MTczMjQ2ODI4MCwiaWF0IjoxNzMyMzgxODgwLCJqdGkiOiI1Y2U1ZTBlNWMxMzk0ZjcxODQ2MWU3YmZkNDkwMjQ5OCIsInVzZXJfaWQiOjE2fQ.tneUp7ZcJNkl3Sz1Z9o3Gg-A5HK9OJquKZt0T8HlZsk	2024-11-23 20:11:20.456982+03	2024-11-24 20:11:20+03	\N	5ce5e0e5c1394f718461e7bfd4902498
495	eyJhbGciOiJIUzI1NiIsInR5cCI6IkpXVCJ9.eyJ0b2tlbl90eXBlIjoicmVmcmVzaCIsImV4cCI6MTczMjQ3MTc3MSwiaWF0IjoxNzMyMzg1MzcxLCJqdGkiOiIwM2M4YTMyNWM4OGY0OGRlOTk2NDhjZDVkNDI1Y2E3ZCIsInVzZXJfaWQiOjE2fQ.aqpkoVXyr_Ei7Sc7NHVYisvVqi-tHzumJqMmcjT9dtY	2024-11-23 21:09:31.843834+03	2024-11-24 21:09:31+03	\N	03c8a325c88f48de99648cd5d425ca7d
498	eyJhbGciOiJIUzI1NiIsInR5cCI6IkpXVCJ9.eyJ0b2tlbl90eXBlIjoicmVmcmVzaCIsImV4cCI6MTczMjQ3Mzg2MSwiaWF0IjoxNzMyMzg3NDYxLCJqdGkiOiJmMmFlNGRhZDQwZGE0OWMwYjhjNzhjYmI3OGY2NjhmNyIsInVzZXJfaWQiOjE2fQ.N8yKkD_PXpkoiAci8hBtf2IjbGxk-lyHrKvxWM_IWks	2024-11-23 21:44:21.294806+03	2024-11-24 21:44:21+03	\N	f2ae4dad40da49c0b8c78cbb78f668f7
499	eyJhbGciOiJIUzI1NiIsInR5cCI6IkpXVCJ9.eyJ0b2tlbl90eXBlIjoicmVmcmVzaCIsImV4cCI6MTczMjQ3MzkzMywiaWF0IjoxNzMyMzg3NTMzLCJqdGkiOiJmZGRlN2U3OTFjZWM0YWZiYTE2YzllYTMzZThmNmJlZSIsInVzZXJfaWQiOjE2fQ.yPPYTT-vw40xgMat0KHytTTEFp-_AOhq8OO55mXk1lA	2024-11-23 21:45:33.284271+03	2024-11-24 21:45:33+03	\N	fdde7e791cec4afba16c9ea33e8f6bee
500	eyJhbGciOiJIUzI1NiIsInR5cCI6IkpXVCJ9.eyJ0b2tlbl90eXBlIjoicmVmcmVzaCIsImV4cCI6MTczMjQ3NDAyMywiaWF0IjoxNzMyMzg3NjIzLCJqdGkiOiI1ODFhMWY0YTZmYjM0ZmE4YjQ0OWU1NTFkNzU2ODYxNiIsInVzZXJfaWQiOjE2fQ.OIbeOjj6pNrn0OCI589g-n-WEYfXZs7Ws9i_B0VFWBM	2024-11-23 21:47:03.781931+03	2024-11-24 21:47:03+03	\N	581a1f4a6fb34fa8b449e551d7568616
501	eyJhbGciOiJIUzI1NiIsInR5cCI6IkpXVCJ9.eyJ0b2tlbl90eXBlIjoicmVmcmVzaCIsImV4cCI6MTczMjQ3NDI2MSwiaWF0IjoxNzMyMzg3ODYxLCJqdGkiOiJiMWMzMTdlYTlmZDM0MmMzYjJhODY2M2M2NWI2MjY5YyIsInVzZXJfaWQiOjE2fQ.nUGpBj32TbV8O5gmS7GkVip0o1QQIiDVN8KcMb739qA	2024-11-23 21:51:01.384367+03	2024-11-24 21:51:01+03	\N	b1c317ea9fd342c3b2a8663c65b6269c
502	eyJhbGciOiJIUzI1NiIsInR5cCI6IkpXVCJ9.eyJ0b2tlbl90eXBlIjoicmVmcmVzaCIsImV4cCI6MTczMjQ3NDg4NSwiaWF0IjoxNzMyMzg4NDg1LCJqdGkiOiI4MDBjMzQyM2UwODI0MGNlYWU0YzIwZDUzYWJlNWYwOSIsInVzZXJfaWQiOjE2fQ.w_sxixe2-nEmlGQ0iMVbHoF7_TicbbvKi0aVL_78Bio	2024-11-23 22:01:25.603449+03	2024-11-24 22:01:25+03	\N	800c3423e08240ceae4c20d53abe5f09
503	eyJhbGciOiJIUzI1NiIsInR5cCI6IkpXVCJ9.eyJ0b2tlbl90eXBlIjoicmVmcmVzaCIsImV4cCI6MTczMjQ3NzcwNywiaWF0IjoxNzMyMzkxMzA3LCJqdGkiOiJiMzRmMTBlMzEwZTQ0ODNmODlkY2M2OWM0NzNhNDY5ZiIsInVzZXJfaWQiOjE2fQ.b55ZYHZx4LEZ2aKzQLHLj1irobNR3YvL08CfH_Et2k0	2024-11-23 22:48:27.189431+03	2024-11-24 22:48:27+03	\N	b34f10e310e4483f89dcc69c473a469f
504	eyJhbGciOiJIUzI1NiIsInR5cCI6IkpXVCJ9.eyJ0b2tlbl90eXBlIjoicmVmcmVzaCIsImV4cCI6MTczMjQ4MDIyNSwiaWF0IjoxNzMyMzkzODI1LCJqdGkiOiJkZThhMWYwMGYxMTk0NzE0OGFmMGZjNmMxYzY5MWYxYiIsInVzZXJfaWQiOjE2fQ.KGD12vKzhslt3X6cRDOkBPed0OQ0AftDSSVz7cegtAE	2024-11-23 23:30:25.461233+03	2024-11-24 23:30:25+03	\N	de8a1f00f11947148af0fc6c1c691f1b
505	eyJhbGciOiJIUzI1NiIsInR5cCI6IkpXVCJ9.eyJ0b2tlbl90eXBlIjoicmVmcmVzaCIsImV4cCI6MTczMjQ4MDY4OSwiaWF0IjoxNzMyMzk0Mjg5LCJqdGkiOiIwMmMzMzI2NTA2MGU0MWFiYjU4MjliM2RmN2YzODE5OSIsInVzZXJfaWQiOjE2fQ.Klcc680nb7KA4GELdeWUfzeUM5lQqVFHwC6BDNFNdmU	2024-11-23 23:38:09.577243+03	2024-11-24 23:38:09+03	\N	02c33265060e41abb5829b3df7f38199
506	eyJhbGciOiJIUzI1NiIsInR5cCI6IkpXVCJ9.eyJ0b2tlbl90eXBlIjoicmVmcmVzaCIsImV4cCI6MTczMjQ4MTIzNiwiaWF0IjoxNzMyMzk0ODM2LCJqdGkiOiI0YjNiMDliNmY1OGM0NjEyYWJjZWM2MDY2ZDYyYTcwNyIsInVzZXJfaWQiOjE2fQ.4lAz7KtA4OTSOpvHTcB3R36zkyFXXcGsdEIc2aT9uHI	2024-11-23 23:47:16.463296+03	2024-11-24 23:47:16+03	\N	4b3b09b6f58c4612abcec6066d62a707
507	eyJhbGciOiJIUzI1NiIsInR5cCI6IkpXVCJ9.eyJ0b2tlbl90eXBlIjoicmVmcmVzaCIsImV4cCI6MTczMjQ4MTU5MCwiaWF0IjoxNzMyMzk1MTkwLCJqdGkiOiIxMWZkZWRhNDRjNmU0YzMxYjFiYmY2YjMzMzAyYzZiNyIsInVzZXJfaWQiOjE2fQ.ccku6WU3xpQJfRxIohwWmBd_iY3Wj3pVHHBLQWAFHQc	2024-11-23 23:53:10.867397+03	2024-11-24 23:53:10+03	\N	11fdeda44c6e4c31b1bbf6b33302c6b7
508	eyJhbGciOiJIUzI1NiIsInR5cCI6IkpXVCJ9.eyJ0b2tlbl90eXBlIjoicmVmcmVzaCIsImV4cCI6MTczMjQ4MTc0MywiaWF0IjoxNzMyMzk1MzQzLCJqdGkiOiI5NzdlODY0MjlhMzI0MjJhYjBhYTM4YTY1N2U2ZTJhYiIsInVzZXJfaWQiOjE2fQ.ccGYH19cv15CgVncq8Xjm1hsWsQWUE4fHdHILThOrbg	2024-11-23 23:55:43.125979+03	2024-11-24 23:55:43+03	\N	977e86429a32422ab0aa38a657e6e2ab
509	eyJhbGciOiJIUzI1NiIsInR5cCI6IkpXVCJ9.eyJ0b2tlbl90eXBlIjoicmVmcmVzaCIsImV4cCI6MTczMjQ4MTk2MywiaWF0IjoxNzMyMzk1NTYzLCJqdGkiOiJhZWZmMmM5ZTkwNzQ0YWNlYTU2NjMzZjNkYzM3OWM2ZiIsInVzZXJfaWQiOjE2fQ.H0lYmzDkj9FO1TIJGgD3La6d0B-n7l1nuiGPKPppjgU	2024-11-23 23:59:23.226948+03	2024-11-24 23:59:23+03	\N	aeff2c9e90744acea56633f3dc379c6f
512	eyJhbGciOiJIUzI1NiIsInR5cCI6IkpXVCJ9.eyJ0b2tlbl90eXBlIjoicmVmcmVzaCIsImV4cCI6MTczMjU2MzAzMCwiaWF0IjoxNzMyNDc2NjMwLCJqdGkiOiI0NWQwMDRkYzRiNjY0OTFiOWIwOTcyODhlZDQ3MDAzOSIsInVzZXJfaWQiOjE2fQ.Ks9DE3EVDvoStu10jRH6i3pGWV14gstxGmfnHMsHhhk	2024-11-24 22:30:30.106623+03	2024-11-25 22:30:30+03	\N	45d004dc4b66491b9b097288ed470039
555	eyJhbGciOiJIUzI1NiIsInR5cCI6IkpXVCJ9.eyJ0b2tlbl90eXBlIjoicmVmcmVzaCIsImV4cCI6MTczMzU3NTUxOCwiaWF0IjoxNzMzNDg5MTE4LCJqdGkiOiJlNTJlNjJiMWY5NWY0NjI1YmYxYzU0YTQxYTIyYmQwYSIsInVzZXJfaWQiOiIxIn0.NAaRA7j71XPkaOBIPREUFH5J2o6r3gpJWfpOjaKSm4U	2024-12-06 15:45:18.047801+03	2024-12-07 15:45:18+03	1	e52e62b1f95f4625bf1c54a41a22bd0a
556	eyJhbGciOiJIUzI1NiIsInR5cCI6IkpXVCJ9.eyJ0b2tlbl90eXBlIjoicmVmcmVzaCIsImV4cCI6MTczMzU3NTY3MCwiaWF0IjoxNzMzNDg5MjcwLCJqdGkiOiJjYTM1YWVkYTk0ZGI0ZjI0OTAwNWFjNmUxOWVkZmQ5NyIsInVzZXJfaWQiOiIxIn0.jqeLjdiwF2vsfWnX2iosCpB5g9baI_7fTrVAYttkp9I	2024-12-06 15:47:50.895008+03	2024-12-07 15:47:50+03	1	ca35aeda94db4f249005ac6e19edfd97
557	eyJhbGciOiJIUzI1NiIsInR5cCI6IkpXVCJ9.eyJ0b2tlbl90eXBlIjoicmVmcmVzaCIsImV4cCI6MTczMzU3NjYzMywiaWF0IjoxNzMzNDkwMjMzLCJqdGkiOiIwMDdiMDU3ZDI1M2Q0M2ZmYWU2NGQ2YjY4MjYzMDg4ZSIsInVzZXJfaWQiOiJjNDA5N2MyMS05MDM5LTQyNWQtOTM0NS1hZDUzODkxNWYyMzIifQ.OyDpO3lgcdyzNmBI6wr_dkerC1WM25G_sjJfTSuhDCg	2024-12-06 16:03:53.726636+03	2024-12-07 16:03:53+03	c4097c21-9039-425d-9345-ad538915f232	007b057d253d43ffae64d6b68263088e
558	eyJhbGciOiJIUzI1NiIsInR5cCI6IkpXVCJ9.eyJ0b2tlbl90eXBlIjoicmVmcmVzaCIsImV4cCI6MTczMzU4MTEwOCwiaWF0IjoxNzMzNDk0NzA4LCJqdGkiOiI0NmY1NGM4NDVhMzY0MzcyYjM1ZjdjNWI2MzhjNTE0OSIsInVzZXJfaWQiOiIxIn0.052bOfYR6_7Obbmn3zRixspy4zUlogHiLrDTK_lHAeA	2024-12-06 17:18:28.691114+03	2024-12-07 17:18:28+03	1	46f54c845a364372b35f7c5b638c5149
559	eyJhbGciOiJIUzI1NiIsInR5cCI6IkpXVCJ9.eyJ0b2tlbl90eXBlIjoicmVmcmVzaCIsImV4cCI6MTczMzU4MTE5NywiaWF0IjoxNzMzNDk0Nzk3LCJqdGkiOiJhMWM1ODdlZjkxZWI0NTk4OWNjZWVmMDYxNzI3NDA4MCIsInVzZXJfaWQiOiIxIn0.Sq0vb1cbgzMPOv__4TAsdh6vUy-ViPhO_NvYTno_3hA	2024-12-06 17:19:57.669163+03	2024-12-07 17:19:57+03	1	a1c587ef91eb45989cceef0617274080
560	eyJhbGciOiJIUzI1NiIsInR5cCI6IkpXVCJ9.eyJ0b2tlbl90eXBlIjoicmVmcmVzaCIsImV4cCI6MTczMzU4ODM5MSwiaWF0IjoxNzMzNTAxOTkxLCJqdGkiOiJmZjI2MGQ5NjQzYTQ0NTk1ODM3ZDdlYTI3YTYxMDYzYyIsInVzZXJfaWQiOiIxIn0.Qc5SrWFErbcGwYJPzSqaZm9EEIXto1pZT4L7nXvNiyg	2024-12-06 19:19:51.569306+03	2024-12-07 19:19:51+03	1	ff260d9643a44595837d7ea27a61063c
561	eyJhbGciOiJIUzI1NiIsInR5cCI6IkpXVCJ9.eyJ0b2tlbl90eXBlIjoicmVmcmVzaCIsImV4cCI6MTczMzU5NjAyNywiaWF0IjoxNzMzNTA5NjI3LCJqdGkiOiJjMjE0YmZjMjc3YTA0MGI3YmI5MGY2OGMwNzAxNGQ0NiIsInVzZXJfaWQiOiIxIn0.wXTj4ssW9LS1rMirQU6P3OxixmqMnRrcM1Q-Oir_6MM	2024-12-06 21:27:07.546823+03	2024-12-07 21:27:07+03	1	c214bfc277a040b7bb90f68c07014d46
562	eyJhbGciOiJIUzI1NiIsInR5cCI6IkpXVCJ9.eyJ0b2tlbl90eXBlIjoicmVmcmVzaCIsImV4cCI6MTczMzU5NzYzOCwiaWF0IjoxNzMzNTExMjM4LCJqdGkiOiJhYmUwNjlkOWY1NmQ0MWRmYTEwZjVlMjAyNzA4MDQ2MCIsInVzZXJfaWQiOiIxIn0.JFRK2ZQIZUmvrkTiZwifuH2HswL5_KHe2kroWO5nPtk	2024-12-06 21:53:58.277769+03	2024-12-07 21:53:58+03	1	abe069d9f56d41dfa10f5e2027080460
563	eyJhbGciOiJIUzI1NiIsInR5cCI6IkpXVCJ9.eyJ0b2tlbl90eXBlIjoicmVmcmVzaCIsImV4cCI6MTczMzc1Mzg3NSwiaWF0IjoxNzMzNjY3NDc1LCJqdGkiOiJhMWFhZjAyNWExNzc0NjFjYjExOTg3YzUxYzgxNzU4NiIsInVzZXJfaWQiOiIxIn0.NKJBgMWRFH3L_gzWcqta9rgOqmUZBZe8GA5pk0hQxqg	2024-12-08 17:17:55.46989+03	2024-12-09 17:17:55+03	1	a1aaf025a177461cb11987c51c817586
564	eyJhbGciOiJIUzI1NiIsInR5cCI6IkpXVCJ9.eyJ0b2tlbl90eXBlIjoicmVmcmVzaCIsImV4cCI6MTczMzc2NDg2NiwiaWF0IjoxNzMzNjc4NDY2LCJqdGkiOiIzNTQ3ZjE1ZTJjMzI0YjlmYTI0NjQ2ZWRmNzJlOGUyNSIsInVzZXJfaWQiOiIxIn0.fmukNh9LAK2peC9kJYnExV3x_Psd-jBp7X5JFKrkVeY	2024-12-08 20:21:06.576467+03	2024-12-09 20:21:06+03	1	3547f15e2c324b9fa24646edf72e8e25
565	eyJhbGciOiJIUzI1NiIsInR5cCI6IkpXVCJ9.eyJ0b2tlbl90eXBlIjoicmVmcmVzaCIsImV4cCI6MTczMzc2NTEzNywiaWF0IjoxNzMzNjc4NzM3LCJqdGkiOiI0ODAzN2U4MTU2ZGU0NWE3YTMyYTljOWE3ZjMzMjkwZSIsInVzZXJfaWQiOiIxIn0.PWl3-J4zNMyI-LK69tOTVv505JAi6nwlwNPeJnf3BqA	2024-12-08 20:25:37.886223+03	2024-12-09 20:25:37+03	1	48037e8156de45a7a32a9c9a7f33290e
566	eyJhbGciOiJIUzI1NiIsInR5cCI6IkpXVCJ9.eyJ0b2tlbl90eXBlIjoicmVmcmVzaCIsImV4cCI6MTczMzc3MDI0OSwiaWF0IjoxNzMzNjgzODQ5LCJqdGkiOiIzNTJlMjFlNDI2ZTM0NjI5OWMzOTcyOGM2NzE5MzA4NCIsInVzZXJfaWQiOiIxIn0.R22-LBtn-PbvtBS03s2gJwbsy7IlbelTOsWXvdYFGe4	2024-12-08 21:50:49.574348+03	2024-12-09 21:50:49+03	1	352e21e426e346299c39728c67193084
567	eyJhbGciOiJIUzI1NiIsInR5cCI6IkpXVCJ9.eyJ0b2tlbl90eXBlIjoicmVmcmVzaCIsImV4cCI6MTczMzgzNjUzMCwiaWF0IjoxNzMzNzUwMTMwLCJqdGkiOiJmZmYxYzAyODAxMjk0ZTEzOTdkZDEyMjJmOGFmNmJhNiIsInVzZXJfaWQiOiIxIn0.cKCiW8yPOG9-O014toIt4aWU3j_tm-u7nSz6-RsHNqg	2024-12-09 16:15:30.081972+03	2024-12-10 16:15:30+03	1	fff1c02801294e1397dd1222f8af6ba6
568	eyJhbGciOiJIUzI1NiIsInR5cCI6IkpXVCJ9.eyJ0b2tlbl90eXBlIjoicmVmcmVzaCIsImV4cCI6MTczMzgzNzAxNywiaWF0IjoxNzMzNzUwNjE3LCJqdGkiOiJkYTZmNmUyMDBkYTU0NWQwYTFmYmU3Njc4MTVkZjI3NSIsInVzZXJfaWQiOiIxIn0.xGtZCFFpDYG2Hv6dt8XRb47J2z4hm-C4QVdheH6nAjk	2024-12-09 16:23:37.947034+03	2024-12-10 16:23:37+03	1	da6f6e200da545d0a1fbe767815df275
569	eyJhbGciOiJIUzI1NiIsInR5cCI6IkpXVCJ9.eyJ0b2tlbl90eXBlIjoicmVmcmVzaCIsImV4cCI6MTczMzgzNzI1OCwiaWF0IjoxNzMzNzUwODU4LCJqdGkiOiJhNWE0MDc5MTk5OTA0Nzk0OGJkNGRmYmQ3NGI5NjliMCIsInVzZXJfaWQiOiIxIn0.mmx8wG6VY2CbE65DtcibjG_fs8sy_6iNU3fupiipAUo	2024-12-09 16:27:38.850454+03	2024-12-10 16:27:38+03	1	a5a40791999047948bd4dfbd74b969b0
570	eyJhbGciOiJIUzI1NiIsInR5cCI6IkpXVCJ9.eyJ0b2tlbl90eXBlIjoicmVmcmVzaCIsImV4cCI6MTczMzgzODM5OCwiaWF0IjoxNzMzNzUxOTk4LCJqdGkiOiIyMmZmMDIyMGFlYTg0OWI5YWE5ZDRkZGUwYzViMzk5MyIsInVzZXJfaWQiOiIxIn0.ATKB8GdDGAl_4JOwS9F4KKAUKeamJs7NEVwv4eB4E34	2024-12-09 16:46:38.927619+03	2024-12-10 16:46:38+03	1	22ff0220aea849b9aa9d4dde0c5b3993
571	eyJhbGciOiJIUzI1NiIsInR5cCI6IkpXVCJ9.eyJ0b2tlbl90eXBlIjoicmVmcmVzaCIsImV4cCI6MTczMzg0OTUwMSwiaWF0IjoxNzMzNzYzMTAxLCJqdGkiOiI5NWY5ZmVhMzI3OGE0ZWI2YjgzNmEzMzQ1ZTNhYjNhOSIsInVzZXJfaWQiOiIxIn0.9aEBObvt3_QVvlQ1_E5FpUiX3oVdzomClTx_HNj-jJo	2024-12-09 19:51:41.687738+03	2024-12-10 19:51:41+03	1	95f9fea3278a4eb6b836a3345e3ab3a9
572	eyJhbGciOiJIUzI1NiIsInR5cCI6IkpXVCJ9.eyJ0b2tlbl90eXBlIjoicmVmcmVzaCIsImV4cCI6MTczMzg1MzAxMiwiaWF0IjoxNzMzNzY2NjEyLCJqdGkiOiJmNzNmNGJlZmJiZTU0MzJmYWRlMjAzZGQwMGFmOGU2NSIsInVzZXJfaWQiOiIxIn0.rEKw49B6Bp3pKzr_9qomQ7vVy0gw5dInffELhInwvO8	2024-12-09 20:50:12.820642+03	2024-12-10 20:50:12+03	1	f73f4befbbe5432fade203dd00af8e65
573	eyJhbGciOiJIUzI1NiIsInR5cCI6IkpXVCJ9.eyJ0b2tlbl90eXBlIjoicmVmcmVzaCIsImV4cCI6MTczMzg1MzM0OSwiaWF0IjoxNzMzNzY2OTQ5LCJqdGkiOiJlNWNjZWQwZGI5ZTE0ZTVmOTRkMDg5MWU0ZjI1OWY5NiIsInVzZXJfaWQiOiI0In0.Lutyyo8J5PLTW_koJ3eQ9XT87vY-W-8lINCKYerlqXo	2024-12-09 20:55:49.17572+03	2024-12-10 20:55:49+03	4	e5cced0db9e14e5f94d0891e4f259f96
574	eyJhbGciOiJIUzI1NiIsInR5cCI6IkpXVCJ9.eyJ0b2tlbl90eXBlIjoicmVmcmVzaCIsImV4cCI6MTczMzg1MzM4OSwiaWF0IjoxNzMzNzY2OTg5LCJqdGkiOiI3YmM0MGU4MzM0ZDM0M2NiOWY0ZDkzOWM1Y2Y2NDE3NiIsInVzZXJfaWQiOiIxNyJ9.8XEzfTc1Lhn5d6qKl66ggfF07v6fjvCM9HnF08cwgvE	2024-12-09 20:56:29.749854+03	2024-12-10 20:56:29+03	17	7bc40e8334d343cb9f4d939c5cf64176
575	eyJhbGciOiJIUzI1NiIsInR5cCI6IkpXVCJ9.eyJ0b2tlbl90eXBlIjoicmVmcmVzaCIsImV4cCI6MTczMzg1MzQ0MCwiaWF0IjoxNzMzNzY3MDQwLCJqdGkiOiIzNTRiMDIxMTNhMzY0ZDI3YjRjZDg2M2MxM2NjYTczMSIsInVzZXJfaWQiOiIxIn0.9__MJQ1yn57oxKhtPMU0_Lfm8Ha7eqEjo1B5qTAkG3g	2024-12-09 20:57:20.2208+03	2024-12-10 20:57:20+03	1	354b02113a364d27b4cd863c13cca731
576	eyJhbGciOiJIUzI1NiIsInR5cCI6IkpXVCJ9.eyJ0b2tlbl90eXBlIjoicmVmcmVzaCIsImV4cCI6MTczMzg1MzQ3MiwiaWF0IjoxNzMzNzY3MDcyLCJqdGkiOiIwNWIxMjQ5M2FmMTQ0Zjg3OWZlNGQ1OWY5M2UwYjJkMyIsInVzZXJfaWQiOiIxNyJ9.oL3T5QEmlan_3X_Q4ROzJHgJlsNDGXPFj1ixHiIBJTM	2024-12-09 20:57:52.320508+03	2024-12-10 20:57:52+03	17	05b12493af144f879fe4d59f93e0b2d3
577	eyJhbGciOiJIUzI1NiIsInR5cCI6IkpXVCJ9.eyJ0b2tlbl90eXBlIjoicmVmcmVzaCIsImV4cCI6MTczNDAwMzg3MSwiaWF0IjoxNzMzOTE3NDcxLCJqdGkiOiJiYjk4NmRhMzE0Y2Y0ZTA5YjFkMmY1OGY4YThhMTA2YyIsInVzZXJfaWQiOiIxIn0.57eVmh3eWZBADTrJaD3mvel3TyMBGcroic8tnT7VVNg	2024-12-11 14:44:31.45851+03	2024-12-12 14:44:31+03	1	bb986da314cf4e09b1d2f58f8a8a106c
578	eyJhbGciOiJIUzI1NiIsInR5cCI6IkpXVCJ9.eyJ0b2tlbl90eXBlIjoicmVmcmVzaCIsImV4cCI6MTczNDAwNDA2OCwiaWF0IjoxNzMzOTE3NjY4LCJqdGkiOiJjYTA0ZWE4YTUwNWQ0MzM2OGY1YmMxYmUzNmFmMzBiZiIsInVzZXJfaWQiOiI0In0.AooIZsKWmYFlcGD_CWVgyPVHMugFFNn6QNLB7rbQ2jM	2024-12-11 14:47:48.430174+03	2024-12-12 14:47:48+03	4	ca04ea8a505d43368f5bc1be36af30bf
579	eyJhbGciOiJIUzI1NiIsInR5cCI6IkpXVCJ9.eyJ0b2tlbl90eXBlIjoicmVmcmVzaCIsImV4cCI6MTczNDAwNDEyNywiaWF0IjoxNzMzOTE3NzI3LCJqdGkiOiJiMmJhOGZmZjBjMDI0YzA0YjM5YjczY2E1NjU2OWJhMSIsInVzZXJfaWQiOiIxNyJ9.4iftyfulIe7_OykduQS3KqTOnNR_zSz_S5Q0Cmse5As	2024-12-11 14:48:47.604226+03	2024-12-12 14:48:47+03	17	b2ba8fff0c024c04b39b73ca56569ba1
580	eyJhbGciOiJIUzI1NiIsInR5cCI6IkpXVCJ9.eyJ0b2tlbl90eXBlIjoicmVmcmVzaCIsImV4cCI6MTczNDM1MTU5OSwiaWF0IjoxNzM0MjY1MTk5LCJqdGkiOiI2ODkyYjM1ODAzNjM0MjI2OTAxNDNkOGM1NmJhMjZlMyIsInVzZXJfaWQiOiIxNyJ9.xTjgjoa69XwQmnrFisoLZp9iufc76Y_87NaJZvEGljU	2024-12-15 15:19:59.084473+03	2024-12-16 15:19:59+03	17	6892b3580363422690143d8c56ba26e3
581	eyJhbGciOiJIUzI1NiIsInR5cCI6IkpXVCJ9.eyJ0b2tlbl90eXBlIjoicmVmcmVzaCIsImV4cCI6MTczNDM1NTE4OCwiaWF0IjoxNzM0MjY4Nzg4LCJqdGkiOiJhY2QxMjc4YjZhNTQ0ZGZlODY4YzI5NjZlZjgxZTM2ZiIsInVzZXJfaWQiOiIxIn0.3AAOgnYRlgb5QMeLjqRwzVbUVHTaTngu35cJ3xXGrwU	2024-12-15 16:19:48.21096+03	2024-12-16 16:19:48+03	1	acd1278b6a544dfe868c2966ef81e36f
582	eyJhbGciOiJIUzI1NiIsInR5cCI6IkpXVCJ9.eyJ0b2tlbl90eXBlIjoicmVmcmVzaCIsImV4cCI6MTczNDM2Nzc2NywiaWF0IjoxNzM0MjgxMzY3LCJqdGkiOiJhYTM1NjAyMjQyNzE0M2UwOGM5ZjNkMmE1MDgxMGU4YSIsInVzZXJfaWQiOiIxIn0.t1ATWzpHVUL6pYzwf4jtkaMrW-Sdk_27Yw6eFWm7qwE	2024-12-15 19:49:27.657363+03	2024-12-16 19:49:27+03	1	aa356022427143e08c9f3d2a50810e8a
583	eyJhbGciOiJIUzI1NiIsInR5cCI6IkpXVCJ9.eyJ0b2tlbl90eXBlIjoicmVmcmVzaCIsImV4cCI6MTczNDM2OTg3MiwiaWF0IjoxNzM0MjgzNDcyLCJqdGkiOiJhNGIzNTNiMzVmZmI0NDViYmI3YzE3MWQ5ZGY1ODhhYSIsInVzZXJfaWQiOiIxIn0.ugGgdlctRbTbNXAZhoBHU1NEbNxhi9rEhErJQEXOo-U	2024-12-15 20:24:32.85525+03	2024-12-16 20:24:32+03	1	a4b353b35ffb445bbb7c171d9df588aa
584	eyJhbGciOiJIUzI1NiIsInR5cCI6IkpXVCJ9.eyJ0b2tlbl90eXBlIjoicmVmcmVzaCIsImV4cCI6MTczNDM2OTg4MSwiaWF0IjoxNzM0MjgzNDgxLCJqdGkiOiJmNTIyNjUyNzVhNzg0NjYzODM5ZWIyMDkzMGZjZDE5ZiIsInVzZXJfaWQiOiIxIn0.oX00BB1pw3fPaPURGDq5OsrPBDchJ_p_pxJhvdC7Ugo	2024-12-15 20:24:41.902337+03	2024-12-16 20:24:41+03	1	f52265275a784663839eb20930fcd19f
585	eyJhbGciOiJIUzI1NiIsInR5cCI6IkpXVCJ9.eyJ0b2tlbl90eXBlIjoicmVmcmVzaCIsImV4cCI6MTczNDM2OTg4OCwiaWF0IjoxNzM0MjgzNDg4LCJqdGkiOiJjOTcyOWM0ZmRjNWI0NTlhODk4YmU1MDQ1MWEzZTQ1MiIsInVzZXJfaWQiOiIxIn0.xv7sdekchf9Y34nORICsCGcSx3QOpeJUQCMGQnfFmC4	2024-12-15 20:24:48.156146+03	2024-12-16 20:24:48+03	1	c9729c4fdc5b459a898be50451a3e452
586	eyJhbGciOiJIUzI1NiIsInR5cCI6IkpXVCJ9.eyJ0b2tlbl90eXBlIjoicmVmcmVzaCIsImV4cCI6MTczNDM2OTg5NiwiaWF0IjoxNzM0MjgzNDk2LCJqdGkiOiI1MTE0YTBhMGNhOTU0OTJhYWU1MzYwOWIzMTNiM2JhNyIsInVzZXJfaWQiOiIxIn0.hPdUVX1nLQ53Q_E-NrJK9rVZa2goSkCUHVMLUdfZz58	2024-12-15 20:24:56.226585+03	2024-12-16 20:24:56+03	1	5114a0a0ca95492aae53609b313b3ba7
587	eyJhbGciOiJIUzI1NiIsInR5cCI6IkpXVCJ9.eyJ0b2tlbl90eXBlIjoicmVmcmVzaCIsImV4cCI6MTczNDM2OTkwNSwiaWF0IjoxNzM0MjgzNTA1LCJqdGkiOiJjYzNhOGVhNGU2OTU0MDc3YjEyZDY4YjZjMzkxZGI5ZCIsInVzZXJfaWQiOiIxIn0.TVNP7MwnoyAV5oCvTosEJTQ_kuCm7mkEk6LYdKOqcv4	2024-12-15 20:25:05.608292+03	2024-12-16 20:25:05+03	1	cc3a8ea4e6954077b12d68b6c391db9d
588	eyJhbGciOiJIUzI1NiIsInR5cCI6IkpXVCJ9.eyJ0b2tlbl90eXBlIjoicmVmcmVzaCIsImV4cCI6MTczNDM2OTkzNSwiaWF0IjoxNzM0MjgzNTM1LCJqdGkiOiJiMGMyMTQ1YTNjM2M0Zjk1YTI1NGQ5ZTA4ZjIxYTIxOSIsInVzZXJfaWQiOiIxIn0.wxGsvF-hFibZVunECISG0UOguQV-sEyAEqIEw-w2G2c	2024-12-15 20:25:35.312913+03	2024-12-16 20:25:35+03	1	b0c2145a3c3c4f95a254d9e08f21a219
589	eyJhbGciOiJIUzI1NiIsInR5cCI6IkpXVCJ9.eyJ0b2tlbl90eXBlIjoicmVmcmVzaCIsImV4cCI6MTczNDM3MDk1OCwiaWF0IjoxNzM0Mjg0NTU4LCJqdGkiOiI3YjI4NWNmYzg3ZDU0NGY1OTRhODE1OTZmZTdmNmU3NyIsInVzZXJfaWQiOiIxIn0.cdSdgKJnV0L9UqQpMbRm3VD72YjM3q4R9efXkXc2NP0	2024-12-15 20:42:38.752813+03	2024-12-16 20:42:38+03	1	7b285cfc87d544f594a81596fe7f6e77
590	eyJhbGciOiJIUzI1NiIsInR5cCI6IkpXVCJ9.eyJ0b2tlbl90eXBlIjoicmVmcmVzaCIsImV4cCI6MTczNDM3MTExNywiaWF0IjoxNzM0Mjg0NzE3LCJqdGkiOiJmMmUyZjRhODllYWM0NGE1YTBmOWFjYWUxYzJmMjZlMyIsInVzZXJfaWQiOiIxIn0.vvfEXZmDA7Rw60rPhx2--KZWaG3cINW9WomLgjFZnCc	2024-12-15 20:45:17.688173+03	2024-12-16 20:45:17+03	1	f2e2f4a89eac44a5a0f9acae1c2f26e3
591	eyJhbGciOiJIUzI1NiIsInR5cCI6IkpXVCJ9.eyJ0b2tlbl90eXBlIjoicmVmcmVzaCIsImV4cCI6MTczNDM3MzEwOCwiaWF0IjoxNzM0Mjg2NzA4LCJqdGkiOiJhNzE3ZDJmYmM0NjU0ZDM1YTZjZTc2MGMyY2I5M2U2NyIsInVzZXJfaWQiOiIxIn0.HMovM7xiPLitKjzw5-80hdg4lrpuryzGpcoi_D1e_LM	2024-12-15 21:18:28.166165+03	2024-12-16 21:18:28+03	1	a717d2fbc4654d35a6ce760c2cb93e67
592	eyJhbGciOiJIUzI1NiIsInR5cCI6IkpXVCJ9.eyJ0b2tlbl90eXBlIjoicmVmcmVzaCIsImV4cCI6MTczNDUzMTI3MiwiaWF0IjoxNzM0NDQ0ODcyLCJqdGkiOiI5NzQ1MGViNGMyNGU0ZDczOWJlOTUyM2JhMzUxYWIzMiIsInVzZXJfaWQiOiJjNDA5N2MyMS05MDM5LTQyNWQtOTM0NS1hZDUzODkxNWYyMzIifQ.bNsL5-jcpvKUQiNN_nptSfxbgVi4Ex4AfZFnUKMpdYA	2024-12-17 17:14:32.582573+03	2024-12-18 17:14:32+03	c4097c21-9039-425d-9345-ad538915f232	97450eb4c24e4d739be9523ba351ab32
593	eyJhbGciOiJIUzI1NiIsInR5cCI6IkpXVCJ9.eyJ0b2tlbl90eXBlIjoicmVmcmVzaCIsImV4cCI6MTczNDUzMjQ3MCwiaWF0IjoxNzM0NDQ2MDcwLCJqdGkiOiJhZTQ5YTY5YzhhMmE0YWIwOGM4ODM2YzViMzQzOWQzMiIsInVzZXJfaWQiOiJjNDA5N2MyMS05MDM5LTQyNWQtOTM0NS1hZDUzODkxNWYyMzIifQ.YkIKsTm2luO0Z9oUFO-osJLSKuj0Cd9dyAjjX8DPRyk	2024-12-17 17:34:30.44191+03	2024-12-18 17:34:30+03	c4097c21-9039-425d-9345-ad538915f232	ae49a69c8a2a4ab08c8836c5b3439d32
594	eyJhbGciOiJIUzI1NiIsInR5cCI6IkpXVCJ9.eyJ0b2tlbl90eXBlIjoicmVmcmVzaCIsImV4cCI6MTczNDUzMjY0MywiaWF0IjoxNzM0NDQ2MjQzLCJqdGkiOiJiZjZhMzkyMmUyNzI0NDc2ODljZGE2Y2EyMTY5ZGRkOCIsInVzZXJfaWQiOiJjNDA5N2MyMS05MDM5LTQyNWQtOTM0NS1hZDUzODkxNWYyMzIifQ.BgNfE7wqM0ZK37GGVRR7b5bAHmaKvuknAAJUuNP0E2s	2024-12-17 17:37:23.393664+03	2024-12-18 17:37:23+03	c4097c21-9039-425d-9345-ad538915f232	bf6a3922e272447689cda6ca2169ddd8
\.


--
-- Name: Chat_account_groups_id_seq; Type: SEQUENCE SET; Schema: public; Owner: kenji
--

SELECT pg_catalog.setval('public."Chat_account_groups_id_seq"', 1, false);


--
-- Name: Chat_account_user_permissions_id_seq; Type: SEQUENCE SET; Schema: public; Owner: kenji
--

SELECT pg_catalog.setval('public."Chat_account_user_permissions_id_seq"', 60, true);


--
-- Name: Chat_onlinestatus_id_seq; Type: SEQUENCE SET; Schema: public; Owner: kenji
--

SELECT pg_catalog.setval('public."Chat_onlinestatus_id_seq"', 2, true);


--
-- Name: auth_group_id_seq; Type: SEQUENCE SET; Schema: public; Owner: kenji
--

SELECT pg_catalog.setval('public.auth_group_id_seq', 1, false);


--
-- Name: auth_group_permissions_id_seq; Type: SEQUENCE SET; Schema: public; Owner: kenji
--

SELECT pg_catalog.setval('public.auth_group_permissions_id_seq', 1, false);


--
-- Name: auth_permission_id_seq; Type: SEQUENCE SET; Schema: public; Owner: kenji
--

SELECT pg_catalog.setval('public.auth_permission_id_seq', 100, true);


--
-- Name: django_admin_log_id_seq; Type: SEQUENCE SET; Schema: public; Owner: kenji
--

SELECT pg_catalog.setval('public.django_admin_log_id_seq', 158, true);


--
-- Name: django_content_type_id_seq; Type: SEQUENCE SET; Schema: public; Owner: kenji
--

SELECT pg_catalog.setval('public.django_content_type_id_seq', 25, true);


--
-- Name: django_migrations_id_seq; Type: SEQUENCE SET; Schema: public; Owner: kenji
--

SELECT pg_catalog.setval('public.django_migrations_id_seq', 81, true);


--
-- Name: token_blacklist_blacklistedtoken_id_seq; Type: SEQUENCE SET; Schema: public; Owner: kenji
--

SELECT pg_catalog.setval('public.token_blacklist_blacklistedtoken_id_seq', 61, true);


--
-- Name: token_blacklist_outstandingtoken_id_seq; Type: SEQUENCE SET; Schema: public; Owner: kenji
--

SELECT pg_catalog.setval('public.token_blacklist_outstandingtoken_id_seq', 594, true);


--
-- Name: Chat_account Chat_account_email_key; Type: CONSTRAINT; Schema: public; Owner: kenji
--

ALTER TABLE ONLY public."Chat_account"
    ADD CONSTRAINT "Chat_account_email_key" UNIQUE (email);


--
-- Name: Chat_account_groups Chat_account_groups_account_id_group_id_eaedacdc_uniq; Type: CONSTRAINT; Schema: public; Owner: kenji
--

ALTER TABLE ONLY public."Chat_account_groups"
    ADD CONSTRAINT "Chat_account_groups_account_id_group_id_eaedacdc_uniq" UNIQUE (account_id, group_id);


--
-- Name: Chat_account_groups Chat_account_groups_pkey; Type: CONSTRAINT; Schema: public; Owner: kenji
--

ALTER TABLE ONLY public."Chat_account_groups"
    ADD CONSTRAINT "Chat_account_groups_pkey" PRIMARY KEY (id);


--
-- Name: Chat_account Chat_account_pkey; Type: CONSTRAINT; Schema: public; Owner: kenji
--

ALTER TABLE ONLY public."Chat_account"
    ADD CONSTRAINT "Chat_account_pkey" PRIMARY KEY (id);


--
-- Name: Chat_account_user_permissions Chat_account_user_permis_account_id_permission_id_f0c3c30b_uniq; Type: CONSTRAINT; Schema: public; Owner: kenji
--

ALTER TABLE ONLY public."Chat_account_user_permissions"
    ADD CONSTRAINT "Chat_account_user_permis_account_id_permission_id_f0c3c30b_uniq" UNIQUE (account_id, permission_id);


--
-- Name: Chat_account_user_permissions Chat_account_user_permissions_pkey; Type: CONSTRAINT; Schema: public; Owner: kenji
--

ALTER TABLE ONLY public."Chat_account_user_permissions"
    ADD CONSTRAINT "Chat_account_user_permissions_pkey" PRIMARY KEY (id);


--
-- Name: Chat_accountfollowers Chat_accountfollowers_follower_id_id_followed__112e3938_uniq; Type: CONSTRAINT; Schema: public; Owner: kenji
--

ALTER TABLE ONLY public."Chat_accountfollowers"
    ADD CONSTRAINT "Chat_accountfollowers_follower_id_id_followed__112e3938_uniq" UNIQUE (follower_id_id, followed_id_id);


--
-- Name: Chat_accountfollowers Chat_accountfollowers_pkey; Type: CONSTRAINT; Schema: public; Owner: kenji
--

ALTER TABLE ONLY public."Chat_accountfollowers"
    ADD CONSTRAINT "Chat_accountfollowers_pkey" PRIMARY KEY (id);


--
-- Name: Chat_aipagecarousels Chat_aipagecarousels_pkey; Type: CONSTRAINT; Schema: public; Owner: kenji
--

ALTER TABLE ONLY public."Chat_aipagecarousels"
    ADD CONSTRAINT "Chat_aipagecarousels_pkey" PRIMARY KEY (id);


--
-- Name: Chat_blacklistabletoken Chat_blacklistabletoken_pkey; Type: CONSTRAINT; Schema: public; Owner: kenji
--

ALTER TABLE ONLY public."Chat_blacklistabletoken"
    ADD CONSTRAINT "Chat_blacklistabletoken_pkey" PRIMARY KEY (key);


--
-- Name: Chat_blacklistabletoken Chat_blacklistabletoken_user_id_key; Type: CONSTRAINT; Schema: public; Owner: kenji
--

ALTER TABLE ONLY public."Chat_blacklistabletoken"
    ADD CONSTRAINT "Chat_blacklistabletoken_user_id_key" UNIQUE (user_id);


--
-- Name: Chat_communitychat Chat_communitychat_group_name_key; Type: CONSTRAINT; Schema: public; Owner: kenji
--

ALTER TABLE ONLY public."Chat_communitychat"
    ADD CONSTRAINT "Chat_communitychat_group_name_key" UNIQUE (group_name);


--
-- Name: Chat_communitychat Chat_communitychat_pkey; Type: CONSTRAINT; Schema: public; Owner: kenji
--

ALTER TABLE ONLY public."Chat_communitychat"
    ADD CONSTRAINT "Chat_communitychat_pkey" PRIMARY KEY (id);


--
-- Name: Chat_filetable Chat_filetable_pkey; Type: CONSTRAINT; Schema: public; Owner: kenji
--

ALTER TABLE ONLY public."Chat_filetable"
    ADD CONSTRAINT "Chat_filetable_pkey" PRIMARY KEY (id);


--
-- Name: Chat_foldertable Chat_foldertable_pkey; Type: CONSTRAINT; Schema: public; Owner: kenji
--

ALTER TABLE ONLY public."Chat_foldertable"
    ADD CONSTRAINT "Chat_foldertable_pkey" PRIMARY KEY (id);


--
-- Name: Chat_groupchat Chat_groupchat_group_name_key; Type: CONSTRAINT; Schema: public; Owner: kenji
--

ALTER TABLE ONLY public."Chat_groupchat"
    ADD CONSTRAINT "Chat_groupchat_group_name_key" UNIQUE (group_name);


--
-- Name: Chat_groupchat Chat_groupchat_pkey; Type: CONSTRAINT; Schema: public; Owner: kenji
--

ALTER TABLE ONLY public."Chat_groupchat"
    ADD CONSTRAINT "Chat_groupchat_pkey" PRIMARY KEY (id);


--
-- Name: Chat_groupchatuserslist Chat_groupchatuserslist_group_ref_id_email_3a91daa5_uniq; Type: CONSTRAINT; Schema: public; Owner: kenji
--

ALTER TABLE ONLY public."Chat_groupchatuserslist"
    ADD CONSTRAINT "Chat_groupchatuserslist_group_ref_id_email_3a91daa5_uniq" UNIQUE (group_ref_id, email);


--
-- Name: Chat_groupchatuserslist Chat_groupchatuserslist_pkey; Type: CONSTRAINT; Schema: public; Owner: kenji
--

ALTER TABLE ONLY public."Chat_groupchatuserslist"
    ADD CONSTRAINT "Chat_groupchatuserslist_pkey" PRIMARY KEY (id);


--
-- Name: Chat_notepad Chat_notepad_pkey; Type: CONSTRAINT; Schema: public; Owner: kenji
--

ALTER TABLE ONLY public."Chat_notepad"
    ADD CONSTRAINT "Chat_notepad_pkey" PRIMARY KEY (id);


--
-- Name: Chat_notepad Chat_notepad_title_bc4cc9f8_uniq; Type: CONSTRAINT; Schema: public; Owner: kenji
--

ALTER TABLE ONLY public."Chat_notepad"
    ADD CONSTRAINT "Chat_notepad_title_bc4cc9f8_uniq" UNIQUE (title);


--
-- Name: Chat_onlinestatus Chat_onlinestatus_pkey; Type: CONSTRAINT; Schema: public; Owner: kenji
--

ALTER TABLE ONLY public."Chat_onlinestatus"
    ADD CONSTRAINT "Chat_onlinestatus_pkey" PRIMARY KEY (id);


--
-- Name: Chat_personalchats Chat_personalchats_encryptionKey_ea774b4d_uniq; Type: CONSTRAINT; Schema: public; Owner: kenji
--

ALTER TABLE ONLY public."Chat_personalchats"
    ADD CONSTRAINT "Chat_personalchats_encryptionKey_ea774b4d_uniq" UNIQUE ("encryptionKey");


--
-- Name: Chat_personalchats Chat_personalchats_group_name_key; Type: CONSTRAINT; Schema: public; Owner: kenji
--

ALTER TABLE ONLY public."Chat_personalchats"
    ADD CONSTRAINT "Chat_personalchats_group_name_key" UNIQUE (group_name);


--
-- Name: Chat_personalchats Chat_personalchats_pkey; Type: CONSTRAINT; Schema: public; Owner: kenji
--

ALTER TABLE ONLY public."Chat_personalchats"
    ADD CONSTRAINT "Chat_personalchats_pkey" PRIMARY KEY (id);


--
-- Name: Chat_post Chat_post_pkey; Type: CONSTRAINT; Schema: public; Owner: kenji
--

ALTER TABLE ONLY public."Chat_post"
    ADD CONSTRAINT "Chat_post_pkey" PRIMARY KEY (id);


--
-- Name: Chat_postcomment Chat_postcomment_pkey; Type: CONSTRAINT; Schema: public; Owner: kenji
--

ALTER TABLE ONLY public."Chat_postcomment"
    ADD CONSTRAINT "Chat_postcomment_pkey" PRIMARY KEY (id);


--
-- Name: Chat_requesttable Chat_requesttable_pkey; Type: CONSTRAINT; Schema: public; Owner: kenji
--

ALTER TABLE ONLY public."Chat_requesttable"
    ADD CONSTRAINT "Chat_requesttable_pkey" PRIMARY KEY (id);


--
-- Name: Chat_savedpost Chat_savedpost_pkey; Type: CONSTRAINT; Schema: public; Owner: kenji
--

ALTER TABLE ONLY public."Chat_savedpost"
    ADD CONSTRAINT "Chat_savedpost_pkey" PRIMARY KEY (id);


--
-- Name: Chat_savedpost Chat_savedpost_post_id_account_email_id_b7e2175b_uniq; Type: CONSTRAINT; Schema: public; Owner: kenji
--

ALTER TABLE ONLY public."Chat_savedpost"
    ADD CONSTRAINT "Chat_savedpost_post_id_account_email_id_b7e2175b_uniq" UNIQUE (post_id, account_email_id);


--
-- Name: auth_group auth_group_name_key; Type: CONSTRAINT; Schema: public; Owner: kenji
--

ALTER TABLE ONLY public.auth_group
    ADD CONSTRAINT auth_group_name_key UNIQUE (name);


--
-- Name: auth_group_permissions auth_group_permissions_group_id_permission_id_0cd325b0_uniq; Type: CONSTRAINT; Schema: public; Owner: kenji
--

ALTER TABLE ONLY public.auth_group_permissions
    ADD CONSTRAINT auth_group_permissions_group_id_permission_id_0cd325b0_uniq UNIQUE (group_id, permission_id);


--
-- Name: auth_group_permissions auth_group_permissions_pkey; Type: CONSTRAINT; Schema: public; Owner: kenji
--

ALTER TABLE ONLY public.auth_group_permissions
    ADD CONSTRAINT auth_group_permissions_pkey PRIMARY KEY (id);


--
-- Name: auth_group auth_group_pkey; Type: CONSTRAINT; Schema: public; Owner: kenji
--

ALTER TABLE ONLY public.auth_group
    ADD CONSTRAINT auth_group_pkey PRIMARY KEY (id);


--
-- Name: auth_permission auth_permission_content_type_id_codename_01ab375a_uniq; Type: CONSTRAINT; Schema: public; Owner: kenji
--

ALTER TABLE ONLY public.auth_permission
    ADD CONSTRAINT auth_permission_content_type_id_codename_01ab375a_uniq UNIQUE (content_type_id, codename);


--
-- Name: auth_permission auth_permission_pkey; Type: CONSTRAINT; Schema: public; Owner: kenji
--

ALTER TABLE ONLY public.auth_permission
    ADD CONSTRAINT auth_permission_pkey PRIMARY KEY (id);


--
-- Name: django_admin_log django_admin_log_pkey; Type: CONSTRAINT; Schema: public; Owner: kenji
--

ALTER TABLE ONLY public.django_admin_log
    ADD CONSTRAINT django_admin_log_pkey PRIMARY KEY (id);


--
-- Name: django_content_type django_content_type_app_label_model_76bd3d3b_uniq; Type: CONSTRAINT; Schema: public; Owner: kenji
--

ALTER TABLE ONLY public.django_content_type
    ADD CONSTRAINT django_content_type_app_label_model_76bd3d3b_uniq UNIQUE (app_label, model);


--
-- Name: django_content_type django_content_type_pkey; Type: CONSTRAINT; Schema: public; Owner: kenji
--

ALTER TABLE ONLY public.django_content_type
    ADD CONSTRAINT django_content_type_pkey PRIMARY KEY (id);


--
-- Name: django_migrations django_migrations_pkey; Type: CONSTRAINT; Schema: public; Owner: kenji
--

ALTER TABLE ONLY public.django_migrations
    ADD CONSTRAINT django_migrations_pkey PRIMARY KEY (id);


--
-- Name: django_session django_session_pkey; Type: CONSTRAINT; Schema: public; Owner: kenji
--

ALTER TABLE ONLY public.django_session
    ADD CONSTRAINT django_session_pkey PRIMARY KEY (session_key);


--
-- Name: token_blacklist_blacklistedtoken token_blacklist_blacklistedtoken_pkey; Type: CONSTRAINT; Schema: public; Owner: kenji
--

ALTER TABLE ONLY public.token_blacklist_blacklistedtoken
    ADD CONSTRAINT token_blacklist_blacklistedtoken_pkey PRIMARY KEY (id);


--
-- Name: token_blacklist_blacklistedtoken token_blacklist_blacklistedtoken_token_id_key; Type: CONSTRAINT; Schema: public; Owner: kenji
--

ALTER TABLE ONLY public.token_blacklist_blacklistedtoken
    ADD CONSTRAINT token_blacklist_blacklistedtoken_token_id_key UNIQUE (token_id);


--
-- Name: token_blacklist_outstandingtoken token_blacklist_outstandingtoken_jti_hex_d9bdf6f7_uniq; Type: CONSTRAINT; Schema: public; Owner: kenji
--

ALTER TABLE ONLY public.token_blacklist_outstandingtoken
    ADD CONSTRAINT token_blacklist_outstandingtoken_jti_hex_d9bdf6f7_uniq UNIQUE (jti);


--
-- Name: token_blacklist_outstandingtoken token_blacklist_outstandingtoken_pkey; Type: CONSTRAINT; Schema: public; Owner: kenji
--

ALTER TABLE ONLY public.token_blacklist_outstandingtoken
    ADD CONSTRAINT token_blacklist_outstandingtoken_pkey PRIMARY KEY (id);


--
-- Name: Chat_account_email_8c9aba2a_like; Type: INDEX; Schema: public; Owner: kenji
--

CREATE INDEX "Chat_account_email_8c9aba2a_like" ON public."Chat_account" USING btree (email varchar_pattern_ops);


--
-- Name: Chat_account_groups_account_id_fa26b12e; Type: INDEX; Schema: public; Owner: kenji
--

CREATE INDEX "Chat_account_groups_account_id_fa26b12e" ON public."Chat_account_groups" USING btree (account_id);


--
-- Name: Chat_account_groups_group_id_4db6c612; Type: INDEX; Schema: public; Owner: kenji
--

CREATE INDEX "Chat_account_groups_group_id_4db6c612" ON public."Chat_account_groups" USING btree (group_id);


--
-- Name: Chat_account_user_permissions_account_id_b6538b32; Type: INDEX; Schema: public; Owner: kenji
--

CREATE INDEX "Chat_account_user_permissions_account_id_b6538b32" ON public."Chat_account_user_permissions" USING btree (account_id);


--
-- Name: Chat_account_user_permissions_permission_id_0317846b; Type: INDEX; Schema: public; Owner: kenji
--

CREATE INDEX "Chat_account_user_permissions_permission_id_0317846b" ON public."Chat_account_user_permissions" USING btree (permission_id);


--
-- Name: Chat_accountfollowers_followed_id_id_e536dd2a; Type: INDEX; Schema: public; Owner: kenji
--

CREATE INDEX "Chat_accountfollowers_followed_id_id_e536dd2a" ON public."Chat_accountfollowers" USING btree (followed_id_id);


--
-- Name: Chat_accountfollowers_follower_id_id_5c08ad1a; Type: INDEX; Schema: public; Owner: kenji
--

CREATE INDEX "Chat_accountfollowers_follower_id_id_5c08ad1a" ON public."Chat_accountfollowers" USING btree (follower_id_id);


--
-- Name: Chat_aipagecarousels_title_43fecba6; Type: INDEX; Schema: public; Owner: kenji
--

CREATE INDEX "Chat_aipagecarousels_title_43fecba6" ON public."Chat_aipagecarousels" USING btree (title);


--
-- Name: Chat_aipagecarousels_title_43fecba6_like; Type: INDEX; Schema: public; Owner: kenji
--

CREATE INDEX "Chat_aipagecarousels_title_43fecba6_like" ON public."Chat_aipagecarousels" USING btree (title varchar_pattern_ops);


--
-- Name: Chat_blacklistabletoken_key_0d3fe895_like; Type: INDEX; Schema: public; Owner: kenji
--

CREATE INDEX "Chat_blacklistabletoken_key_0d3fe895_like" ON public."Chat_blacklistabletoken" USING btree (key varchar_pattern_ops);


--
-- Name: Chat_communitychat_Creator_87bf90fb; Type: INDEX; Schema: public; Owner: kenji
--

CREATE INDEX "Chat_communitychat_Creator_87bf90fb" ON public."Chat_communitychat" USING btree ("Creator");


--
-- Name: Chat_communitychat_Creator_87bf90fb_like; Type: INDEX; Schema: public; Owner: kenji
--

CREATE INDEX "Chat_communitychat_Creator_87bf90fb_like" ON public."Chat_communitychat" USING btree ("Creator" varchar_pattern_ops);


--
-- Name: Chat_communitychat_account_email_id_d28f63eb; Type: INDEX; Schema: public; Owner: kenji
--

CREATE INDEX "Chat_communitychat_account_email_id_d28f63eb" ON public."Chat_communitychat" USING btree (account_email_id);


--
-- Name: Chat_communitychat_account_email_id_d28f63eb_like; Type: INDEX; Schema: public; Owner: kenji
--

CREATE INDEX "Chat_communitychat_account_email_id_d28f63eb_like" ON public."Chat_communitychat" USING btree (account_email_id varchar_pattern_ops);


--
-- Name: Chat_communitychat_group_name_5263d2bd_like; Type: INDEX; Schema: public; Owner: kenji
--

CREATE INDEX "Chat_communitychat_group_name_5263d2bd_like" ON public."Chat_communitychat" USING btree (group_name varchar_pattern_ops);


--
-- Name: Chat_communitychat_title_d903af0b; Type: INDEX; Schema: public; Owner: kenji
--

CREATE INDEX "Chat_communitychat_title_d903af0b" ON public."Chat_communitychat" USING btree (title);


--
-- Name: Chat_communitychat_title_d903af0b_like; Type: INDEX; Schema: public; Owner: kenji
--

CREATE INDEX "Chat_communitychat_title_d903af0b_like" ON public."Chat_communitychat" USING btree (title varchar_pattern_ops);


--
-- Name: Chat_filetable_account_email_id_7a05bc7c; Type: INDEX; Schema: public; Owner: kenji
--

CREATE INDEX "Chat_filetable_account_email_id_7a05bc7c" ON public."Chat_filetable" USING btree (account_email_id);


--
-- Name: Chat_filetable_account_email_id_7a05bc7c_like; Type: INDEX; Schema: public; Owner: kenji
--

CREATE INDEX "Chat_filetable_account_email_id_7a05bc7c_like" ON public."Chat_filetable" USING btree (account_email_id varchar_pattern_ops);


--
-- Name: Chat_filetable_folder_id_id_28e9c7c5; Type: INDEX; Schema: public; Owner: kenji
--

CREATE INDEX "Chat_filetable_folder_id_id_28e9c7c5" ON public."Chat_filetable" USING btree (folder_id_id);


--
-- Name: Chat_foldertable_account_email_id_de359a9e; Type: INDEX; Schema: public; Owner: kenji
--

CREATE INDEX "Chat_foldertable_account_email_id_de359a9e" ON public."Chat_foldertable" USING btree (account_email_id);


--
-- Name: Chat_foldertable_account_email_id_de359a9e_like; Type: INDEX; Schema: public; Owner: kenji
--

CREATE INDEX "Chat_foldertable_account_email_id_de359a9e_like" ON public."Chat_foldertable" USING btree (account_email_id varchar_pattern_ops);


--
-- Name: Chat_groupchat_Creator_9212a4d8; Type: INDEX; Schema: public; Owner: kenji
--

CREATE INDEX "Chat_groupchat_Creator_9212a4d8" ON public."Chat_groupchat" USING btree ("Creator");


--
-- Name: Chat_groupchat_Creator_9212a4d8_like; Type: INDEX; Schema: public; Owner: kenji
--

CREATE INDEX "Chat_groupchat_Creator_9212a4d8_like" ON public."Chat_groupchat" USING btree ("Creator" varchar_pattern_ops);


--
-- Name: Chat_groupchat_account_email_id_4ffead1b; Type: INDEX; Schema: public; Owner: kenji
--

CREATE INDEX "Chat_groupchat_account_email_id_4ffead1b" ON public."Chat_groupchat" USING btree (account_email_id);


--
-- Name: Chat_groupchat_account_email_id_4ffead1b_like; Type: INDEX; Schema: public; Owner: kenji
--

CREATE INDEX "Chat_groupchat_account_email_id_4ffead1b_like" ON public."Chat_groupchat" USING btree (account_email_id varchar_pattern_ops);


--
-- Name: Chat_groupchat_group_name_0046b321_like; Type: INDEX; Schema: public; Owner: kenji
--

CREATE INDEX "Chat_groupchat_group_name_0046b321_like" ON public."Chat_groupchat" USING btree (group_name varchar_pattern_ops);


--
-- Name: Chat_groupchat_title_1d8eedf8; Type: INDEX; Schema: public; Owner: kenji
--

CREATE INDEX "Chat_groupchat_title_1d8eedf8" ON public."Chat_groupchat" USING btree (title);


--
-- Name: Chat_groupchat_title_1d8eedf8_like; Type: INDEX; Schema: public; Owner: kenji
--

CREATE INDEX "Chat_groupchat_title_1d8eedf8_like" ON public."Chat_groupchat" USING btree (title varchar_pattern_ops);


--
-- Name: Chat_groupchatuserslist_email_f7524421; Type: INDEX; Schema: public; Owner: kenji
--

CREATE INDEX "Chat_groupchatuserslist_email_f7524421" ON public."Chat_groupchatuserslist" USING btree (email);


--
-- Name: Chat_groupchatuserslist_email_f7524421_like; Type: INDEX; Schema: public; Owner: kenji
--

CREATE INDEX "Chat_groupchatuserslist_email_f7524421_like" ON public."Chat_groupchatuserslist" USING btree (email varchar_pattern_ops);


--
-- Name: Chat_groupchatuserslist_group_ref_id_d5681915; Type: INDEX; Schema: public; Owner: kenji
--

CREATE INDEX "Chat_groupchatuserslist_group_ref_id_d5681915" ON public."Chat_groupchatuserslist" USING btree (group_ref_id);


--
-- Name: Chat_notepad_account_email_id_74a4b2fa; Type: INDEX; Schema: public; Owner: kenji
--

CREATE INDEX "Chat_notepad_account_email_id_74a4b2fa" ON public."Chat_notepad" USING btree (account_email_id);


--
-- Name: Chat_notepad_account_email_id_74a4b2fa_like; Type: INDEX; Schema: public; Owner: kenji
--

CREATE INDEX "Chat_notepad_account_email_id_74a4b2fa_like" ON public."Chat_notepad" USING btree (account_email_id varchar_pattern_ops);


--
-- Name: Chat_notepad_email_1cc0012e; Type: INDEX; Schema: public; Owner: kenji
--

CREATE INDEX "Chat_notepad_email_1cc0012e" ON public."Chat_notepad" USING btree (email);


--
-- Name: Chat_notepad_email_1cc0012e_like; Type: INDEX; Schema: public; Owner: kenji
--

CREATE INDEX "Chat_notepad_email_1cc0012e_like" ON public."Chat_notepad" USING btree (email varchar_pattern_ops);


--
-- Name: Chat_notepad_title_bc4cc9f8_like; Type: INDEX; Schema: public; Owner: kenji
--

CREATE INDEX "Chat_notepad_title_bc4cc9f8_like" ON public."Chat_notepad" USING btree (title text_pattern_ops);


--
-- Name: Chat_personalchats_email_8bf5c5a7; Type: INDEX; Schema: public; Owner: kenji
--

CREATE INDEX "Chat_personalchats_email_8bf5c5a7" ON public."Chat_personalchats" USING btree (email);


--
-- Name: Chat_personalchats_email_8bf5c5a7_like; Type: INDEX; Schema: public; Owner: kenji
--

CREATE INDEX "Chat_personalchats_email_8bf5c5a7_like" ON public."Chat_personalchats" USING btree (email varchar_pattern_ops);


--
-- Name: Chat_personalchats_encryptionKey_ea774b4d_like; Type: INDEX; Schema: public; Owner: kenji
--

CREATE INDEX "Chat_personalchats_encryptionKey_ea774b4d_like" ON public."Chat_personalchats" USING btree ("encryptionKey" varchar_pattern_ops);


--
-- Name: Chat_personalchats_group_name_e445992f_like; Type: INDEX; Schema: public; Owner: kenji
--

CREATE INDEX "Chat_personalchats_group_name_e445992f_like" ON public."Chat_personalchats" USING btree (group_name varchar_pattern_ops);


--
-- Name: Chat_post_account_email_id_856339d3; Type: INDEX; Schema: public; Owner: kenji
--

CREATE INDEX "Chat_post_account_email_id_856339d3" ON public."Chat_post" USING btree (account_email_id);


--
-- Name: Chat_post_account_email_id_856339d3_like; Type: INDEX; Schema: public; Owner: kenji
--

CREATE INDEX "Chat_post_account_email_id_856339d3_like" ON public."Chat_post" USING btree (account_email_id varchar_pattern_ops);


--
-- Name: Chat_postcomment_account_email_id_2d3db98e; Type: INDEX; Schema: public; Owner: kenji
--

CREATE INDEX "Chat_postcomment_account_email_id_2d3db98e" ON public."Chat_postcomment" USING btree (account_email_id);


--
-- Name: Chat_postcomment_account_email_id_2d3db98e_like; Type: INDEX; Schema: public; Owner: kenji
--

CREATE INDEX "Chat_postcomment_account_email_id_2d3db98e_like" ON public."Chat_postcomment" USING btree (account_email_id varchar_pattern_ops);


--
-- Name: Chat_postcomment_post_id_id_471c522b; Type: INDEX; Schema: public; Owner: kenji
--

CREATE INDEX "Chat_postcomment_post_id_id_471c522b" ON public."Chat_postcomment" USING btree (post_id_id);


--
-- Name: Chat_requesttable_Creator_ee7e9f91; Type: INDEX; Schema: public; Owner: kenji
--

CREATE INDEX "Chat_requesttable_Creator_ee7e9f91" ON public."Chat_requesttable" USING btree ("Creator");


--
-- Name: Chat_requesttable_Creator_ee7e9f91_like; Type: INDEX; Schema: public; Owner: kenji
--

CREATE INDEX "Chat_requesttable_Creator_ee7e9f91_like" ON public."Chat_requesttable" USING btree ("Creator" varchar_pattern_ops);


--
-- Name: Chat_requesttable_RoomName_eb7931f5; Type: INDEX; Schema: public; Owner: kenji
--

CREATE INDEX "Chat_requesttable_RoomName_eb7931f5" ON public."Chat_requesttable" USING btree ("RoomName");


--
-- Name: Chat_requesttable_RoomName_eb7931f5_like; Type: INDEX; Schema: public; Owner: kenji
--

CREATE INDEX "Chat_requesttable_RoomName_eb7931f5_like" ON public."Chat_requesttable" USING btree ("RoomName" varchar_pattern_ops);


--
-- Name: Chat_requesttable_UserId_04410dc0; Type: INDEX; Schema: public; Owner: kenji
--

CREATE INDEX "Chat_requesttable_UserId_04410dc0" ON public."Chat_requesttable" USING btree ("UserId");


--
-- Name: Chat_requesttable_UserId_04410dc0_like; Type: INDEX; Schema: public; Owner: kenji
--

CREATE INDEX "Chat_requesttable_UserId_04410dc0_like" ON public."Chat_requesttable" USING btree ("UserId" varchar_pattern_ops);


--
-- Name: Chat_requesttable_account_email_id_0ae016fa; Type: INDEX; Schema: public; Owner: kenji
--

CREATE INDEX "Chat_requesttable_account_email_id_0ae016fa" ON public."Chat_requesttable" USING btree (account_email_id);


--
-- Name: Chat_requesttable_account_email_id_0ae016fa_like; Type: INDEX; Schema: public; Owner: kenji
--

CREATE INDEX "Chat_requesttable_account_email_id_0ae016fa_like" ON public."Chat_requesttable" USING btree (account_email_id varchar_pattern_ops);


--
-- Name: Chat_savedpost_account_email_id_4c51ba82; Type: INDEX; Schema: public; Owner: kenji
--

CREATE INDEX "Chat_savedpost_account_email_id_4c51ba82" ON public."Chat_savedpost" USING btree (account_email_id);


--
-- Name: Chat_savedpost_account_email_id_4c51ba82_like; Type: INDEX; Schema: public; Owner: kenji
--

CREATE INDEX "Chat_savedpost_account_email_id_4c51ba82_like" ON public."Chat_savedpost" USING btree (account_email_id varchar_pattern_ops);


--
-- Name: Chat_savedpost_post_id_id_a1ff58c4; Type: INDEX; Schema: public; Owner: kenji
--

CREATE INDEX "Chat_savedpost_post_id_id_a1ff58c4" ON public."Chat_savedpost" USING btree (post_id);


--
-- Name: auth_group_name_a6ea08ec_like; Type: INDEX; Schema: public; Owner: kenji
--

CREATE INDEX auth_group_name_a6ea08ec_like ON public.auth_group USING btree (name varchar_pattern_ops);


--
-- Name: auth_group_permissions_group_id_b120cbf9; Type: INDEX; Schema: public; Owner: kenji
--

CREATE INDEX auth_group_permissions_group_id_b120cbf9 ON public.auth_group_permissions USING btree (group_id);


--
-- Name: auth_group_permissions_permission_id_84c5c92e; Type: INDEX; Schema: public; Owner: kenji
--

CREATE INDEX auth_group_permissions_permission_id_84c5c92e ON public.auth_group_permissions USING btree (permission_id);


--
-- Name: auth_permission_content_type_id_2f476e4b; Type: INDEX; Schema: public; Owner: kenji
--

CREATE INDEX auth_permission_content_type_id_2f476e4b ON public.auth_permission USING btree (content_type_id);


--
-- Name: django_admin_log_content_type_id_c4bce8eb; Type: INDEX; Schema: public; Owner: kenji
--

CREATE INDEX django_admin_log_content_type_id_c4bce8eb ON public.django_admin_log USING btree (content_type_id);


--
-- Name: django_admin_log_user_id_c564eba6; Type: INDEX; Schema: public; Owner: kenji
--

CREATE INDEX django_admin_log_user_id_c564eba6 ON public.django_admin_log USING btree (user_id);


--
-- Name: django_session_expire_date_a5c62663; Type: INDEX; Schema: public; Owner: kenji
--

CREATE INDEX django_session_expire_date_a5c62663 ON public.django_session USING btree (expire_date);


--
-- Name: django_session_session_key_c0390e0f_like; Type: INDEX; Schema: public; Owner: kenji
--

CREATE INDEX django_session_session_key_c0390e0f_like ON public.django_session USING btree (session_key varchar_pattern_ops);


--
-- Name: token_blacklist_outstandingtoken_jti_hex_d9bdf6f7_like; Type: INDEX; Schema: public; Owner: kenji
--

CREATE INDEX token_blacklist_outstandingtoken_jti_hex_d9bdf6f7_like ON public.token_blacklist_outstandingtoken USING btree (jti varchar_pattern_ops);


--
-- Name: token_blacklist_outstandingtoken_user_id_83bc629a; Type: INDEX; Schema: public; Owner: kenji
--

CREATE INDEX token_blacklist_outstandingtoken_user_id_83bc629a ON public.token_blacklist_outstandingtoken USING btree (user_id);


--
-- Name: Chat_account_groups Chat_account_groups_account_id_fa26b12e_fk; Type: FK CONSTRAINT; Schema: public; Owner: kenji
--

ALTER TABLE ONLY public."Chat_account_groups"
    ADD CONSTRAINT "Chat_account_groups_account_id_fa26b12e_fk" FOREIGN KEY (account_id) REFERENCES public."Chat_account"(id) DEFERRABLE INITIALLY DEFERRED;


--
-- Name: Chat_account_groups Chat_account_groups_group_id_4db6c612_fk_auth_group_id; Type: FK CONSTRAINT; Schema: public; Owner: kenji
--

ALTER TABLE ONLY public."Chat_account_groups"
    ADD CONSTRAINT "Chat_account_groups_group_id_4db6c612_fk_auth_group_id" FOREIGN KEY (group_id) REFERENCES public.auth_group(id) DEFERRABLE INITIALLY DEFERRED;


--
-- Name: Chat_account_user_permissions Chat_account_user_pe_permission_id_0317846b_fk_auth_perm; Type: FK CONSTRAINT; Schema: public; Owner: kenji
--

ALTER TABLE ONLY public."Chat_account_user_permissions"
    ADD CONSTRAINT "Chat_account_user_pe_permission_id_0317846b_fk_auth_perm" FOREIGN KEY (permission_id) REFERENCES public.auth_permission(id) DEFERRABLE INITIALLY DEFERRED;


--
-- Name: Chat_account_user_permissions Chat_account_user_permissions_account_id_b6538b32_fk; Type: FK CONSTRAINT; Schema: public; Owner: kenji
--

ALTER TABLE ONLY public."Chat_account_user_permissions"
    ADD CONSTRAINT "Chat_account_user_permissions_account_id_b6538b32_fk" FOREIGN KEY (account_id) REFERENCES public."Chat_account"(id) DEFERRABLE INITIALLY DEFERRED;


--
-- Name: Chat_accountfollowers Chat_accountfollowers_followed_id_id_e536dd2a_fk; Type: FK CONSTRAINT; Schema: public; Owner: kenji
--

ALTER TABLE ONLY public."Chat_accountfollowers"
    ADD CONSTRAINT "Chat_accountfollowers_followed_id_id_e536dd2a_fk" FOREIGN KEY (followed_id_id) REFERENCES public."Chat_account"(id) DEFERRABLE INITIALLY DEFERRED;


--
-- Name: Chat_accountfollowers Chat_accountfollowers_follower_id_id_5c08ad1a_fk; Type: FK CONSTRAINT; Schema: public; Owner: kenji
--

ALTER TABLE ONLY public."Chat_accountfollowers"
    ADD CONSTRAINT "Chat_accountfollowers_follower_id_id_5c08ad1a_fk" FOREIGN KEY (follower_id_id) REFERENCES public."Chat_account"(id) DEFERRABLE INITIALLY DEFERRED;


--
-- Name: Chat_blacklistabletoken Chat_blacklistabletoken_user_id_fa1e66c2_fk; Type: FK CONSTRAINT; Schema: public; Owner: kenji
--

ALTER TABLE ONLY public."Chat_blacklistabletoken"
    ADD CONSTRAINT "Chat_blacklistabletoken_user_id_fa1e66c2_fk" FOREIGN KEY (user_id) REFERENCES public."Chat_account"(id) DEFERRABLE INITIALLY DEFERRED;


--
-- Name: Chat_communitychat Chat_communitychat_account_email_id_d28f63eb_fk_Chat_acco; Type: FK CONSTRAINT; Schema: public; Owner: kenji
--

ALTER TABLE ONLY public."Chat_communitychat"
    ADD CONSTRAINT "Chat_communitychat_account_email_id_d28f63eb_fk_Chat_acco" FOREIGN KEY (account_email_id) REFERENCES public."Chat_account"(email) DEFERRABLE INITIALLY DEFERRED;


--
-- Name: Chat_filetable Chat_filetable_account_email_id_7a05bc7c_fk_Chat_account_email; Type: FK CONSTRAINT; Schema: public; Owner: kenji
--

ALTER TABLE ONLY public."Chat_filetable"
    ADD CONSTRAINT "Chat_filetable_account_email_id_7a05bc7c_fk_Chat_account_email" FOREIGN KEY (account_email_id) REFERENCES public."Chat_account"(email) DEFERRABLE INITIALLY DEFERRED;


--
-- Name: Chat_filetable Chat_filetable_folder_id_id_28e9c7c5_fk; Type: FK CONSTRAINT; Schema: public; Owner: kenji
--

ALTER TABLE ONLY public."Chat_filetable"
    ADD CONSTRAINT "Chat_filetable_folder_id_id_28e9c7c5_fk" FOREIGN KEY (folder_id_id) REFERENCES public."Chat_foldertable"(id) DEFERRABLE INITIALLY DEFERRED;


--
-- Name: Chat_foldertable Chat_foldertable_account_email_id_de359a9e_fk_Chat_acco; Type: FK CONSTRAINT; Schema: public; Owner: kenji
--

ALTER TABLE ONLY public."Chat_foldertable"
    ADD CONSTRAINT "Chat_foldertable_account_email_id_de359a9e_fk_Chat_acco" FOREIGN KEY (account_email_id) REFERENCES public."Chat_account"(email) DEFERRABLE INITIALLY DEFERRED;


--
-- Name: Chat_groupchat Chat_groupchat_account_email_id_4ffead1b_fk_Chat_account_email; Type: FK CONSTRAINT; Schema: public; Owner: kenji
--

ALTER TABLE ONLY public."Chat_groupchat"
    ADD CONSTRAINT "Chat_groupchat_account_email_id_4ffead1b_fk_Chat_account_email" FOREIGN KEY (account_email_id) REFERENCES public."Chat_account"(email) DEFERRABLE INITIALLY DEFERRED;


--
-- Name: Chat_groupchatuserslist Chat_groupchatusersl_group_ref_id_d5681915_fk_Chat_grou; Type: FK CONSTRAINT; Schema: public; Owner: kenji
--

ALTER TABLE ONLY public."Chat_groupchatuserslist"
    ADD CONSTRAINT "Chat_groupchatusersl_group_ref_id_d5681915_fk_Chat_grou" FOREIGN KEY (group_ref_id) REFERENCES public."Chat_groupchat"(group_name) DEFERRABLE INITIALLY DEFERRED;


--
-- Name: Chat_notepad Chat_notepad_account_email_id_74a4b2fa_fk_Chat_account_email; Type: FK CONSTRAINT; Schema: public; Owner: kenji
--

ALTER TABLE ONLY public."Chat_notepad"
    ADD CONSTRAINT "Chat_notepad_account_email_id_74a4b2fa_fk_Chat_account_email" FOREIGN KEY (account_email_id) REFERENCES public."Chat_account"(email) DEFERRABLE INITIALLY DEFERRED;


--
-- Name: Chat_post Chat_post_account_email_id_856339d3_fk_Chat_account_email; Type: FK CONSTRAINT; Schema: public; Owner: kenji
--

ALTER TABLE ONLY public."Chat_post"
    ADD CONSTRAINT "Chat_post_account_email_id_856339d3_fk_Chat_account_email" FOREIGN KEY (account_email_id) REFERENCES public."Chat_account"(email) DEFERRABLE INITIALLY DEFERRED;


--
-- Name: Chat_postcomment Chat_postcomment_account_email_id_2d3db98e_fk_Chat_acco; Type: FK CONSTRAINT; Schema: public; Owner: kenji
--

ALTER TABLE ONLY public."Chat_postcomment"
    ADD CONSTRAINT "Chat_postcomment_account_email_id_2d3db98e_fk_Chat_acco" FOREIGN KEY (account_email_id) REFERENCES public."Chat_account"(email) DEFERRABLE INITIALLY DEFERRED;


--
-- Name: Chat_postcomment Chat_postcomment_post_id_id_471c522b_fk; Type: FK CONSTRAINT; Schema: public; Owner: kenji
--

ALTER TABLE ONLY public."Chat_postcomment"
    ADD CONSTRAINT "Chat_postcomment_post_id_id_471c522b_fk" FOREIGN KEY (post_id_id) REFERENCES public."Chat_post"(id) DEFERRABLE INITIALLY DEFERRED;


--
-- Name: Chat_requesttable Chat_requesttable_account_email_id_0ae016fa_fk_Chat_acco; Type: FK CONSTRAINT; Schema: public; Owner: kenji
--

ALTER TABLE ONLY public."Chat_requesttable"
    ADD CONSTRAINT "Chat_requesttable_account_email_id_0ae016fa_fk_Chat_acco" FOREIGN KEY (account_email_id) REFERENCES public."Chat_account"(email) DEFERRABLE INITIALLY DEFERRED;


--
-- Name: Chat_savedpost Chat_savedpost_account_email_id_4c51ba82_fk_Chat_account_email; Type: FK CONSTRAINT; Schema: public; Owner: kenji
--

ALTER TABLE ONLY public."Chat_savedpost"
    ADD CONSTRAINT "Chat_savedpost_account_email_id_4c51ba82_fk_Chat_account_email" FOREIGN KEY (account_email_id) REFERENCES public."Chat_account"(email) DEFERRABLE INITIALLY DEFERRED;


--
-- Name: Chat_savedpost Chat_savedpost_post_id_478684cf_fk; Type: FK CONSTRAINT; Schema: public; Owner: kenji
--

ALTER TABLE ONLY public."Chat_savedpost"
    ADD CONSTRAINT "Chat_savedpost_post_id_478684cf_fk" FOREIGN KEY (post_id) REFERENCES public."Chat_post"(id) DEFERRABLE INITIALLY DEFERRED;


--
-- Name: auth_group_permissions auth_group_permissio_permission_id_84c5c92e_fk_auth_perm; Type: FK CONSTRAINT; Schema: public; Owner: kenji
--

ALTER TABLE ONLY public.auth_group_permissions
    ADD CONSTRAINT auth_group_permissio_permission_id_84c5c92e_fk_auth_perm FOREIGN KEY (permission_id) REFERENCES public.auth_permission(id) DEFERRABLE INITIALLY DEFERRED;


--
-- Name: auth_group_permissions auth_group_permissions_group_id_b120cbf9_fk_auth_group_id; Type: FK CONSTRAINT; Schema: public; Owner: kenji
--

ALTER TABLE ONLY public.auth_group_permissions
    ADD CONSTRAINT auth_group_permissions_group_id_b120cbf9_fk_auth_group_id FOREIGN KEY (group_id) REFERENCES public.auth_group(id) DEFERRABLE INITIALLY DEFERRED;


--
-- Name: auth_permission auth_permission_content_type_id_2f476e4b_fk_django_co; Type: FK CONSTRAINT; Schema: public; Owner: kenji
--

ALTER TABLE ONLY public.auth_permission
    ADD CONSTRAINT auth_permission_content_type_id_2f476e4b_fk_django_co FOREIGN KEY (content_type_id) REFERENCES public.django_content_type(id) DEFERRABLE INITIALLY DEFERRED;


--
-- Name: django_admin_log django_admin_log_content_type_id_c4bce8eb_fk_django_co; Type: FK CONSTRAINT; Schema: public; Owner: kenji
--

ALTER TABLE ONLY public.django_admin_log
    ADD CONSTRAINT django_admin_log_content_type_id_c4bce8eb_fk_django_co FOREIGN KEY (content_type_id) REFERENCES public.django_content_type(id) DEFERRABLE INITIALLY DEFERRED;


--
-- Name: django_admin_log django_admin_log_user_id_c564eba6_fk; Type: FK CONSTRAINT; Schema: public; Owner: kenji
--

ALTER TABLE ONLY public.django_admin_log
    ADD CONSTRAINT django_admin_log_user_id_c564eba6_fk FOREIGN KEY (user_id) REFERENCES public."Chat_account"(id) DEFERRABLE INITIALLY DEFERRED;


--
-- Name: token_blacklist_blacklistedtoken token_blacklist_blacklistedtoken_token_id_3cc7fe56_fk; Type: FK CONSTRAINT; Schema: public; Owner: kenji
--

ALTER TABLE ONLY public.token_blacklist_blacklistedtoken
    ADD CONSTRAINT token_blacklist_blacklistedtoken_token_id_3cc7fe56_fk FOREIGN KEY (token_id) REFERENCES public.token_blacklist_outstandingtoken(id) DEFERRABLE INITIALLY DEFERRED;


--
-- Name: token_blacklist_outstandingtoken token_blacklist_outstandingtoken_user_id_83bc629a_fk; Type: FK CONSTRAINT; Schema: public; Owner: kenji
--

ALTER TABLE ONLY public.token_blacklist_outstandingtoken
    ADD CONSTRAINT token_blacklist_outstandingtoken_user_id_83bc629a_fk FOREIGN KEY (user_id) REFERENCES public."Chat_account"(id) DEFERRABLE INITIALLY DEFERRED;


--
-- PostgreSQL database dump complete
--

